Lemma,Grundform
Span,"['#spanen', 'Einschürspan', 'Grünspaner', 'Hobelspäne', 'Kienspäne', 'Span, herausgehauter', 'Späne', 'Späne machen', 'Sägespäne', 'Sägspäne', 'anspanen', 'ausspanen', 'einspanen', 'grünspanig']"
Geige,"['(Leviten) geigen', 'Bettelgeige', 'Bettelgeiger', 'Gegeig', 'Hohlweggeiger', 'Leiereigeiger', 'Leviten geigen', 'Totengeiger', 'Zupfgeige', 'aftergeigen', 'eingeigen', 'geigen', 'heimgeigen', 'herumgeigen', 'zusammengeigen']"
gelten,"['1xgültig', 'Mustergültiger', 'abgelten', 'hochgültig', 'vergelten']"
28,['28er']
sechs,"['60er', 'Sechser']"
F,['A und F']
Pflaster,"['A-B-C-Pflaster', 'Gepflaster', 'Hofpflastern', 'Zerrpflaster', 'Zugpflaster', 'gepflastert', 'hinpflastern', 'pflastern', 'zusammenpflastern']"
fliegen,"['A-B-Fliege', 'Ahornflieger', 'Anflug', 'Brummfliege', 'Eintagsfliege', 'Fleischfliege', 'Fliege', 'Flieger', 'Gaulsfliege', 'Geflieg', 'Hereingeflogene', 'Hereingeflogener', 'Kohlflieger', 'Kuhfliege', 'Kühefliege', 'Schmeißfliege', 'Schweißfliege', 'Stallfliege', 'Stechfliege', 'Taubfliege', 'abgeflogen', 'angeflogen', 'auffliegen', 'ausfliegen', 'befliegen', 'blinde Fliege', 'fortfliegen', 'herunterfliegen', 'taube Fliege', 'umfliegen', 'verfliegen', 'vorfliegen', 'wegfliegen', 'zufliegen', 'zum Koppen fliegen']"
Abort,"['A-B-Papier', 'Abortpapier']"
Mann,"['A-Mannschaft', 'Ab- und Aufmännlein', 'Ascherkübelmänner', 'Aschermänner', 'Bettelmann', 'Bettelmänner', 'Bollermänner', 'Bützigmänner', 'Dreckmänner', 'Feuermänner', 'Feuriges Männlein', 'Gedingemann', 'Gemüsmann', 'Gevattermänner', 'Gewürzmann', 'Graues Männlein', 'Guten-Tag-Männlein', 'Heinzelmännerich', 'Kehrichmänner', 'Kehrichtmänner', 'Kübelmänner', 'Manna', 'Reitermann', 'Schuttmänner', 'abmanneln', 'armer Mann', 'aufmandeln', 'aufmanneln, sich', 'aufmänneln', 'aufmänneln, sich', 'bettelmannisch', 'ehrliche Männer', 'entmannen', 'feuriges Männlein', 'mannig', 'männlich', 'übermannen']"
klopfen,"['ABC-Klopfen', 'Abklopfer', 'Anklopfer', 'Anklopfet', 'Ausklopfer', 'Bettausklopfer', 'Bettklopfer', 'Bierklopfer', 'Eisklopfer', 'Fleischklopfer', 'Karfreitagsklopfer', 'Klopfer', 'Kloppe', 'Klopper', 'Klupfer', 'Kotelettklopfer', 'Rohrklopfer', 'Schnitzelklopfer', 'Schollenklopfer', 'Schollenklopper', 'Schrollenklopfer', 'Sprüchklopfer', 'Steinklopfer', 'Teppichausklopfer', 'Teppichklopfer', 'Wäscheklopfer', 'abklopfen', 'anklopfen', 'ausklopfen', 'beklopft', 'durchklopfen', 'geklopft', 'verklopfen', 'verkloppen', 'zerklopfen', 'zusammenklopfen']"
Arbeit,"['Abarbeiten', 'Arbeiten', 'Arbeiter', 'Arbeitslohn', 'Bahnarbeiter', 'Bauernarbeiter', 'Blitzarbeiter', 'Feierabendarbeiter', 'Forstarbeiter', 'Fremdarbeiter', 'Gastarbeiter', 'Gelegenheitsarbeiter', 'Gemeindearbeiten', 'Handarbeiter', 'Heckenarbeiter', 'Holzarbeiter', 'Kulturarbeiter', 'Nebenerwerbsarbeiter', 'Waldarbeiter', 'Zuarbeiter', 'abarbeiten', 'abarbeiten, sich', 'abgearbeitet', 'anarbeiten', 'arbeiten', 'arbeitsam', 'aufarbeiten', 'aufarbeiten, sich', 'aufgearbeitet', 'ausarbeiten', 'ausgearbeitet', 'bearbeiten', 'derarbeiten', 'durcharbeiten', 'emporarbeiten', 'emporarbeiten, sich', 'erarbeiten', 'gearbeitet', 'herabarbeiten', 'heraufarbeiten', 'herumarbeiten', 'herunterarbeiten', 'hinanarbeiten', 'hinaufarbeiten', 'hineinarbeiten', 'hocharbeiten', 'in die Höhe arbeiten, sich', 'umarbeiten', 'verarbeiten', 'voranarbeiten', 'vorarbeiten', 'vürarbeiten', 'wegarbeiten', 'zusammenarbeiten', 'zusammengearbeitet']"
beten,"['Abbeten', 'Aufbeten', 'Beter', 'Gebet', 'Gesundbeter', 'Hasenleichtbeter', 'Leichenbeter', 'Leichtbeter', 'Läutebeter', 'Vorbeter', 'Vorbeterin', 'abbeten', 'abgebeten', 'anbeten', 'derbeten', 'herunterbeten', 'verbeten']"
binden,"['Abbinden', 'Achsband', 'Achselband', 'Achsstockband', 'Angebind', 'Angebinde', 'Angebindetes', 'Band', 'Bandkette', 'Bauchband', 'Bauchbinde', 'Beckenband', 'Besenbinder', 'Binde', 'Binder', 'Bindern', 'Bindling', 'Bürdenbinder', 'Bürstbinder', 'Bürstenbinder', 'Dockenband', 'Dörrband', 'Einbindband', 'Eindrehband', 'Einwickelband', 'Entbindung', 'Fasselbinder', 'Fatschband', 'Fatschbinde', 'Garbband', 'Garbenband', 'Garbenbinder', 'Gebinde', 'Geißband', 'Getreideband', 'Halsband', 'Halsbinde', 'Hanfseilband', 'Hopfenband', 'Hopfenbänder', 'Hutband', 'Industrieband', 'Jochband', 'Juteband', 'Kerbenbinder', 'Kettenhalsband', 'Kinderwickelband', 'Kopfband', 'Kornband', 'Kufenband', 'Leibbinde', 'Mittelbinder', 'Mutterband', 'Nabelbinde', 'Pfatschband', 'Qualitätsband', 'Rastbinder', 'Reißband', 'Reklame-Papierband', 'Samtband', 'Schildscheitband', 'Schnurrenbinde', 'Schüttbinder', 'Seegrasband', 'Selbstbinder', 'Sisalband', 'Spreizband', 'Stirnbinder', 'Strickband', 'Strohband', 'Strohbinder', 'Strohpressbinder', 'Strohsband', 'Tragband', 'Türband', 'Verbindung', 'Weidenband', 'Wetterband', 'Wickelband', 'Wickelbinde', 'Wiegenband', 'Zigarrenbauchbinde', 'Zigarrenbinde', 'Zugverband', 'abbinden', 'abgebunden', 'anbandeln', 'anbandeln, sich', 'anbinden', 'anbändeln', 'aufbinden', 'bindern', 'einbinden', 'einen schönen aufbinden', 'entbinden', 'gebunden', 'herabbindern', 'herunterbinden', 'hinterbinden', 'umbinden', 'umgebinden', 'verbunden', 'wegbinden', 'wegbindern', 'zubendeln', 'zubinden', 'zugebunden', 'zurückbinden', 'zusammenbinden', 'zusammengebunden', 'Ösenband']"
bitten,"['Abbitte', 'Abbitten', 'Bitte', 'Leichenbitter', 'abbitteln', 'abbitten', 'erbitten']"
brennen,"['Abbrennen', 'Abgebrannter', 'Anbrenne', 'Anbrennig', 'Angebrannte', 'Angebrannter', 'Aufgebrannter', 'Brenner', 'Dauerbrenner', 'Einbrenne', 'Einbrennes', 'Einbrennig', 'Eingebranntes', 'Eingebrennetes', 'Gemüseeinbrenne', 'Hausbrand', 'Herabgebrannter', 'Kohlebrenner', 'Mehleinbrenne', 'Mehleinbrennig', 'Mordbrenner', 'Mordsbrenner', 'Spanbrenner', 'Sparbrenner', 'Spänbrenner', 'Spänebrenner', 'Verbrannter', 'Wutbrenner', 'abbrennen', 'abgebrannt', 'anbrenneinet', 'anbrennen', 'anbrennen, sich', 'angebrannt', 'aufbrennen', 'aufgebrannt', 'ausbrennen', 'ausgebrannt', 'ausgebrennt', 'brenzlig', 'durchbrennen', 'eingebrannt', 'gebrannt', 'herunterbrennen', 'heruntergebrannt', 'verbrannt', 'verbrennen', 'wegbrennen']"
brechen,"['Abbruch', 'Anbruch', 'Apfelbrecher', 'Apfelsbrecher', 'Aufbruch', 'Bahnbrecher', 'Breche', 'Brüchling', 'Durchbruch', 'Einbrecher', 'Halsbrecher', 'Schneebrecher', 'Schussbrecher', 'Steinbrecher', 'Steinbrüchler', 'Umbrechen', 'Umbrechung', 'Umbruch', 'Zahnbrecher', 'Zähnebrecher', 'abbrechen', 'abbrüchig', 'abgebrochen', 'abgebrochig', 'anbrechen', 'anbrüchig', 'angebrochen', 'aufbrechen', 'ausbrechen', 'blutbrüchig', 'brüchig', 'durchbrechen', 'durchgebrochen', 'einbrechen', 'gebrechlich', 'gebrochen', 'herabbrechen', 'herabgebrochig', 'radbrüchig', 'rotbrüchig', 'umbrechen', 'umgebrechen', 'umgebrochen', 'ungebrochen', 'ununterbrochen', 'verbrochen', 'widerbrüchig', 'zerbrechen', 'zusammenbrechen']"
Brand,"['Abbrändler', 'Brandige', 'Brändler', 'Einbrand', 'angebrandelt', 'brandig']"
Butz,"['Abbutz', 'Abbutzet', 'Abbutzig', 'Abbützig', 'Abfallbützig', 'Adamsbutzen', 'Apfelbutzen', 'Aprilbutzen', 'Ausbutzig', 'Barnbützig', 'Birnenbutzen', 'Butzdig', 'Butze', 'Butzen und Stiel', 'Butzenhiefe', 'Butzer', 'Butzicht', 'Butzig', 'Bäumebützig', 'Bütze', 'Bützig', 'Erdapfelbutzen', 'Erdbirnbützig', 'Erdbirnenbützig', 'Erdäpfelbutzen', 'Erdäpfelsbutz', 'Frühjahrsbutzen', 'Gebutzig', 'Gebütz', 'Gebütze', 'Gebützig', 'Gemüsebutzen', 'Gemüsebutzig', 'Gemüsegebützig', 'Geputzig', 'Gewitterbutze', 'Gewitterbutzen', 'Grasbutzen', 'Haarbutzen', 'Hagebutze', 'Hagebutzer', 'Hagelbutze', 'Heubützig', 'Hängebutze', 'Krenbützig', 'Maienbutzen', 'Pfandbutzen', 'Rasenbutzen', 'Schauerbutzen', 'Schlehenbutzen', 'Schneebutzen', 'Wasenbutzen', 'Wegbutzig', 'Zusammenbutzig', 'hineinbutzen', 'verbutzen', 'verbutzt', 'zusammenbutzen', 'Äpfelbutzen']"
Dank,"['Abdanken', 'Dankbarkeit', 'abdanken', 'bedanken', 'danken']"
decken,"['Abdecker', 'Balkendecke', 'Bodendecker', 'Decke', 'Doppeldecker', 'Eisdecke', 'Grasdecke', 'Holzdecke', 'Knittereisdecke', 'Rasendecke', 'Schieferdecker', 'Strohdecke', 'Wachsdeckener', 'Zudecke', 'abdecken', 'bedecken', 'bedeckt', 'eindecken', 'gedeckt', 'zudecken']"
Rasen,"['Abdeckrasen', 'Rasig', 'Rasur', 'anrasen', 'verrasent', 'verrast', 'verwast']"
dingen,"['Abding', 'Andinger', 'Ausbeding', 'Ausding', 'Ausdingig', 'Ausgeding', 'Dinger', 'Eindinger', 'Eingedingte', 'Geding', 'Knechteverdinger', 'Leibgeding', 'Mägdeverdinger', 'Verdinger', 'Verdingerin', 'abdingen', 'andingen', 'ausdingen', 'eindingen', 'unbedingt', 'verdingen']"
drücken,"['Abdruck', 'Andruck', 'Ausdruck', 'Drücker', 'Eindruck', 'Grundbirnendrücker', 'Hinterdrückstmich', 'Stopferdrücker', 'abdrücken', 'abgedrückt', 'andrücken', 'aufdrücken', 'ausdrücken', 'ausdrücken, sich', 'ausdrücklich', 'drucksen', 'drückebergern', 'durchdrücken', 'durchdrücken, sich', 'eindrücken', 'erdrücken', 'gedruckt', 'gedrückt', 'herunterdrücken', 'hindrücken', 'unterdrücken', 'unterdrückt', 'verdrücken', 'verdrücken, sich', 'zerdrücken', 'zerdrückt', 'zusammendrücken']"
Datsch,"['Abdätschig', 'Apfeldätscher', 'Bettelmannsdatsch', 'Brotdatscher', 'Datsche', 'Datscher', 'Ditscher', 'Dotsche', 'Dutsche', 'Dutscher', 'Dätsche', 'Dätscher', 'Dütsche', 'Erdbirndatsche', 'Erdbirnendatsche', 'Erdäpfeldätsch', 'Erdäpfelsdotsche', 'Erdäpfelsdätsch', 'Erdäpfelsdätsche', 'Erdäpfelsdätscher', 'Gedatschte', 'Grundbirndatsche', 'Grundbirnendatsche', 'Grundbirnendatscher', 'Kartoffeldatsche', 'Kartoffeldatscher', 'Kartoffeldätscher', 'Kartoffelsdätscher', 'Luckidätsche', 'Reibdatsche', 'Reibedatsch', 'Reibedotsch', 'Reibedätsche', 'Reibedätscher', 'Reiberdatsch', 'Reiberdatsche', 'Reiberdatscher', 'Reiberdätsch', 'Rohe Dütschlein', 'Wasserdatsche', 'derdatscht', 'dätschig']"
Futter,"['Abendfüttern', 'Abfüttern', 'Beifutter', 'Einfuttern', 'Einfüttern', 'Futterage', 'Füttergrundbirne', 'Füttering', 'Füttern', 'Fütterung', 'Gemischtfutter', 'Infütter', 'Ingefutter', 'Ingefütter', 'Nassfütterung', 'Reitfutter', 'Saufutterage', 'Säufutterage', 'Trockenfütterung', 'Unterfutter', 'Vorfutter', 'Weichfütterung', 'Zusatzfutter', 'abendfüttern', 'abfüttern', 'anfuttern', 'ausfuttern', 'einfuttern', 'eingeweichtes Futter', 'fettfüttern', 'futtern', 'füttern', 'gefüttert', 'geknietschtes Futter', 'kuhfüttern', 'kühfüttern', 'stallfüttern', 'verfüttern', 'verfüttert', 'viehfüttern', 'zusammengemachtes Futter']"
Abend,"['Abendmahlengast', 'auf Abend', 'zu Abend']"
Mahl,"['Abendmahler', 'Abendmahlgehner', 'Abschneidersmahl', 'Abschneidmahl', 'Nachtmahlleite', 'Nachtmahlsgast', 'abendmahlgehen']"
gehen,"['Abendmahlgeher', 'Abgang', 'Ausgeher', 'Bittgänger', 'Blindgänger', 'Draufgeher', 'Draufgänger', 'Durchgang', 'Ebengänger', 'Einzelgänger', 'Fortgehen', 'Fremdgeher', 'Fremdgänger', 'Gehörgang', 'Hergehiger', 'Hingehwärts', 'Kiltgeher', 'Kirchgänger', 'Losgänger', 'Marktgeher', 'Marktgänger', 'Nebenhinausgeher', 'Nebenhinausgehner', 'Umgang', 'Umgeher', 'Umgänger', 'Wallgänger', 'Widergang', 'Zugegangener', 'Zusammengegangene', 'abgehen', 'abgängig', 'an jemanden gehen', 'angegangen', 'angehen', 'auf Christkindlein zugehen', 'auf Grawitschko gehen', 'auf Weihnachten zugehen', 'auf den Herbst darauf zugehen', 'auf den Herbst hineingehen', 'auf den Herbst zugehen', 'auf den Leim gehen', 'aufeinandergehen', 'aufgehen', 'aufgehen lassen', 'aufwärtsgehen', 'auseinandergehen', 'ausgegangen', 'ausgehen', 'außenherumgehen', 'begehen', 'beigehen', 'bergeingehen', 'dem Ende zugehen', 'dem Geschirr hinein gehen', 'dergehen', 'durcheinandergehen', 'durchgehen', 'eingegangen', 'eingehen', 'entgehen', 'entzweigehen', 'fort gehen', 'fortgehen', 'gegen den Herbst gehen', 'geh', 'geh zu', 'gehen (in Fügung: auf die Seite gehen', 'gehen, über', 'gesät', 'gängig', 'hergehen', 'herumgehnet', 'herumgängstern', 'heruntergehen', 'hin- und hergehen', 'hinausgehen lassen', 'hingehen', 'hingehwärts', 'hininternach gehen', 'hinten hineingehen', 'hintennach gehen', 'hinterdrein gehen', 'hintergehen', 'hinterher gehen', 'hinternach gehen', 'hinuntgehen', 'in das Pissen gehen', 'in den Herbst eingehen', 'in den Herbst hineingehen', 'in den Stall gehen', 'in den Strang gehen', 'in den Winter zugehen', 'in die Stränge gehen', 'ins Geschirr gehen', 'ins Geschirr hinein gehen', 'ins Zeug gehen', 'irregehen', 'irrgehen', 'kurzgängig', 'losgehen', 'mitgehen', 'nach hause gehen', 'nachgehen', 'umeinander gehen', 'umeinandergehen', 'umgehen', 'umgehend', 'ungerade gehen', 'unrecht gehen', 'untergehen', 'vergangen', 'vergehen', 'vergänglich', 'vorgehen', 'vorwärtsgehen', 'weggehen', 'zergehen', 'zueinander hinangehen', 'zugehen', 'zugehen auf', 'zum Bullen gehen', 'zurückgehen', 'zurückgehen lassen', 'zusammengegangen', 'zusammengehen']"
Gast,"['Abendmahlsgäste', 'Nachtmahlsgäste', 'Ungast']"
Leute,"['Abendsmahlleute', 'Becken-Leute', 'Beerleute', 'Beichtleute', 'Bettelleute', 'Hemdenleuter', 'Leuteverärgerer', 'Nachtmahler', 'Nachtmahlleute', 'Schuttkübelleerer', 'leutlich', 'leutselig']"
Stück,"['Abendstücken', 'Ausraufstück', 'Bekleidungsstück', 'Erbstück', 'Gewendstück', 'Grundbirnenstücke', 'Kartoffelstücker', 'Stücker', 'Vorstück', 'abendstücken', 'frühstücken', 'gebratene Grundbirnenstücke', 'in Stücklein', 'stücken']"
glauben,"['Aberglauben', 'Ahnferleinsglaube', 'Gläubige']"
Grummet,"['Abergrummet', 'Aftergrummet', 'Afterig-Grummet', 'Grummet, aus einer Mulde', 'Nachgrummet', 'Nachgrummet, das']"
Saat,"['Abersaat', 'Absaat', 'Aftersaat', 'Ansaat', 'Einsaat', 'Nachsaat', 'Sä-Erdäpfel', 'Untersaat', 'Zwischensaat', 'erste Saat']"
fahren,"['Abfahrt', 'Abfuhr', 'Ackerfuhre', 'Bachfuhre', 'Bierfahrer', 'Bierwägeleinfahrer', 'Binsenfuhre', 'Bittfuhre', 'Brautfuhre', 'Bräutfuhre', 'Dreckfahrer', 'Durchfuhre', 'Einfuhre', 'Eingefahrene', 'Erdbirnfuhre', 'Fahre', 'Fahrer', 'Fuhre', 'Fähre', 'Fähring', 'Führe', 'Gefahr', 'Gefährt', 'Getreidefuhre', 'Gäulsfuhre', 'Heufuhre', 'Hohlfuhre', 'Holzfuhre', 'Kehrichtfahrer', 'Kreuzfuhre', 'Kübelfahrer', 'Kühfuhre', 'Langholzfuhrwerk', 'Marktfahrer', 'Maschinenfahrer', 'Mistfuhre', 'Mordsfuhre', 'Müllabfuhrer', 'Müllabfuhrerer', 'Müllfahrer', 'Ochsenfuhre', 'Radfahrer', 'Randausfahrer', 'Rangeleinsfuhre', 'Rumpelfuhre', 'Schubkarrensfuhre', 'Schuttfahrer', 'Schüttfahrer', 'Strohfahrer', 'Strohfuhre', 'Wagenfuhre', 'Waldfuhre', 'Wallfahrer', 'Wasserfuhre', 'Wiesenfuhre', 'Wildfuhre', 'Zelgfuhre', 'Zusammengefahrene', 'abfahren', 'abfahren (lassen)', 'anfahren', 'angefahren', 'auffahren', 'ausfahren', 'ausgefahren', 'durchfahren', 'einfahren', 'erfahren', 'fortfahren', 'herfahren', 'herumfuhren', 'hin- und herfahren', 'hinfahren', 'hinterfahren', 'losfahren', 'mitfahren', 'vorfahren', 'wegfahren', 'widerfahren', 'zerfahren', 'zufahren', 'zusammenfahren', 'zusammengefahren']"
Zeichen,"['Abfahrtszeichen', 'Abzeichen', 'Bezeichnung', 'Zeichnung', 'angezeichent', 'angezeichet', 'angezeichnet', 'anzeicheln', 'anzeichen', 'anzeichnen', 'ausgezeichnet', 'auszeichen', 'auszeichnen', 'bezeichnen', 'gezeichet', 'gezeichnet', 'vorzeichnen', 'zeichern']"
fallen,"['Abfall', 'Abfallet', 'Abfallholz', 'Abfallreisig', 'Abfälle', 'Abfällig', 'Abgefallene', 'Abgefallenes', 'Anfall', 'Ausfall', 'Ausgefallenes', 'Ausgefallig', 'Ausgefalliges', 'Durchfall', 'Durchfaller', 'Einfallen', 'Flöhfalle', 'Gefallene', 'Gefallenes', 'Gefälle', 'Gemüsabfall', 'Gemüseabfall', 'Gemüseabfälle', 'Getreideausfall', 'Herabgefallen', 'Heruntergefallenes', 'Missfall', 'Niederfalle', 'Reinfall', 'Seegefallene', 'Tennfallig', 'Umfallen', 'Umfaller', 'Wegfall', 'abfallen', 'abfällig', 'abgefallen', 'abgefallig', 'anfallen', 'anfällig', 'auffallen', 'auffällig', 'aus dem Rahmen fallen', 'aus der Reihe fallen', 'ausfallen', 'ausgefallen', 'ausgefallig', 'durchfallen', 'durchfällig', 'einfallen', 'eingefallen', 'entfallen', 'gefalle', 'gefallig', 'herabgefallig', 'herfallen', 'herunterfallen', 'heruntergefallen', 'heruntergefallig', 'hinfallen', 'hinfallet', 'hinfällig', 'in die Arme fallen', 'um den Hals fallen', 'umfallen', 'umgefallen', 'unauffällig', 'verfallen', 'vorfallen', 'zerfallen', 'zusammenfallen', 'zusammengefallen']"
Friedrich,"['Abfallfritzen', 'Bratwurstfritze', 'Dreckfritzen', 'Frieder', 'Friederich', 'Pomadenfritze', 'Quasselfritze', 'Vetter Frieder']"
kehren,"['Abfallkehrich', 'Abkehrig', 'Auskehrich', 'Bekehrer', 'Bettelmanns Umkehr', 'Einkehr', 'Einkehre', 'Grundbirnenkehrich', 'Kehre', 'Kehrich', 'Kehricht', 'Kehrichter', 'Kehrung', 'Pauli Bekehrung', 'Pauls Bekehrung', 'Schulkehrer', 'Tennenkehrich', 'Tennenkehricht', 'Umkehre', 'Verkehrte', 'Verkehrter', 'Verkhertseite', 'Wiederkehrer', 'Zusammengekehrtes', 'Zusammenkehr', 'Zusammenkehret', 'Zusammenkehretes', 'Zusammenkehrich', 'Zusammenkehricht', 'abkehren', 'ankehren', 'aufkehren', 'auskehren', 'einkehren', 'umgekehrt', 'umkehren', 'umverkehrt', 'verkehren', 'verkehrt', 'verkehrte', 'verkehrte Drossel', 'verkehrte Röhre', 'zusammenkehren', 'Überkehre', 'Überkehrer', 'Überkehrich']"
Obst,"['Abfallobst', 'Auflesobst']"
fangen,"['Abfanger', 'Anfang', 'Anfänger', 'Angefangtes', 'Auffanger', 'Ballenfanger', 'Dreckfänger', 'Fänge', 'Gefangenschaft', 'Heringsfänger', 'Mückenfänger', 'Rattenfänger', 'Ratzenfänger', 'Schlangenfänger', 'Schneefänger', 'Tropfenfänger', 'Verfangeleins', 'Wasserfanger', 'Zeisigleinsfänger', 'abfangen', 'anfliegen', 'anfrieren', 'angefangen', 'angefangensig', 'angefangt', 'ausfangen', 'derfangen', 'derfangen, sich', 'einfangen', 'gefangen', 'herunterfangen', 'umfangen', 'unterfangen', 'verfangen', 'verfangen, sich', 'wegfangen', 'zusammenfangen']"
Feim,"['Abfeim', 'Feimen', 'Schaumfeimer', 'abfeimen', 'abgefeimt', 'anfeimen, sich', 'einfeimen', 'feimeln', 'feimen', 'herunterfeimen']"
fett,"['Abfeimfett', 'Abschälfett', 'Abschöpffett', 'Abschöpffette(n)', 'Fette', 'Fetten', 'Fetter', 'Fetthenne', 'Kesselfetten', 'abfetten', 'anfetten', 'einfetten', 'eingefettet', 'fetten', 'fettig']"
Löffel,"['Abfeimlöffel', 'Abrahmlöffel', 'Abschaumlöffel', 'Abschaumsieblöffel', 'Abschöpflöffel', 'Abseihlöffel', 'Anrichtlöffel', 'Anziehlöffel', 'Aufgießlöffel', 'Kochelöffel', 'Kochlöffel', 'Konlöffel', 'Quirl-Löffelein', 'Vorlegelöffel', 'ablöffeln', 'auslöffeln', 'löffeln', 'zusammenlöffeln']"
finden,"['Abfindung', 'Findling', 'abfinden', 'ausfindig machen', 'derfinden', 'erfinden', 'gefunden', 'vorfinden']"
Weg,"['Abfuhrweg', 'Anliegerweg', 'Dreckweg', 'Fahrweg', 'Fuhrweg', 'Fußweg', 'Gehweg', 'Gickerleinsweg', 'Grasweg', 'Grenzweg', 'Haseweg', 'Heckenweg', 'Heimweg', 'Hohlweg', 'Holzweg', 'Hängweg', 'Höhlweg', 'Judenweg', 'Jägersweg', 'Kirchenweg', 'Kreuzweg', 'Lausweg', 'Läuseweg', 'Läusweg', 'Metzgersweg', 'Mähnweg', 'Pirschweg', 'Scheidweg', 'Schlagweg', 'Schleichweg', 'Schleifweg', 'Schleusenweg', 'Schlichtweg', 'Schluchtweg', 'Seitenweg', 'Sollweg', 'Spitzbubenweg', 'Stadtweg', 'Umweg', 'Waldweg', 'Weg', 'Wege', 'Weglen', 'Wiesenweg', 'Winterleitenweg', 'Wurzelweg', 'abwegig', 'aus dem Weg gehen', 'durchwegs', 'gradeweg', 'tiefer Weg', 'unentwegt', 'unterwegs', 'zu Wege (bringen)', 'zuwege']"
führen,"['Abführen', 'Anführer', 'Anführerin', 'Betriebsführer', 'Brautausführer', 'Brautführer', 'Bräutelführer', 'Dampferführer', 'Dampfmaschinenführer', 'Dreschmaschinenführer', 'Führer', 'Führung', 'Hundführer', 'Lokführer', 'Lokomotivführer', 'Maschinenführer', 'Maschinführer', 'Rädelführer', 'Rädelsführer', 'Rädleinsführer', 'Rückgeführter', 'Spielführer', 'Streitführer', 'Wortführer', 'abführen', 'am Narrenseil herumführen', 'an der Nase herumführen', 'anführen', 'aufführen', 'aufführen, sich', 'ausführen', 'ausgeführt', 'hinters Licht führen', 'irreführen', 'irrführen', 'um das Licht herumführen', 'verführen', 'wegführen', 'zuführen', 'zur Irre führen', 'Überführung']"
geben,"['Abgabe', 'Angeber', 'Angeberer', 'Angeberin', 'Arbeit geben', 'Aufgabe', 'Auftrag geben', 'Ausgeben', 'Begebenheit', 'Beigabe', 'Bekanntgabe', 'Draufgabe', 'Dreingabe', 'Drübergabe', 'Eingeben', 'Gabe', 'Gabenhausen', 'Gebenhausen', 'Gebenshausen', 'Geber', 'Geberhausen', 'Gebersbach', 'Gebersberg', 'Gebersdorf', 'Gebersgrün', 'Gebershausen', 'Gebersreuth', 'Gebertsdorf', 'Gebertshausen', 'Gebertshäuser', 'Gebgern', 'Gebhausen', 'Gebig', 'Herausgabe', 'Hingebets', 'Hofübergabe', 'Kirchenabgabe', 'Kleingebingen', 'Korb geben', 'Liebesgabe', 'Mitgebig', 'Ruhe', 'Tonangeber', 'Zugabe', 'abgeben', 'abgeben, sich', 'achtgeben', 'angeben', 'angeben, sich', 'angeberisch', 'angebet', 'ausgeben', 'begabt', 'beigeben', 'dergeben, sich', 'eingeben', 'freigebig', 'freigiebig', 'hergeben', 'hergeben, sich', 'mitgeben', 'nachgeben', 'nachgiebig', 'umgeben, sich', 'unnachgiebig', 'vergebens', 'vorgeben', 'zugeben', 'zurückgeben', 'Übergabe']"
brühen,"['Abgebrühter', 'Adelbrühe', 'Anbrühe', 'Anbrühen', 'Anbrühig', 'Anbrühtig', 'Angebrühtes', 'Arschbrühe', 'Aufwaschbrühe', 'Dreckbrühe', 'Einbrühe', 'Eingebrühtes', 'Eisbrühe', 'Essigbrühe', 'Fettbrühe', 'Fleischbrühe', 'Fläubrühe', 'Fröschbrühe', 'Gebrühtes', 'Gretelbrühe', 'Hadelwaschbrühe', 'Hasenbrühe', 'Kaffeebrühe', 'Kartoffelbrühe', 'Kesselbrühe', 'Kletzenbrühe', 'Kloßbrühe', 'Klößbrühe', 'Klößebrühe', 'Knödelbrühe', 'Knödeleinsbrühe', 'Käsbrühe', 'Käsebrühe', 'Lapperbrühe', 'Larifaribrühe', 'Laugenbrühe', 'Läpperigbrühe', 'Lühbrühe', 'Mistbrühe', 'Mistbrühensaufer', 'Pritschbrühe', 'Quetschenbrühe', 'Sauere Brühe', 'Schimmelbrühe', 'Schleifsteinbrühe', 'Schlotbrühe', 'Schnorrenbrühe', 'Schwetzelbrühe', 'Seifenbrühe', 'Soßbrühe', 'Suppenbrühe', 'Säu-Einbrühe', 'Süttbrühe', 'Wachtelbrühe', 'Wäschbrühe', 'Wäschebrühe', 'abbrühen', 'abgebrüht', 'anbrühen', 'angebrüht', 'aufbrühen', 'brühtig', 'gebrühen', 'gebrüht', 'verbrüht']"
drehen,"['Abgedrehter', 'Affendreher', 'Andrehe', 'Andrehen', 'Andreher', 'Aufdreher', 'Ausgedrehte', 'Bremsdreher', 'Dorndreher', 'Dornendreher', 'Drehe', 'Dreher', 'Durchgedrehte', 'Eindreh', 'Eindreher', 'Feilsperrdrehe', 'Gedrehte', 'Gedrehter', 'Gedrehtes', 'Herabgedrehte', 'Hinaufgedrehter', 'Kerzendreher', 'Masseldrehter', 'Nudeldreher', 'Rechtsverdreher', 'Schleifdreher', 'Schnurrendreher', 'Schraubendreher', 'Selbergedrehte', 'Selbstgedrehte', 'Verdrehter', 'Windendreher', 'Zudrehe', 'Zudreher', 'Zusammengedrehter', 'abdrehen', 'abgedreht', 'andrehen', 'angedreht', 'aufdrehen', 'aufdrehen, sich', 'ausdrehen', 'ausdrehern', 'drehbar', 'durchdrehen', 'durchgedreht', 'eindrehen', 'gedreht', 'gedrehtig', 'herumgedreht', 'herunterdrehen', 'hindrehen', 'umdrehen', 'umgedreht', 'umhingedreht', 'verdrehen', 'verdreht', 'wegdrehen', 'zudrehen', 'zugedreht', 'zusammendrehen', 'zusammengedreht']"
dreschen,"['Abgedroschene', 'Abgedroschenes', 'Abgedroschiges', 'Ausdrusch', 'Ausgedroschen', 'Backofendrescher', 'Breitdrescher', 'Dampfdresche', 'Dampfdrescher', 'Dampferdrescher', 'Dresche', 'Drescher', 'Dreschführer', 'Drischeldrescher', 'Gedresch', 'Hineingedroschene', 'Mähdrescher', 'Scheuerdrescher', 'Scheuerendrescher', 'Scheundrescher', 'Scheunendrescher', 'Scheurendrescher', 'Stadeldrescher', 'Stiftendrescher', 'abdreschen', 'abdreschen, sich', 'abgedreschen', 'abgedrescht', 'abgedroschen', 'abgedroschig', 'abgedroschnig', 'ausdreschen', 'ausgedroschen', 'derdreschen', 'durchdreschen', 'durchgedroschen', 'herdreschen', 'herumdreschen', 'herunterdreschen', 'mähdreschern', 'verdreschen', 'verdrescht', 'zusammendreschen']"
hacken,"['Abgehackte', 'Angehacktes', 'Anhacken', 'Aushackig', 'Baumhacker', 'Beilhacker', 'Betthacke', 'Breithacke', 'Dreispitzhacke', 'Eingehacktes', 'Einhacke', 'Einhackig', 'Eishacke', 'Eishacker', 'Feldhacke', 'Fleischhacker', 'Furchhacke', 'Gartenhacke', 'Gehacktes', 'Gehäck', 'Gehäckseltes', 'Genaubehacker', 'Haberhacker', 'Hacke', 'Hacker', 'Handhacke', 'Holzhacke', 'Holzhacker', 'Holzhackern', 'Jäthacke', 'Kartoffelhacke', 'Kliebhacke', 'Krauthacke', 'Kreuzhacke', 'Queckhacke', 'Reisighacken', 'Reuthacke', 'Riefhacke', 'Rodhacke', 'Rübenhacke', 'Schlaghacke', 'Schneehacke', 'Schälhacke', 'Spitzhacke', 'Unkrauthacke', 'Ziehhacke', 'abgehackt', 'abhacken', 'angehackt', 'anhacken', 'aufhacken', 'aushacken', 'beihacken', 'eingehackt', 'einhacken', 'gehacken', 'gehackt', 'nachhacken', 'umhacken', 'umhauen', 'vorhacken', 'weghacken', 'zerhacken']"
hauen,"['Abgehautes', 'Abhaue', 'Anhau', 'Anhaue(r)', 'Anhauer', 'Aufgehaute', 'Baumshaue', 'Brachhaue', 'Brechhaue', 'Breithaue', 'Böschungshaue', 'Draufhauer', 'Dreckhaue', 'Dreispitzhaue', 'Eingehauenes', 'Einhau', 'Einhaue', 'Erdbirnenhaue', 'Feldhaue', 'Furchenhauer', 'Fürchleinshaue', 'Fürhaue', 'Gartenhaue', 'Garthaue', 'Gehaube', 'Getreidehaue', 'Getreidehiebe', 'Grabaushaue', 'Grabenhaue', 'Grabhaue', 'Grantelhauer', 'Grenzhaue', 'Gräbenhaue', 'Haberhauer', 'Hackhaue', 'Halbhaue', 'Handhaue', 'Harkhaue', 'Haue', 'Hauer', 'Herhau', 'Holzhauer', 'Hopfenhaue', 'Kartoffelhaue', 'Keilhaue', 'Keilhauer', 'Kerbenhaue', 'Kornhaue', 'Kornhauer', 'Krauthaue', 'Kreuzhaue', 'Lattenhauer', 'Mooshaue', 'Nebenhinaushauer', 'Queckhaue', 'Rasenhaue', 'Rebenhabe', 'Rebenhaue', 'Reuthaue', 'Reuthauer', 'Riefenhaue', 'Rodehaue', 'Rodhaue', 'Rosenhaue', 'Rosthaue', 'Rundhaue', 'Räumhaue', 'Rübenhaue', 'Scheithauer', 'Schlaghaue', 'Schrollenhaue', 'Spitzhaue', 'Steinhauer', 'Stockhaue', 'Stockhauer', 'Streuhaue', 'Verhau', 'Verhaute', 'Waldhaue', 'Wasenhaue', 'Wendhaue', 'Ziehhaue', 'Zwerghaue', 'abgehauen', 'abgehaut', 'angehauen', 'angehaut', 'anhauen', 'anhauen, sich', 'aufhauen', 'ausgehauen', 'aushauen', 'derhauen', 'durcheinanderhauen', 'durchgehauen', 'durchhauen', 'durchhauen, sich', 'einhauen', 'fortgehauen', 'forthauen', 'gehaut', 'hereingehauen', 'herhauen', 'herunterhauen', 'hinhauen', 'hintenduchhauen', 'loshauen', 'reinhauen', 'verhauen', 'weghauen', 'widerhauen', 'zerhauen', 'zuhauen', 'zusammengehauen', 'zusammenhauen']"
Holz,"['Abgeholztes', 'Abholz', 'Anmachholz', 'Anschürholz', 'Aufbruchholz', 'Ausforstholz', 'Bauholz abmachen', 'Besoldungsholz', 'Einkerbholz', 'Gebrücksholz', 'Gehölz', 'Gertholz', 'Holzer', 'Holzfahren', 'Holzreifen', 'Holzschlappen', 'Holzschliffer', 'Holzspäne', 'Holzstange', 'Hölzerner', 'Hölziger', 'Manghölzer', 'Schleifholzbacke', 'Schubhölzer', 'Untergeholz', 'Untergehölz', 'Unterholz', 'Urholz', 'Verschalholz', 'Windhölzer', 'abgeholzt', 'abholzen', 'altes Holz', 'ausgeholzt', 'ausholzen', 'herumholzen', 'holzen', 'holzer', 'holzerig', 'holzern', 'holzig', 'hölzen', 'hölzer', 'hölzerig', 'hölzern', 'hölzernig', 'hölzig', 'kleines Hölzlein', 'unterdrückte Holz', 'unteres Holz', 'unterwüchsiges Holz']"
klauben,"['Abgeklaubtes', 'Abklauber', 'Erbirneneinklauben', 'Erdbirnenklauben', 'Erdbirnenzusammenklauben', 'Erdäpfelzusammenklauben', 'Zusammengeklaubtes', 'Zusammenklaubig', 'abgeklaubt', 'abklauben', 'aufklauben', 'ausklauben', 'einklauben', 'nachklauben', 'wegklauben', 'zusammengeklaubt', 'zusammenklauben', 'zusammenklauben, sich']"
nehmen,"['Abgenommene', 'Abnehmen', 'Abnehmender', 'Abnehmendes', 'Abnehmends', 'Abnehmer', 'Abnehmes', 'Abnehmetes', 'Abschied nehmen', 'Aufnehmen', 'Aufnehmer', 'Ausgenommenes', 'Ausnahme', 'Ausnahmgeld', 'Ausnahmsgeld', 'Benehmens', 'Großnehmingen', 'Herausnahme', 'Mitnehmer', 'Nehm-es-gar', 'Nehmen-wir-es-gar', 'Nehmershausen', 'Nehmertshausen', 'Nehmhausen', 'Nehmt-es-gar', 'Nemmersdorfer', 'Nemsdorfer', 'Nimm-es-gar', 'Nimmhausen', 'Strohwegnehmer', 'Wegnehmer', 'Wegnehmerer', 'Zunehmen', 'Zunehmender', 'Zunehmendes', 'Zunehmes', 'Zunehmet', 'Zunehmeter', 'Zunehmetes', 'abgenommen', 'abnehmen', 'abnehmend', 'abnehmends', 'abnehmens', 'abnehmes', 'abnehmet', 'abnehmets', 'abnehmig', 'an den Ohren nehmen', 'annehmen', 'annehmen, sich', 'annehmlich', 'auf den Arm nehmen', 'auf die Achsel nehmen', 'auf die Schippe nehmen', 'aufnehmen', 'ausgenommen', 'ausnehmen', 'behüt Gott nehmen', 'behüt dich Gott nehmen', 'eingenommen', 'einnehmen', 'einnehmend', 'hernehmen', 'herunternehmen', 'in Augenschein nehmen', 'mitgenommen', 'mitnehmen', 'nehme', 'vernehmen', 'vornehmen, sich', 'wegnehmen', 'zunehmen', 'zunehmend', 'zunehmenes', 'zunehmenig', 'zunehmens', 'zunehmes', 'zunehmet', 'zunehmets', 'zusammennehmen', 'Übernahme', 'übelnehmig']"
putzen,"['Abgeputzig', 'Abgeputztes', 'Abputzen', 'Abputzer', 'Abputzpapier', 'Abtrittsputzer', 'Arschabputzen', 'Arschabputzer', 'Aufgeputzte', 'Ausputz', 'Ausputzer', 'Ausputzholz', 'Ausputzig', 'Ausputzige', 'Barnausputzig', 'Brunnenputzer', 'Erdäpfelputzer', 'Geputz', 'Herausputzig', 'Magenausputzer', 'Magenputzer', 'Ofenputzer', 'Ofenrohrputzer', 'Ohrenputzer', 'Putzer', 'Rachenputzer', 'Rohrputzer', 'Rübenputzer', 'Schneeputzer', 'Schnurrenputzer', 'Schuhputzer', 'Schuhputzig', 'Tafelputzer', 'Verputzte', 'Verputzter', 'Wegputzig', 'Zusammenputz', 'Zusammenputzet', 'Zusammenputzig', 'abputzen', 'auf den Putz hauen', 'aufgeputzt', 'aufputzen', 'ausputzen', 'beiputzen', 'durchputzen', 'einputzen', 'geputzt', 'herunterputzen', 'nachputzen', 'putzig', 'verputzen', 'wegputzen', 'wegputzen, sich', 'zuputzen', 'zusammengeputzt', 'zusammenputzen']"
Racker,"['Abgerackerter', 'Rackeln', 'Rackerin', 'Rackler', 'abgerackern', 'abgerackert', 'abrackern', 'abrackern, sich', 'aufrackern, sich', 'derrackern', 'derrackert', 'gerackelt', 'herabgeackert', 'heruntergerackert', 'rackeln', 'rackern', 'räckeln', 'untergerackert', 'zusammengerackert']"
Rahm,"['Abgerahmte', 'Abrahm', 'Abrahmen', 'Abrahmer', 'Abrahmig', 'Abschöpfrahm', 'Entrahmer', 'Rahmer', 'Rahmklöße', 'abberahmen', 'abgerahmt', 'abrahmen', 'entrahmt', 'herabrahmen']"
ab,"['Abgerahmtes', 'Abstellschuppen', 'Abzuggraben', 'ab', 'ab (sein)', 'ab(nehmen)', 'abderpecken', 'abfageln', 'abfedern', 'abgeschürft', 'abjämmern', 'abmutzen', 'abpokern', 'abroden', 'abschmähen', 'abstulfen', 'abwöhnen']"
rechen,"['Abgerechtes', 'Abrechig', 'Aufgerechig', 'Aufrechen', 'Aufrechet Halme', 'Aufrechig', 'Gerech', 'Gerechig', 'Gerechtes', 'Heurecher', 'Nachernte', 'Nachgereche', 'Nachgerechet', 'Nachgerechig', 'Nachgerechle', 'Nachgerecht', 'Nachgerechtes', 'Nachheurechen', 'Nachrech', 'Nachrechen', 'Nachrecherer', 'Nachrechet', 'Nachrechets', 'Nachrechig', 'Rech', 'Reche', 'Recheles', 'Rechelzeug', 'Rechen-stiel', 'Rechig', 'Rechstecken', 'Stupfelrechig', 'Umschlagrechen', 'Zusammengereche', 'Zusammengerechente', 'Zusammengerechig', 'Zusammengerechtes', 'Zusammenrech', 'Zusammenreche', 'Zusammenrechen', 'Zusammenrecherer', 'Zusammenrecherig', 'Zusammenrechet', 'Zusammenreching', 'Zusammenrechles', 'Zusammenrechnig', 'Zusammenrechte', 'Zusammenschlagrechen', 'abrechen', 'abrechnen', 'aufrechen', 'aufrechern', 'ausrechen', 'einrechen', 'nachrechen', 'recheln', 'zurückrechen', 'zusammengerecht', 'zusammenrecheln', 'zusammenrechen']"
Reiter,"['Abgereiterig', 'Abgereiterte', 'Abreiter', 'Abreitere', 'Ausgereitertes', 'Gereitere', 'Mehlreite', 'Mittelritter', 'Reite', 'Reitere', 'Tennenreitig', 'ausgereitert', 'gereiten', 'reitern']"
Reute,"['Abgereutetes', 'Ackerreuter', 'Gereute', 'Reut(e)', 'Reuten', 'Stumpfreuter', 'abreuten', 'anreuten', 'ausreuten', 'beireuten', 'gereutet', 'herausreuten', 'herumreuten', 'reuteln', 'reuten', 'umreuten']"
reißen,"['Abgerissener', 'Apfelreißer', 'Ausreißer', 'Bahnreißer', 'Beerenreißer', 'Beerenreißerer', 'Beerleinszupfer', 'Beerreißer', 'Blumenreißerer', 'Einriss', 'Gereiß', 'Geriss', 'Gerissener', 'Gerissenes', 'Glockenreißer', 'Goschenaufreißer', 'Hauptmaulaufreißer', 'Herumreißig', 'Kettenreißer', 'Lungenreißer', 'Maulaufreißer', 'Pfählereißer', 'Possenreißer', 'Reiße', 'Reißer', 'Risse', 'Schneereißer', 'Schwarzbeerenreißer', 'Schwarzbeerreißer', 'Umriss', 'Zusammenreißer', 'abgereißen', 'abgerissen', 'abreißen', 'angerissen', 'anreißen', 'anreißig', 'aufgerissen', 'aufreißen', 'auseinanderreißen', 'ausgerissen', 'ausreißen', 'eingerissen', 'einreißen', 'einrissig', 'gerissen', 'herausreissen', 'herreißen', 'herunterreißen', 'hin und her reißen', 'hinreißen', 'nachreißen', 'rissig', 'umgerissen', 'umreißen', 'vernanderreißen', 'verreißen', 'vorreißen', 'wegreißen', 'zerreißen', 'zerrissen', 'zusammenreißen', 'zusammenreißen, sich', 'zusammernreißen', 'Äpfelreißer']"
Raum,"['Abgeräumig', 'Abgeräumtes', 'Abraum', 'Abräume', 'Abräumig', 'Abstellraum', 'Aufgeräumtes', 'Aufräumen', 'Aufräumung', 'Bahnräumer', 'Dolenräumer', 'Geräum(e)', 'Geräume', 'Herausräumen', 'Kehrichträumer', 'Pech herabräumen', 'Räumer', 'Schneeräumer', 'Schneewehenräumer', 'Schärräumer', 'Schüttwegräumer', 'Strohräumer', 'Strohverräumer', 'Wegräumer', 'Wir-Räumen', 'abgeräumt', 'abräumen', 'aufgeräumt', 'auseinanderräumen', 'ausgeräumt', 'ausräumen', 'beiräumen', 'durchräumen', 'einräumen', 'forträumen', 'fürhinräumen', 'geraume Zeit', 'gleichräumen', 'herabräumen', 'herausräumen', 'hereinräumen', 'herumräumen', 'herunterräumen', 'hinaufräumen', 'hinausräumen', 'hineinräumen', 'hinträumen', 'räumen', 'umräumen', 'verräumen', 'weggeräumt', 'wegräumen', 'wegräumen, sich', 'zuräumen', 'zurückräumen', 'zusammenraumen', 'zusammenräumen']"
schmecken,"['Abgeschmack', 'Abgeschmackter', 'Altweiberschmecker', 'Bodenschmecker', 'Brunnenschmecker', 'Bubenschmecker', 'Eingeschmeckte', 'Einhergeschmeckte', 'Einhingeschmeckter', 'Feinschmecker', 'Geschmack', 'Gutschmecker', 'Hereingeschmeckig', 'Hereingeschmeckte', 'Hereingeschmeckter', 'Hereinschmecker', 'Heringeschmeckte', 'Hineingeschmeckte', 'Hineingeschmeckter', 'Lehrerschmecker', 'Lehrersschmecker', 'Mädleinschmecker', 'Mädleinsschmecker', 'Schmecke', 'Schmecker', 'Schönschmecker', 'Wasserschmecker', 'gutschmeckig']"
Schnitt,"['Abgeschnittere', 'Abschnitt', 'Abschnittling', 'Anschnitt', 'Ausschnitt', 'Brotschnitte', 'Durchschnitt', 'Einschnitt', 'Erdabschnitt', 'Schnitte', 'Schnittling', 'Vorschnitt', 'schnittig']"
schöpfen,"['Abgeschöpfe', 'Abgeschöpfig', 'Abgeschöpfte', 'Abgeschöpftes', 'Abschöpf', 'Abschöpfe', 'Abschöpfer', 'Abschöpfes', 'Abschöpfet', 'Abschöpfig', 'Blechschöpfer', 'Dreckschöpfer', 'Fettschöpfer', 'Geschöpf', 'Klößschöpfer', 'Melkschöpfer', 'Milchschöpfer', 'Ofenhafenschöpfer', 'Pappelschöpfe', 'Schaumabschöpfer', 'Schaumschöpfer', 'Schäfeschöpfer', 'Schöpfe', 'Schöpfer', 'Schöpfig', 'Suppenschöpfer', 'Wasserschöpfe', 'Wasserschöpfer', 'abgeschöpft', 'abschöpfen', 'derschöpft', 'einschöpfen', 'erschöpft']"
Gesetz,"['Abgesetz', 'Rechengesetz']"
spülen,"['Abgespülig', 'Abspül', 'Abspülen', 'Abspülerin', 'Abspületes', 'Abspülgeschirr', 'Abspülig', 'Abspülkram', 'Aufgespüle', 'Aufgespülig', 'Aufspülen', 'Aufspülerin', 'Aufspülgeschirr', 'Aufspülig', 'Aufspülkram', 'Gespül', 'Gespüle', 'Gespülets', 'Gespülig', 'Gesteh', 'Spülage', 'Spüle', 'Spülicht', 'Spülig', 'Spüling', 'Spülling', 'Spülware', 'abspülen', 'aufgespült', 'aufspülen', 'ausspülen', 'durchspülen', 'gespülen', 'herausspülen', 'ich spüle', 'nachspülen', 'zusammenspülen']"
stehen,"['Abgestandenes', 'Abgestandiges', 'Abstand', 'Absteher', 'Abständer', 'Aufstand', 'Aufstehen', 'Ausstand', 'Beistand', 'Beiständer', 'Bestand', 'Bratwurststand', 'Bratwürstleinstand', 'Dachständer', 'Dreschausstand', 'Eckensteher', 'Ehestandslokomotive', 'Einstand', 'Erdapfelstand', 'Essständer', 'Faßständerling', 'Fleischständer', 'Förstersstand', 'Försterstand', 'Garderobenständer', 'Gestandene', 'Getreiderückstand', 'Glücksstand', 'Glückstand', 'Grundbirnenstand', 'Gutsteher', 'Güldstand', 'Halbstand', 'Handstande', 'Handstände', 'Handständer', 'Hausstand', 'Hochanstand', 'Hochstand', 'Imbissstand', 'Jagdstand', 'Jungholzbestand', 'Jägeranstand', 'Jägersstand', 'Jägerssteig', 'Jägerstand', 'Kleiderständer', 'Kunstgegenstand', 'Lakständer', 'Losestand', 'Losstand', 'Lotteriestand', 'Malzrückstand', 'Marktstandler', 'Melkständer', 'Mordsaufstand', 'Musikantenstand', 'Ofenstand', 'Rehstand', 'Ruhestand', 'Salzständer', 'Schdando', 'Schießstand', 'Schrotständer', 'Spätaufsteher', 'Stand', 'Stander', 'Standler', 'Stando', 'Stehende', 'Steher', 'Stehhaar', 'Ständer', 'Ständerling', 'Ständleinhecke', 'Ständler', 'Stündige', 'Umstand', 'Unterstand', 'Unterstandling', 'Unterständer', 'Urstand', 'Viehbestand', 'Vorstand', 'Waldstand', 'Wehstandskutsche', 'Widersteher', 'Wildstand', 'Wohlsteher', 'Wurststand', 'Wäschständer', 'Würstchenstand', 'Würstelstand', 'Würstleinsstand', 'Zusammenstand', 'Zustand', 'abgestanden', 'abgestehen', 'abgeständig', 'abstehen', 'abstehend', 'abständig', 'anstehen', 'aufstehen', 'aufsteigen', 'ausstehen', 'beistehen', 'bestehen', 'bodenständig', 'eigenständig', 'einstehen', 'feststehen', 'gen Berg stehen', 'gestanden', 'gestehen', 'heraufstehen', 'im Gelt stehen', 'selbstverständlich', 'umständlich', 'unausstehlich', 'unaustehlich', 'versiegenstehen', 'vollständig', 'vorstehen', 'wegstehen', 'widerstehen', 'zu Berg stehen', 'zum Hals stehen', 'zusammenstehen', 'Überstand', 'Überständer', 'überständig', 'übrigständig']"
stechen,"['Abgestochener', 'Angestochener', 'Anstechung', 'Anstich', 'Augenstecher', 'Ausstecher', 'Bauchstecher', 'Birnenstecher', 'Distelstecher', 'Durchstecher', 'Eingestochenes', 'Fröschstecher', 'Garbenstecher', 'Gesteche', 'Gestochener', 'Getreidstechen', 'Hinaufstecher', 'Hochgestochener', 'Katzenstecher', 'Kornstecher', 'Krackenstecher', 'Krapfenstecher', 'Krappenstecher', 'Krähenstecher', 'Krötenstecher', 'Kupferstecher', 'Nasenstecher', 'Neunstecher', 'Pferdestecher', 'Pferdstecher', 'Platzleinsausstecher', 'Plätzchenausstecher', 'Plätzchenstecher', 'Plätzleinsausstecher', 'Plätzleinsstecher', 'Plätzleinstecher', 'Rabenstecher', 'Rattenstecher', 'Ratzenstecher', 'Rodelstecher', 'Rübenstecher', 'Schneestecher', 'Schusterstecher', 'Schwabenstecher', 'Schwarmstecher', 'Schwarzwurzelstecher', 'Siebenstecher', 'Spargelstecher', 'Stecher', 'Strohstecher', 'Stupfelstecher', 'Umstochenes', 'Vorstecher', 'Wanzenstecher', 'Wurzelstecher', 'abgestochen', 'abstechen', 'angestochen', 'anstechen', 'aufstechen', 'ausgestochen', 'ausstechen', 'einstechen', 'gestochen', 'gestochig', 'herstechen', 'herunterstechen', 'losstechen', 'umstechen', 'wegstechen']"
stoßen,"['Abgestoßene', 'Abgestoßenes', 'Abstoßer', 'Abstößer', 'Abstößling', 'Angestoßenes', 'Anstoß', 'Anstößig', 'Aufstoß', 'Ausstoß', 'Eisstoßer', 'Nachstoßer', 'Schneestoße', 'Schneestößer', 'Stoßer', 'Stößer', 'Umstoßen', 'abgestoßen', 'abgestoßig', 'abgestößen', 'abstoßen', 'aneinanderstoßen', 'angestoßen', 'anstoßen', 'anstoßen, sich', 'anstößig', 'aufstoßen', 'aufstößig', 'ausstoßen', 'durchstoßen', 'eingestoßen', 'einstoßen', 'gestoßen', 'gestößelt', 'hinstoßen', 'losstoßen', 'umstoßen', 'verstoßen', 'widerstoßen', 'zerstoßen', 'zusammenstoßen', 'zustoßen']"
tun,"['Abgetue', 'Allerweltsgetue', 'Ansprache tun', 'Antuer', 'Dicktuer', 'Erdapfelheraustun', 'Erdbirnenheraustun', 'Erdäpfelheraustun', 'Erdäpfelsheraustun', 'Falschtuer', 'Gefährlichtuerin', 'Geschirr hinauftun', 'Getu', 'Getue', 'Großtuer', 'Großtuner', 'Hochtuender', 'Hosentutler', 'Kreißtengetue', 'Mordsgetue', 'Nichtstuer', 'Schöntuer', 'Strohwegtuer', 'Tu-der-ri-dei', 'Tüterer', 'Vielvertuer', 'Vortuer', 'Wichtigtuer', 'Wohltuer', 'Zutat', 'abdertun', 'abgetan', 'abhintun', 'abtun', 'abtun, sich', 'angetan', 'antun', 'antun, sich', 'auftun', 'auftun, sich', 'bei den Ochsen tun', 'beitun', 'betulich', 'betun', 'betun, sich', 'dertan', 'dertun', 'derwerttun', 'eingetan', 'forttun', 'gefährlich tun', 'gewalttätig', 'hertun', 'heruntertun', 'hinan und her tun', 'mittun', 'nachtun', 'umtun', 'umtun, sich', 'vergewohltun', 'vergewohltätigen', 'vertan', 'vertun', 'vortun, sich', 'wegtun', 'wehgetan', 'wohltätig', 'zugetan', 'zuleide tun', 'zum Eber tun', 'zusammentun', 'zusammentun, sich', 'zutunlich', 'zutätig']"
gewöhnen,"['Abgewöhntes', 'Gewohnheit', 'abgewöhnen', 'abgewöhnt', 'angewohnen', 'angewöhnen', 'außergewöhnlich', 'eingewohnen', 'eingewöhnen', 'entwöhnen', 'entwöhnt', 'gewöhnig', 'gewöhnlich', 'vergewöhnen', 'weggewohnen', 'weggewöhnen']"
Gott,"['Abgott', 'Gottackerhusten', 'Gottesgabe', 'Gottwollkeit', 'ach Gottlein', 'behüt Gott', 'behüt dich Gott', 'bei Gott !', 'oh Gottelein', 'vergöttern', 'Ölgötze']"
greifen,"['Abgreifen', 'Eingriff', 'Greifer', 'Hennengreifer', 'Vorgriff', 'abgreifen', 'angegriffig', 'angreifen', 'angreiferisch', 'ausgreifen', 'begreiflich', 'ergreifen', 'zugreifen', 'zugreifen er']"
Grund,"['Abgrund', 'Aischgründer', 'Aurachgründer', 'Baunachsgründer', 'Grundbirnereibe', 'Grundbirnereibeisen', 'Grundbirnereiber', 'Grundbirnmiete', 'Gründer', 'Gründler', 'Kahlgründer', 'Maingründer', 'Maingründler', 'Rezatgründler', 'Saueres Gründlein', 'Seebachsgründer', 'Sinngründer', 'Spessart-Maingründer', 'Stupfelgrundbirne', 'Untergrund', 'Werngründer', 'Wörnitzgründer', 'abgründig', 'gründen', 'gründlich', 'seichtgründig', 'tiefgründig', 'ungründig', 'untergründig']"
hängen,"['Abhang', 'Abhäng', 'Abhänger', 'Anhang', 'Anhenken', 'Anhänger', 'Anhänglicher', 'Aufhänge', 'Aufhänger', 'Aufspülhaderlaufhänger', 'Aushang', 'Aushänger', 'Bulldoganhänger', 'Erhängen', 'Flegelhenke', 'Fotze hängenlassen', 'Freibierhenker', 'Gehäng', 'Gehänge', 'Gehängter', 'Geschirrhänge', 'Gosche herabhängen lasen', 'Gosche hinabhängen lassen', 'Gosche hinunterhägen lassen', 'Gosche hinunterhängen lassen', 'Gosche hängen lassen', 'Henker', 'Hänge', 'Hänger', 'Hängerling', 'Hängezöpfe', 'Kleideraufhänger', 'Kleiderhänge', 'Kleiderhänger', 'Latschhänger', 'Läppern herunterhängen lassen', 'Läusehänge', 'Maul herabhängen lassen', 'Maulhinanhänger', 'Ofengehänge', 'Ofenhenke', 'Ofenhänge', 'Ohrgehänge', 'Ohrhänger', 'Paterleingehänge', 'Perlgehänge', 'Schlappe hängen lassen', 'Schläppe hängenlassen', 'Schläppere hinunterhängen lassen', 'Schläpperehänger', 'Schläpperhänger', 'Schläppgosche hängen lassen', 'Sichelhenke', 'Viehanhänger', 'Vorhänge', 'Wandhänge', 'Warhänge', 'Wäschehänge', 'Wäschehänger', 'abhängen', 'abhängerisch', 'abhängisch', 'aneinanderhängen', 'angehangen', 'angehängen', 'angehängt', 'anhängen', 'anhängen, sich', 'anhänget', 'anhängig', 'anhängisch', 'anhänglich', 'aufhängen', 'aushängen', 'behängen', 'behängen, sich', 'beieinanderhängen', 'das Maul hinabhängen lassen', 'das Maul hinunterhängen lassen', 'das Maul hängen lassen', 'das Schlappmaul hängen lassen', 'den Kopf hängen lassen', 'den Rüssel hinunterhängen', 'derhängen, sich', 'die Fittiche hängen lassen', 'die Fletsche hängen lassen', 'die Klappe hängen lassen', 'die Lätsche hinabhängen lassen', 'die Lätsche hinunterhängen lassen', 'die Lätsche hängen lassen', 'die Matz hängen lassen', 'die Pflatsche hängen lassen', 'die Pfletsche hinunterhängen lassen', 'die Pfletsche hängen lassen', 'die Pflotsch hängen lassen', 'die Pflotsche hängen lassen', 'die Pfrotsche hinunterhängen lassen', 'die Pfrotsche hängen lassen', 'die Pletsche hinunterhängen lassen', 'die Schlappe hinabhängen lassen', 'die Schlappe hängen lassen', 'die Schlappel herabhängen lassen', 'die Schlappel hinabhängen lassen', 'die Schlappel hinunterhängen lassen', 'die Schlappel hängen lassen', 'die Schlappere hängen lassen', 'die Schläppe hinabhängen lassen', 'die Schläppe hinunterhängen lassen', 'die Schläppe hängen lassen', 'die Schläppel hinabhängen lassen', 'die Schläppel hängen lassen', 'die Schläpper hängen lassen', 'die Schläppere hinabhängen lassen', 'die Schläppere hinunterhängen lassen', 'die Schläppere hängen lassen', 'die Schläpperlein hängen lassen', 'die Schnauze hangen lassen', 'die Schnauze hängen lassen', 'die Schnute herabhängen lassen', 'die Sohle hängen lassen', 'eingehängt', 'einhängeln', 'einhängen', 'einhängen, sich', 'hanglich', 'herunterhängen', 'herunterhängend', 'herunterhänget', 'hinhängen', 'hinhängen, sich', 'hintereinanderhängen', 'hinunterhängete', 'hängen lassen', 'hängig', 'hängrig', 'in der Luft hängen', 'ins Geschirr hängen, sich', 'umhängen', 'weghängen', 'zusammenhängen', 'zusammenhängen, sich', 'Überhänger']"
Haus,"['Abhaus', 'Arbeitshausen', 'Austrägleinshaus', 'Behausung', 'Durchhaus', 'Einfamilienhaus', 'Einstockhaus', 'Faulenzerhausen', 'Faulenzhausen', 'Faulhausen', 'Gehäus', 'Geruhhaus', 'Hausbestand', 'Hauserin', 'Hausierer', 'Hausschwelle', 'Hinkelhaus', 'Hinkelshaus', 'Hockenhausen', 'Kleinhäusler', 'Redhaus', 'Schaffhausen', 'Scheißhäusleinspapier', 'Schnellhausen', 'Verhauster', 'Zuchthäusler', 'abhausen', 'dreckhäuseln', 'einhausen, sich', 'hausen', 'haushälterlich', 'hauswirtschaftlich', 'herumhausen', 'häuseln', 'im obersten Häuschen sein', 'nach Haus', 'verhausen', 'verhäuseln', 'verhäusln']"
Hieb,"['Abhieb', 'Anhieb', 'Aushieb', 'Einhieb', 'Hiebe', 'Holzhieber', 'Vorhieb', 'abhinhieben', 'anhieben', 'herabhieben', 'heraushieben', 'hieben', 'hineinhieben']"
Haufen,"['Abklaubhaufen', 'Abklaubsteinhaufen', 'Ablegehaufen', 'Ablesehaufen', 'Ablesesteinhaufen', 'Ameishaufen', 'Ameishäufen', 'Ametzenhaufen', 'Ametzhaufen', 'Aufstellhaufen', 'Erdbirnenhaufen', 'Gestellhaufen', 'Häuftig', 'abhaufen', 'anhäufeln', 'aufgehäuft', 'aufhäufeln', 'ein Haufen', 'einhäufeln', 'gehäufelt', 'gehäuft', 'haufens', 'zuhäufeln', 'zusammenhäufen']"
Stein,"['Abklaubstein', 'Ablesestein', 'Ablesstein', 'Absteinig', 'Astelstein', 'Dengelstein', 'Euterversteinerung', 'Steiner', 'Steinmetzehammer', 'Steinmetzhammer der', 'Verreckstein', 'Zusammenlesstein', 'absteinen', 'absteinigen', 'aussteinen', 'einsteinen', 'entsteinen', 'heraussteinen', 'steinen', 'steinerig', 'steinern', 'steinernig', 'steinig', 'versteinen', 'versteinern', 'versteinert', 'versteint']"
kratzen,"['Abkratzer', 'Abkratzes', 'Abkratzig', 'Arschkratzer', 'Backkratze', 'Backkratzer', 'Backtrogkratzer', 'Backtrogkrätzer', 'Baumkratze', 'Baumkratzer', 'Beetpflugkratzer', 'Brotkratzer', 'Bärenkratzer', 'Eiskratze', 'Eiskratzer', 'Feldkratzer', 'Feuerkratzer', 'Gartenkratzer', 'Gekratz', 'Gekratze', 'Halskratzer', 'Kratze', 'Kratzer', 'Kratzianer', 'Krätzer', 'Kübelkratzer', 'Lungenkratzer', 'Mistkratzer', 'Muldenkratzer', 'Ofenkratzer', 'Pechkratzer', 'Pflugkratzer', 'Rindenkratzer', 'Saitenkratzer', 'Schneekratze', 'Schneekratzer', 'Schneekrätzer', 'Schuhekratzer', 'Schuttkratzer', 'Schüttkratzer', 'Teigkratze', 'Teigkratzer', 'Trogkratze', 'Trogkratzer', 'Zusammengekratzte', 'Zusammenkratze', 'Zusammenkratzig', 'Zusammenkratziges', 'abkratzen', 'ankratzen', 'aufgekratzt', 'aufkratzen', 'auskratzen', 'auskratzen, sich', 'beikratzen', 'durchkratzen', 'einkratzen', 'einkratzen, sich', 'hinankratzeln', 'kratzig', 'krätzig', 'verkratzen', 'verkratzt', 'zukratzen', 'zusammenkratzen']"
Kraut,"['Abkraut', 'Drachenkräutig', 'Erdapfelkraut', 'Erdapfelkräuterig', 'Erdapfelskräutig', 'Erdbirnenkraut', 'Erdbirnenkräuter', 'Erdbirnenkräuterig', 'Erdbirnenkräutig', 'Erdäpfelkräuterig', 'Erdäpfelkräuticht', 'Erdäpfelkräutig', 'Erdäpfelkräutrig', 'Erdäpfelskräuterig', 'Erdäpfelskräutig', 'Erdäpfelskräutlig', 'Erdäpfelskräutrig', 'Farnkräuterig', 'Farnkräutig', 'Farnskräutig', 'Fräuleinskräutig', 'Grundbirnenkrautig', 'Grundbirnenkräuterig', 'Grundbirnenkräutig', 'Grundbirnenskräutig', 'Grundbirnskräutig', 'Irrkraut', 'Kartoffelkräuterig', 'Kartoffelkräutig', 'Kartoffelskräutig', 'Kraut blatten', 'Kraut blättsen', 'Krauten', 'Krauter', 'Krauterer', 'Krautig', 'Krautscher', 'Krautwürste', 'Kräuter', 'Kräuterig', 'Kräutig', 'Otterkräuterig', 'Otternkräuter', 'Otternkräuterig', 'Otternkräutig', 'Patakenkräuterig', 'Schafkräuterich', 'Scheuerkräutig', 'Suppenkräuter', 'Suppenkräutig', 'Säukräutig', 'Unkraut', 'Unkrauten', 'Unkräutig', 'Wanzenkräutig', 'Wurmkräutig', 'Zinnkräutig', 'abkrauten', 'auskrauten', 'herauskrauten', 'herumkrauten', 'herumkrautern', 'krauten', 'krautern', 'unkrauteln']"
kaufen,"['Abkäufer', 'Bratwurstverkäufer', 'Derkauftes', 'Einkauf', 'Einkaufen', 'Einkäufer', 'Fischverkäufer', 'Gemüskäufer', 'Hereingekaufter', 'Heringsschwanzverkäufer', 'Heringsverkäufer', 'Käufer', 'Leutverkäufer', 'Marktkäufer', 'Reukauf', 'Schmanz-Brei-Käuig', 'Seelenverkäufer', 'Straßenverkäufer', 'Verkaufer', 'Verkäufer', 'Weckverkäufer', 'Weiberverkäufer', 'Wochenmarktkäufer', 'Wochenmarktverkaufer', 'Wurstverkäufer', 'Würstleinsverkäufer', 'abkaufen', 'auskaufen', 'derkaufen', 'einkaufen', 'gekauft', 'loskaufen', 'nachkaufen', 'verkaufen', 'verkaufen, sich', 'vorkaufen', 'zusammenkaufen']"
laden,"['Abladig', 'Aufladen', 'Auflader', 'Beilade', 'Brautlader', 'Einladung', 'Frontlader', 'Gespannladung', 'Getreidladen', 'Heulader', 'Hochzeitlader', 'Hochzeitslader', 'Lader', 'Ladung', 'Leichtlader', 'Schuttabladerer', 'Selbstlader', 'Strohlader', 'abladen', 'aufgeladig', 'aufladen', 'ausladen', 'beladen', 'eingeladen', 'einladen', 'geladen']"
legen,"['Ablage', 'Ablege', 'Ablegen', 'Ableger', 'Ablegstein', 'Angelegte', 'Angelegtes', 'Auflegen', 'Aufleger', 'Beilage', 'Beleg', 'Einlage', 'Einlege', 'Einleger', 'Einlegig', 'Gelag', 'Geleg', 'Gelege', 'Gelegenes', 'Gelegtes', 'Geschirr anlegen', 'Grablege', 'Handablage', 'Holzlege', 'Kleiderablage', 'Krottenlege', 'Lege', 'Leger', 'Pickellege', 'Sichellege', 'Strohleger', 'Verlegerin', 'Widerlege', 'Zulage', 'Zwirbellege', 'abgelegt', 'ablegen', 'anderswärtslegen', 'angelegt', 'anlegen', 'anlegen, sich', 'aufgelegt', 'auflegen', 'auseinanderlegen', 'auslegen', 'belegen', 'belegt', 'derlegen', 'eingelegt', 'einlegen', 'festlegen', 'fortlegen', 'gelegen', 'gelegt', 'gelegtes', 'hinlegen', 'hinlegen, sich', 'hinterlegen', 'in die Stränge legen, sich', 'ins Geschirr legen, sich', 'ins Zeug legen', 'ins Zeug legen, sich', 'legen, übers Knie', 'loslegen', 'nachlegen', 'reinlegen', 'umgelegen', 'umgelegt', 'umlegen', 'umlegen, sich', 'ungelegen', 'ungelegt', 'unterlegen', 'unüberlegt', 'verlegen', 'vorlegen', 'weglegen', 'weglegend', 'zerlegen', 'zulegen', 'zurücklegen', 'zusammengelegt', 'zusammenlegen', 'Überlege', 'Überlegung']"
laufen,"['Ablauf', 'Ablaufer', 'Abläufe', 'Allerweltslaufer', 'Anlauf', 'Anlaufen', 'Auflaufer', 'Auslauf', 'Ausläufer', 'Dahergelaufener', 'Davongelaufener', 'Einhingelaufener', 'Einlauf', 'Gassatenläufer', 'Geflügelauslauf', 'Gelauf', 'Hasenläufer', 'Hemdläufer', 'Hereingelaufener', 'Hergelaufene', 'Hergelaufener', 'Herumläufer', 'Hinterlauf', 'Jungläufer', 'Katzenläufer', 'Kirchenläufer', 'Landläufer', 'Laufe', 'Laufete', 'Laufling', 'Lunnläufer', 'Läufer', 'Läufer junge', 'Läufige', 'Marktläufer', 'Nachlauf', 'Nachlauferleins', 'Umlauf', 'Unlauf', 'Vorlauf', 'Zugelaufene', 'Zugelaufener', 'Zusammengelaufene', 'abderlaufen, sich', 'abferlaufen', 'abgelaufen', 'ablaufen', 'ablaufen, sich', 'abzerlaufen', 'angelaufen', 'anlaufen', 'anlaufendes', 'anläufen', 'auflaufen', 'auslaufen', 'beiläufig', 'derlaufen', 'die Schläppe hinablaufen lassen', 'durchlaufen', 'einlaufen', 'fortlaufen', 'gelaufen kommen', 'geläufig', 'herauslaufen, sich', 'herlaufen', 'herunterlaufen', 'herunterlaufen, sich', 'hinlaufen', 'hinter langlaufen', 'hinter laufen', 'hinter nachlaufen', 'hinterdrein laufen', 'hinterdreinlaufen', 'hinterher laufen', 'hinterherlaufen', 'hinterlaufen', 'hinternach laufen', 'hinternachlaufen', 'laufen lassen', 'lauferig', 'laufetig', 'laufig', 'läuferig', 'läufig', 'läufrig', 'läuftig', 'mitlaufen', 'nachlaufen', 'umeinanderlaufen', 'unterlaufen', 'verlaufen', 'vorlaufen', 'vorläufig', 'weglaufen', 'weitlauftig', 'weitläufig', 'zerlaufen', 'zulaufen', 'zum Davonlaufen', 'zusammengelaufen', 'zusammenlaufen', 'Überläufer']"
graben,"['Ablaufgraben', 'Abwendgraben', 'Abziehgraben', 'Abzugsgraben', 'Adelgrube', 'Bewässerungsgraben', 'Entwässerungsgraben', 'Erdbirnengraben', 'Erdbirnengraber', 'Erdbirnengraberer', 'Erdäpfel graben', 'Erdäpfelgräber', 'Grabe', 'Graber', 'Herumgraber', 'Kartoffelgraber', 'Mäusegraber', 'Patakengraber', 'Schatzgräber', 'Steckengraber', 'Stockgräber', 'Stöckegraber', 'Stöckgraber', 'Totengräberfinger', 'Umgraber', 'Zuggraben', 'abgraben', 'angraben', 'ausgraben', 'ausgrabnen', 'begraben', 'eingraben', 'gräbig', 'nachgraben', 'umgraben', 'vergraben', 'vergraben, sich']"
Maschine,"['Ablegmaschine', 'Dreschmaschiner', 'Dreschmaschinist', 'Erdbirnenmaschine', 'Heumaschinen', 'Maschinen', 'Maschiner', 'Maschinerer', 'Maschinist', 'Maschinister', 'Schreibmaschinenmamsell', 'Zugmaschine', 'ausgemaschint', 'maschinen']"
leiten,"['Ableiter', 'Ableitung', 'Blitzableiter', 'Leitung', 'Wasserleitung', 'ableiten', 'verleiten']"
lesen,"['Ablese', 'Ablesen', 'Aufleser', 'Auflesholz', 'Auflesig', 'Ausgelesene', 'Beerenleser', 'Erdbirnenlese', 'Erdäpfelauflese', 'Erdäpfelauflesen', 'Erdäpfeleinlesen', 'Erdäpfellese', 'Erdäpfellesen', 'Erdäpfelsauflesen', 'Erdäpfelslese', 'Erdäpfelslesen', 'Erdäpfelszusammenlesen', 'Grundbirnenlese', 'Kartoffelauflese', 'Kartoffellese', 'Lesbirne', 'Lese', 'Lesehafer', 'Nachlese', 'Obstauflesig', 'Traubenlese', 'Träubellese', 'Träubelslese', 'Urlas', 'Weinlese', 'Zusammengelesene', 'abgelesen', 'abgelesen, sich', 'abgelest', 'ablesen', 'ablesen, sich', 'aufgelesen', 'auflesen', 'auseinanderlesen', 'ausgelesen', 'auslesen', 'auslesen, sich', 'belesen', 'gelesen', 'gelest', 'herunterlesen', 'verlesen', 'zusammengelesen', 'zusammenlesen', 'zusammenlesen, sich', 'Ährleinsleser']"
los,"['Ablösegeld', 'Appetitlosigkeit', 'Auflösig', 'Heilloser', 'Hörnerlose', 'Kopfloser', 'Lose', 'Rücksichtsloser', 'Treulose', 'ablösen', 'auflösen', 'auslösen', 'ergebnislos', 'gedankenlos', 'geschmacklos', 'los', 'los !', 'lose', 'lostrampeln', 'lösen', 'rücksichtslos']"
machen,"['Abmachen', 'Abmachung', 'Allerweltsuntereinandermacher', 'Angemachte', 'Angemachtes', 'Anmachen', 'Ansprache machen', 'Arbeit machen', 'Art machen', 'Aufhuckeln machen', 'Aufmacher', 'Ausgemachtes', 'Ausmacher', 'Ausmacherin', 'Bahnmacher', 'Eingemachtes', 'Faxenmacher', 'Gaudimacher', 'Gemach', 'Geschreimaulende', 'Gewürgmacherin', 'Großmacher', 'Hadermacher', 'Hausgemachte', 'Heftleinsmacher', 'Heiratsbekanntmachung', 'Hereingemachte', 'Hereingemachter', 'Holzmacher', 'Händelmacher', 'Jungemacher', 'Kalendermacher', 'Katzelmacher', 'Katzenmacher', 'Knicksleinsmacher', 'Kopfreiter machen', 'Kopfreiterles machen', 'Krachmacher', 'Krawallmacher', 'Krämpfmacher', 'Lachetmacher', 'Leimmacher', 'Leuteausmacher', 'Lochmacher', 'Macher', 'Maulmacher', 'Miesmacher', 'Minusmacher', 'Neugemachte', 'Plempeleinsmacher', 'Preschmacher', 'Radaumacher', 'Reiter machen', 'Reitergaul machen', 'Reitergäules machen', 'Reiterleins machen', 'Reitersgaul machen', 'Reitersgäulein machen', 'Saumacher', 'Siebmacher', 'Spaßmacher', 'Spirenzenmacher', 'Sprüchemacher', 'Sprüchmacher', 'Spukmacher', 'Spüchmacher', 'Türaufmacher', 'Ummachen', 'Wegmachen', 'Wegmacher', 'Wettermacher', 'Wichtigmacher', 'Wissmacher', 'Witzmacher', 'Zusammengemachtes', 'Zusammenmachen', 'abgeermachen', 'abgemacht', 'abmachen', 'abmachen, sich', 'angemacht', 'anmachen', 'auf die Socken machen, sich', 'aufmachen', 'aufmachen, sich', 'aufräumen', 'aus dem Staub machen, sich', 'auseinandermachen', 'ausgemacht', 'ausmachen', 'beimachen', 'beimachen, sich', 'dermachen', 'durcheinandermachen', 'durchmachen', 'einen Bockel machen', 'einen Bogen machen', 'einen Bogen machen um', 'einen Schlag machen', 'eingemacht', 'eingemachtes', 'einmachen', 'festmachen', 'fortmachen', 'fortmachen, sich', 'ge  machen', 'gefenzigmachen', 'gemacht', 'gewissmachen', 'hermachen', 'hinmachen', 'hinterher machen, sich', 'hintermachen', 'irr machen', 'mitmachen', 'nachgemacht', 'nachmachen', 'um ein Halb machen', 'unausgemacht', 'vermachen', 'vernandermachen', 'voran machen', 'vormachen', 'wegmachen', 'wegmachen, sich', 'zermachen', 'zumachen', 'zumachen, sich', 'zur Minna machen', 'zur Sau machen', 'zurechtmachen', 'zusammengemacht', 'zusammenmachen', 'zusammenmachen, sich']"
Sense,"['Abmachsense', 'Aufräumsense', 'Einmähsense', 'Einwendsense', 'Gereffsense', 'Getreidsensenwurf', 'sensen']"
Milch,"['Abmilch', 'Milch-Wecklein', 'Milchdüppen', 'Milcher', 'Milching', 'Milchinger', 'Milchler', 'Milchling', 'Milchner', 'Milchschöpfe', 'Milchsemmeln', 'Milchstütze', 'bestockte Milch', 'geronnen Milch', 'geronnene Milch', 'gescheckte Milch', 'geschockte Milch', 'gestandene Milch', 'gestockte Milch', 'gestöckelte Milch', 'gestöckete Milch', 'gestöckte Milch', 'gestößelte Milch', 'gevereckte Milch', 'milchig', 'zusammengebollerte Milch', 'zusammengefahrene Milch', 'zusammengegangene Milch', 'zusammengelaufene Milch', 'zusammengestöckelte Milch', 'zusammengezogene Milch']"
Name,"['Abname', 'Anname', 'Namen', 'Schimpfnamen', 'Unname', 'Vorname', 'abnamen', 'annameln', 'annamen', 'annamsen', 'annamsen, sich', 'annämen', 'aufnamen', 'ausnameln', 'ausnamen', 'benamen', 'benamsen', 'dernameln', 'dernamen', 'in Gottes Namen', 'nachnamen', 'namen', 'namens', 'unnamen', 'zunamen']"
pecken,"['Abpecken', 'Gepeck', 'Pecke', 'Pecker', 'Peckfrede', 'abpecken', 'abpecken, sich', 'anpecken']"
Pfeife,"['Abpfeifer', 'Fußballpfeifer', 'Pfeifer']"
pflücken,"['Abpflocken', 'Apfelpflücker', 'Beerenpflücker', 'Beerpflücker', 'Brombeerenpflücker', 'Heidelbeerenpflücker', 'Pflücker', 'Schwarzbeerpflücker', 'Trumpelpflücker', 'abgepflückeln', 'abpflockeln', 'abpflocken', 'abpflöckeln', 'abpflöcken', 'abpflückeln', 'abpflücken', 'abpfocken', 'abpfücken', 'auspflocken', 'auspflöckeln', 'auspflöcken', 'Äpfelpflücke']"
platzen,"['Abplätze', 'Abplätzig', 'Altarsplätzer', 'Bauchplatzer', 'Bauchplätzer', 'Bettplatzer', 'Flätze', 'Hereingeplatzer', 'Mordsplatze', 'Mostplatzer', 'Schindplatzer', 'Zerplatzen', 'abgeplatzt', 'abgeplätzt', 'angeplatzt', 'aufplatzen', 'der Platz', 'der Platzer', 'der Plätzer', 'herunterplatzen', 'losplatzen', 'platzte', 'verplatzen', 'zerplatzen']"
Gerät,['Abputzgerät']
Hader,"['Abputzhader', 'Abspülhader', 'Abtrockenhader', 'Abwaschhader', 'Anfasshadern', 'Aufspülhader', 'Aufwaschhader', 'Aufwischhader', 'Feghadere', 'Hadere', 'Häderlappen', 'Spülhadern', 'Zusammenfeghader', 'Zusammenräumhader', 'Zusammenwaschhader', 'Zusammenwischhader']"
Schüssel,"['Abputzschüssel', 'Abrahmschüssel', 'Abwaschschüssel', 'Abwischschüssel']"
raufen,"['Abraufer', 'Beerenraufer', 'Fressraufe', 'Futterraufe', 'Geraufter', 'Gitterraufe', 'Haarraufige', 'Heuraufe', 'Heuräufe', 'Raufe', 'Raufense', 'Raufer', 'Raufsense', 'Räufe', 'Räufer', 'Schafraufe', 'Schlupfraufe', 'Schneeraufe', 'Schneeräufer', 'Viechraufe', 'Viehraufe', 'abraufen', 'aufraufen', 'aufräufeln', 'ausraufen', 'ausräufen', 'durchraufen', 'gerauft', 'herunterraufen', 'herusraufen', 'heuräufig', 'hinraufen', 'verraufen', 'verrauft', 'zerraufen', 'zerrauft', 'zerräufen', 'zusammengerauft', 'zusammenraufen', 'zusammenraufen, sich']"
Zeug,"['Abrechzeug', 'Afterszeug', 'Anziehzeug', 'Aufspülzeug', 'Einbrechwerkzeug', 'Einreibzeug', 'Einreibzeugs', 'Gefiederzeug', 'Geflügelzeug', 'Gehahlerzeug', 'Gewirrzeug', 'Mehlerzeugnis', 'Nachrechzeug', 'Rechzeug', 'Zusammenkehrzeug', 'Zusammenrechenzeug', 'Zusammenrechzeug', 'auf dem Zeug', 'auf dem Zeug sein', 'beim Zeug sein']"
reden,"['Abrede', 'Allerweltsgerede', 'Anrede', 'Arschgerede', 'Ausrede', 'Beredetes', 'Dampfredner', 'Dauerreder', 'Dauerredner', 'Gered', 'Gerede', 'Hauptreder', 'Hergered', 'Hingered', 'Leutsredner', 'Rede', 'Redner', 'Redseliger', 'Saugerede', 'Schmuredner', 'Selbstreder', 'Verabredung', 'Volksredner', 'Widerrede', 'Widerreden', 'abreden', 'abreden, sich', 'anreden', 'aufreden', 'ausreden', 'beredsam', 'beredt', 'einreden', 'fest zureden', 'herreden', 'herunterreden', 'hinreden', 'irr reden', 'mitreden', 'nachreden', 'redselig', 'verreden', 'zureden', 'zusammenreden']"
reiben,"['Abreiber', 'Abreibig', 'Abreibung', 'Ackerreibe', 'Arznei zum Einreiben', 'Eingereibig', 'Einreibe', 'Einreiben', 'Einreiber', 'Einreibes', 'Einreibet', 'Einreibets', 'Einreibicht', 'Einreibig', 'Einreibung', 'Einrieb', 'Einzureiben', 'Erdbirnenreiber', 'Erdbirnreiben', 'Erdbirnreiber', 'Erdäpfelgereibig', 'Erdäpfelreiben', 'Erdäpfelreiber', 'Erdäpfelreibig', 'Erdäpfelsreiber', 'Gereibig', 'Geriebenes', 'Gerstengereiber', 'Griffelreibe', 'Grundbirnenreibe', 'Grundbirnenreibeisen', 'Grundbirnenreiber', 'Grundbirnreibe', 'Grundbirnreiber', 'Grüne Erdapfelreiber', 'Gummireibe', 'Gummireiber', 'Kartoffelreibe', 'Kartoffelreiber', 'Kleereiber', 'Patakenreibe', 'Pflugreibe', 'Pflugsreibe', 'Radreiber', 'Reibe', 'Reibeleins', 'Reiber', 'Reiberich', 'Reibertätsch', 'Reibgrundbirne', 'Reibig', 'Riebe', 'Rohe Erdapfelreiber', 'Rohe Geriebene', 'Sitzenbleiber-Arschabreiber', 'Zerreibig', 'abgerieben', 'abreiben', 'anreiben', 'aufgeriebig', 'aufreiben', 'durchreiben', 'einreiben', 'gerieben', 'hinanreiben', 'mitreiben', 'rohgeriebene Pfannkuchen', 'wegreiben', 'zerreiben', 'zum Einreiben']"
Mittel,"['Abreibmittel', 'Aufwaschmittel', 'Einreibmittel', 'unterbemittelt']"
reren,"['Abreiterig', 'Abrer', 'Abrererig', 'Abreret', 'Abrerig', 'Ausgererig', 'Ausrerig', 'Gerer', 'Gerere', 'Gererig', 'Reiterig', 'Rerig', 'Tennenrerig', 'abreren', 'herunterreren']"
Ries,"['Abries', 'Abriesig', 'Samenriesig', 'Tennriese', 'grieseln', 'herabrieseln', 'herunterrieseln', 'rieseln']"
Kalender,['Abrisskalender']
bremsen,"['Absatzbremsen', 'Bremser', 'Druckbremse', 'Fußbremse', 'Fußbremsung', 'Greifbremse', 'Hakenbremse', 'Hausbremse', 'Notbremse', 'Reißbremse', 'Schlittenbremse', 'Spindelbremse', 'Vollbremsung', 'abbremsen', 'anbremsen']"
Ferkel,"['Absatzferkel', 'abferkeln', 'feren', 'ferkeln']"
schaben,"['Abschaber', 'Backschaber', 'Backtrogschaber', 'Baumschaber', 'Brotschabe', 'Eisschaber', 'Griffelschaber', 'Kübelschaber', 'Rindenschaber', 'Schaber', 'Schneeschaber', 'Schneeschabser', 'Schneeschäbser', 'Schäber', 'Schäbiger', 'Schäbser', 'Teigschabe', 'Teigschaber', 'Teigschober', 'Trogschaber', 'abgeschabt', 'abschaben', 'abschäbbeln', 'abschäben', 'abschäbern', 'durchgeschabt', 'durchschaben', 'schäbig', 'zusammen']"
scharren,"['Abscharrer', 'Backscharre', 'Backschüsselscharre', 'Backtrogscharre', 'Backtrogscharrer', 'Backtrogscharrte', 'Backtrogschärre', 'Beinscharrer', 'Brotscharre', 'Deisenscharre', 'Kübelscharrer', 'Mistscharre', 'Nudelscharrer', 'Pflugscharre', 'Scharre', 'Scharrer', 'Scharrte', 'Schneescharre', 'Teigscharre', 'Teigscharrer', 'Teigscharrte', 'Trogschar', 'Trogscharre', 'Trogscharrer', 'Trogscharrte', 'Trogschärre', 'Zusammengescharrtes', 'abscharren', 'auseinanderscharren', 'ausschärren', 'ausschärrteln', 'beischarren', 'einscharren', 'zusammenscharren']"
Schaum,"['Abschaum', 'Abschaumer', 'Abschäumer', 'abschaumen', 'abschäumen', 'schäumen']"
seihen,"['Abschaumseiher', 'Abschöpfseiher', 'Abseihen', 'Abseiher', 'Gemüseseiher', 'Gießerseiher', 'Gießkannenseichter', 'Gießkannenseiher', 'Gießseiher', 'Griebenseiher', 'Kaffeeseiher', 'Knödelseiher', 'Küchelseiher', 'Küchleinseiher', 'Milchseiher', 'Salatseiher', 'Schaumseiher', 'Schaumsieber', 'Schöpfseiher', 'Seihe', 'Seiher', 'Sortierseiher', 'Sprengerseiher', 'Sprengseiher', 'Spritzerseiher', 'Spritzseiher', 'Teeseiher', 'abseihen', 'der Seiher von der Gießkanne', 'durchseihen']"
scheinen,"['Abschein', 'Erscheinung', 'Widerschein', 'erscheinen', 'scheinbar', 'unwahrscheinlich', 'widerscheinig']"
scheiden,"['Abschied', 'Gescheid', 'Grundbirnenscheider', 'Halbgeschiedener', 'Meinungsverschiedenheit', 'Scheide', 'Scheidung', 'Schieder', 'Schiederer', 'Schiedser', 'Schlichter', 'Wegscheide', 'Wetzsteinscheide', 'abgeschieden', 'ausscheiden', 'halbscheidig', 'halbschiedig', 'verabschieden', 'verabschieden, sich', 'zerschieden']"
Feier,"['Abschied feiern', 'Abschnittfeier', 'Feierung', 'drauffeiern', 'feiern', 'krankfeiern']"
essen,"['Abschiedsessen', 'Einernteessen', 'Festessen', 'Mitesser', 'Mittagessen', 'Vormittagessen', 'Wurstesser', 'Würsteesser', 'Zuabendessen', 'Zunachtessen', 'abessen', 'abgegessen', 'anessen', 'anessen, sich', 'aufessen', 'aufgegessen', 'deressen', 'essbar', 'eßbar', 'heressen', 'vorgegessen', 'wegessen', 'zusammenessen']"
schlagen,"['Abschlag', 'Abschlagen', 'Anschlag', 'Anschlageleins', 'Anschlagerleins', 'Anschlagplatz', 'Aufschlag', 'Ausschlag', 'Beischlag', 'Beschlieg', 'Beschläg', 'Beschläge', 'Derschlagen', 'Durchschlag', 'Eingeschlagenes', 'Einschlag', 'Einschlagen', 'Fleischschlager', 'Geschlag', 'Geschläg', 'Hinkelsschlag', 'Holzschläger', 'Langwiedbeschläge', 'Schaumschläger', 'Schlage', 'Schlager', 'Schläge', 'Schläger', 'Schneeschlager', 'Schneeschläger', 'Schnellschlager', 'Steinschlager', 'Umschlag', 'Unterschlag', 'Verschlag', 'Vorhandschlager', 'Vorschlag', 'Zusammenschlag', 'abgeschlagen', 'abschlagen', 'alle Schlag lang', 'angeschlagen', 'anschlagen', 'anschlagen, sich', 'aufgeschlagener Wagen', 'aufschlagen', 'ausgeschlagen', 'ausschlagen', 'ausschlägig', 'beischlagen', 'beschlagen', 'derschlagen', 'durchschlagen', 'durchschlagen, sich', 'eingeschlagen', 'eingeschlagig', 'einschlagen', 'erschlagen', 'gegenschlagen', 'geschlagen', 'herunterschlagen', 'hineingeschlagenes Ei', 'hinschlagen', 'hinterschlagen', 'losschlagen', 'umgeschlagen', 'umschlagen', 'unterschlagen', 'verschlagen', 'verschlagig', 'verschlägen', 'vorschlagen', 'wegschlagen', 'widerschlagen', 'zerschlagen', 'zurückschlagen', 'zusammengeschlagen', 'zusammenschlagen']"
schmettern,"['Abschmettern', 'angeschmettert', 'geschmettert', 'herunterschmettern', 'losschmettern']"
schneiden,"['Abschneiden', 'Altschneider', 'Anschneides', 'Aprilschneider', 'Aufschneider', 'Aufschneiderin', 'Bachschneider', 'Beeteschneider', 'Beetschneider', 'Bienenschneider', 'Bilmesschneider', 'Bilmschneider', 'Bilwißschneider', 'Binsenschneider', 'Eingeschnittene', 'Einschneiden', 'Einschneider', 'Erdbirnenschneider', 'Faxenschneider', 'Fleischschneider', 'Geißschneider', 'Geschnittene', 'Gesicht schneiden', 'Glasschneider', 'Grasschneider', 'Gretelfleischschneider', 'Grimassenschneider', 'Haarschneider', 'Haberschneider', 'Halsabschneider', 'Heuschneide', 'Holzschneider', 'Hüpf-auf-Schneider', 'Kappenschneider', 'Kriegschneider', 'Sauschneider', 'Schneide', 'Schneider', 'Schneidling', 'Schnitter', 'Schüpfelschneider', 'Schüpfschneider', 'Sensenschneide', 'Speckschneider', 'Spinnenschneider', 'Spintschneider', 'Strohschneider', 'Säuschneider', 'Wasserschneider', 'Weiherschneider', 'abgeschnitten', 'abschneiden', 'anschneiden', 'aufgeschnitten', 'aufschneiden', 'ausschneiden', 'beschneiden', 'beschnitten', 'durchschneiden', 'eingeschnitten', 'einschneiden', 'entzweischneiden', 'geschnitten', 'geschnittig', 'hereinschneiden', 'hinscheneiden', 'schneidig', 'umschneiden', 'verschneiden', 'verschnitten', 'wegschneiden', 'zurückschneiden', 'zusammenschneiden', 'zuschneiden']"
Kuchen,"['Abschneidkuchen', 'Abschnittskuchen', 'Erdbirnenkuchen', 'Erdbirnenpfannenkuchen', 'Erdäpfelkuchen', 'Erdäpfelpfannenkuchen', 'Erdäpfelskuchen', 'Erdäpfelspfannenkuchen', 'Erdäpfelspfannkuchen', 'Geriebeleinskuchen', 'Gestoßene Pfannenkuchen', 'Grundbirn-Pfannküchelchen', 'Grundbirne-Küchlein', 'Grundbirnpfannkuche', 'Reibekuchen', 'Reibeleinkuchen', 'Reibeleinskuchen', 'Reibelkuchen', 'Reiberkuchen', 'Reibkuchen', 'Reibleinkuchen', 'Rohe Kartoffelpfannenküchlein', 'Rohe Küchlein', 'Rohe Pfannenküchlein']"
schmausen,"['Abschnittsschmaus', 'Festschmaus']"
Schar,"['Abschorer', 'Anflugschorer', 'Bahnschorer', 'Doppelscharer', 'Eisschorer', 'Gartenschare', 'Gartenschore', 'Pflugschore', 'Pflugschorer', 'Schare', 'Scharen', 'Schor', 'Schore', 'Schorer', 'aufschoren', 'ausschoren', 'einschoren', 'herumschoren', 'scheren', 'schoren', 'umschoren', 'unterschoren', 'zusammenschoren']"
abschuren,['Abschure']
Schale,"['Abschälen', 'Abschäler', 'Eierschalenfüttern', 'Erdbirnenschale', 'Erdbirnenschäle', 'Erdäpfelgeschäle', 'Erdäpfelschäle', 'Erdäpfelschäler', 'Geschäle', 'Geschälerig', 'Geschälig', 'Halmschälen', 'Holzschäler', 'Kalkschalen', 'Kartoffelschalen', 'Reibschale', 'Schalen', 'Schalhölzer', 'Schalwagen', 'Schälen', 'Schäler', 'Schälig', 'Schälwagen', 'Stoppelschälen', 'Stupfelschälen', 'abgeschält', 'abschälen', 'abschälen, sich', 'abschälern, sich', 'ausschalen', 'ausschälen', 'darunterschälen', 'entschalen', 'geschält', 'herumschälen', 'schalen', 'schalig', 'schälen']"
Schmalz,"['Abschöpfschmalz', 'Erdbirnengeschmalz', 'Erdbirnenschmalzer', 'Geschmalzenes', 'Geschmälz', 'Schmalzer', 'Schmalzler', 'geschmalzen', 'geschmalzt', 'geschmälzt', 'herumschmalzen']"
Seite,"['Abseite', 'Abseiter', 'Ausseiter', 'Außenseiter', 'Einseiter', 'Einseitige', 'Reißseite', 'Verkehrtseite', 'abseitig', 'anseitig', 'auf die Seite gehen', 'einseiten', 'einseitig', 'gegenseitig', 'linksseitig', 'schattenseitig', 'schattseitig', 'seitlich', 'seitwärts', 'winterseitig']"
setzen,"['Absetzer', 'Ansatz', 'Aufsetzbretter', 'Aufsetzen', 'Aufsetzung', 'Auseinandersetzung', 'Aussetzen', 'Geschirr aufsetzen', 'Grenzsteinsetzer', 'Grenzsteinversetzer', 'Kopf aufsetzen', 'Köhlsetzling', 'Marksteinsetzer', 'Pflanzensetzer', 'Rainsteinsetzer', 'Rübenpflanzensetzling', 'Rübensetzling', 'Setze', 'Setzer', 'Setzling', 'Steinsetzer', 'Strohsetzer', 'Untersetzer', 'Vorsetze', 'Zurückgesetzte', 'Zurückgesetzter', 'Zusatz', 'Zusetzen', 'abgesetzt', 'absetzen', 'absetzen, sich', 'angesetzt', 'ansetzen', 'auf die Achseln setzen', 'aufgesetzt', 'aufsetzen', 'auseinandersetzen', 'auseinandersetzen, sich', 'aussetzen', 'durchsetzen', 'durchsetzen, sich', 'einsetzen', 'einsetzen, sich', 'ersetzen', 'gesetzen', 'gesetzig', 'heruntersetzen', 'hinein die Achsel setzen', 'hinein die Anke setzen', 'hinsetzen', 'nachsetzen', 'setzig', 'umsetzen', 'untersetzen', 'versetzen', 'zurechtsetzen', 'zurückgesetzt', 'zurücksetzen', 'zusammengesetzt', 'zusetzen', 'Übersetzung']"
Spalt,"['Abspalter', 'Aufspalten', 'Einhauspalte', 'Gespaltes', 'Haarspalter', 'Holzspalten', 'Keilspalter', 'Kümmelspalter', 'Schleißspalten', 'Spalte', 'Spalter', 'Spelter', 'Speltere', 'Spelterin', 'Spälter', 'Türspalte', 'Zugspalt', 'aufgespalten', 'aufspalten', 'aufspälten', 'auseinandergespaltet', 'gespältert', 'spalgen', 'spalten', 'spälgen', 'spälten', 'zerspalten']"
Sprache,"['Absprache', 'Angesprache', 'Ansprache', 'Aussprache', 'Sprache verlieren', 'Spracho', 'Vorsprache']"
Frau,"['Abspülfrau', 'Abwäschefrau', 'Ahnferin', 'Ahnfern', 'Ahnfrau', 'Aufspülfrau', 'Aufwaschfrau', 'Bettelfrau', 'Frau Base', 'Frauen', 'Frauenjacke', 'Gehfrau', 'altes Fraulein']"
Lappen,"['Abspüllappen', 'Abtrockenlappen', 'Abtrockerlappen', 'Abwaschlappen', 'Abwischlappen', 'Anpacklappen', 'Aufputzlappen', 'Aufspüllappen', 'Aufwaschlappen', 'Aufwischlappen', 'Kochlappen', 'Lappalie', 'Lappenzuller', 'Zulllappen', 'Zusammenwaschlappen']"
Lump,"['Abspüllumpen', 'Abtrockenlumpen', 'Anfasslumpen', 'Aufputzlumpen', 'Aufwaschlumpen', 'Aufwischlumpen', 'Dreckgelumpe', 'Feglumpen', 'Füßlumpen', 'Gelump', 'Gelumpe', 'Gelumpert', 'Gelumpig', 'Gemüsegelumpe', 'Geschirrlumpen', 'Grobbelumpen', 'Gröppenlumpen', 'Haderlumpen', 'Haderlumperer', 'Hafenlumpen', 'Handlumpen', 'Herdlumpen', 'Hundsgelumpe', 'Häfeleinslumpen', 'Kochlumpen', 'Kopflumpen', 'Küchenlumpen', 'Lumpe', 'Lumpen', 'Lumpenvisage', 'Lumperer', 'Lumperler', 'Lumpeter', 'Ofenlumpen', 'Putzlumpen', 'Rußlumpen', 'Röhrenlumpen', 'Sauglumpen', 'Schuhlumpen', 'Seiherlumpen', 'Spüllumpen', 'Staublumpen', 'Tafellumpen', 'Tiegellumpen', 'Topflumpen', 'Waschlumpen', 'Wischlumpen', 'Zapfenlumpen', 'Zuckerlumpen', 'Zullerlumpen', 'anlumpen', 'herablumpen', 'herumlumpen', 'lumpen', 'lumpig', 'lumprig', 'verlumpen', 'verlumpt', 'zerlumpt']"
mittel,"['Abspülmittel', 'Aufspülmittel']"
Pulver,"['Abspülpulver', 'pulverig', 'pulvern', 'verpulvern']"
Tuch,"['Abspültuch', 'Abtrockeltuch', 'Abtrockenhandtuch', 'Abtrockentuch', 'Abtrockentücher', 'Abtröckelhandtuch', 'Abtröckeltuch', 'Abwaschtuch', 'Einbindtuch', 'Einschlagtuch', 'Einstecktuch', 'Einwickeltuch', 'abgetücht']"
Wasser,"['Abspülwasser', 'Abwaschwasser', 'Aufspülwasser', 'Aufwaschwasser', 'Ausspülwasser', 'Auswaschwasser', 'Belustigungswasser', 'Einweichwasser', 'Entwässerung', 'Gefläuwasser', 'Kopperwasser', 'Nachspülwasser', 'Verlustierwasser', 'Wasserhofen', 'Wasserstelle', 'Wasserung', 'Wasserwecken', 'abwässern', 'einwässern', 'entwassern', 'entwässern', 'verwassern', 'verwassert', 'verwässern', 'verwässert', 'wasserig', 'wassern', 'wässerig', 'wässern', 'wässrig']"
Geld,"['Abstandsgeld', 'Ausdinggeld', 'Ausgedingsgeld', 'Ausstandsgeld', 'Austraggeld', 'Austragsgeld', 'Auszugsgeld', 'Erbgeld', 'Kostgeld', 'Vorgeld', 'ausgelden']"
Staub,"['Abstauber', 'Abstaubes', 'Aprilstauber', 'Handstauber', 'Hasenstäubling', 'Rußstauber', 'Stauber', 'Stauberer', 'Stauberling', 'Stäuber', 'Stäuberling', 'Stäubling', 'abstauben', 'abstäuben', 'ausstauben', 'fortstäubern', 'hinausstauben', 'hinausstäuben', 'losstauben', 'sich aus dem Staub machen', 'stauben', 'stäuben', 'stäubern', 'verstauben']"
Platz,"['Absteigplatz', 'Afterplatz', 'Ausruhplatz', 'Geplätz', 'Platze', 'Platzen', 'Platzer', 'Plätze', 'Reffplatze', 'Reibeleinplatz', 'Reibeleinsplatz', 'Reibelplatz', 'Reibeplatz', 'Reibeplätz', 'Wasserplatze', 'Weißkäse', 'Wäscheplatze', 'Zupfplatz', 'aufplätzen', 'geplätzt', 'geschmierter Platz']"
streifen,"['Abstreifer', 'Ausstreifer', 'Gestreifig', 'Gestreifte', 'Herumstreifer', 'Nachstreife', 'Nachstreifig', 'Streifbacke', 'Streife', 'Streifer', 'Streifig', 'Streifler', 'Streifling', 'Zusammenstreif', 'Zusammenstreifig', 'abstreifen', 'anstreifen', 'ausstreifen', 'durchstreifen', 'einstreifen', 'hinterstreifen', 'kernstreifig', 'nachstreifen', 'vorstreifen', 'zurückstreifen', 'zusammenstreifen', 'zustreifen']"
sieden,"['Absud', 'Essigsieder', 'Gerstengesiede', 'Gerstensiede', 'Gerstensotte', 'Gesiede', 'Gesott', 'Gesottenes', 'Gesotter', 'Gesütt', 'Gesüttere', 'Getreidesiede', 'Hartgesottener', 'Kornsiede', 'Lahmsieder', 'Lehmsiedler', 'Leime(n)sieder', 'Leimeinsieder', 'Leimelsieder', 'Leimensieder', 'Leimesieder', 'Leimsieder', 'Seifensieder', 'Sieder', 'Strohsiede', 'Sütte', 'Traumsieder', 'Weizensiede', 'gesotten', 'raue Siede', 'reine Siede', 'sottern']"
Balken,"['Absägbalken', 'Aufhängbalken', 'Auflagebalken', 'Aufliegebalken', 'Aufzugbalken', 'Deckbalken', 'Durchzugbalken', 'Gebälk', 'Gesimsbalken', 'Vorbalken', 'Widerlagerbalken', 'auf dem Balken']"
Teil,"['Abteil', 'Anteilung', 'Arbeit austeilen', 'Einteilung', 'Erbteil', 'Flurabteilung', 'Gesäßteil', 'Geteilte(s)', 'Gewitterteiler', 'Gewitterverteiler', 'Hinterteil', 'Pfötschleinausteilen', 'Plätschleinausteilen', 'Spitznamen austeilen', 'Verteilen', 'Verteiler', 'Vorteiler', 'Wetterverteiler', 'Zugabteil', 'abgeteilt', 'aufteilen', 'austeilen', 'einteilen', 'gegenteilig', 'geteilt', 'teilen', 'teilweise', 'verteilen', 'voeinanderteilen', 'zerteilen', 'zweiteilig']"
tragen,"['Abtragig', 'Achseltrager', 'Achselträger', 'Antrag', 'Antrager', 'Auftrag', 'Auftrager', 'Austrag', 'Austragerin', 'Austräger', 'Austrägerin', 'Ballenzutrager', 'Ballherbeitrager', 'Betteltrager', 'Bodenträger', 'Bremsstöckleinträger', 'Buttenträger', 'Dachträger', 'Deckenträger', 'Deckträger', 'Drecktrager', 'Dreckträger', 'Essenstrager', 'Essentrager', 'Essenträger', 'Essträger', 'Firstträger', 'Geweihträger', 'Herumtrager', 'Herumträger', 'Hinterwagenträger', 'Hintragerin', 'Hinträger', 'Hochgetragener', 'Holzträger', 'Hosenträger', 'Kottrage', 'Langwiedträger', 'Leierträger', 'Leiternträger', 'Mausfallentrager', 'Mausfallenträger', 'Misttrage', 'Mittelträger', 'Pöpelträger', 'Querträger', 'Radtrage', 'Refftrager', 'Schmierplatzträger', 'Siedtrager', 'Spitzenschnurrbartträger', 'Steintrage', 'Strohträger', 'Suppenträger', 'Säcktrager', 'Säckträger', 'Südenträger', 'Südträger', 'Taubenträger', 'Trage', 'Trageband', 'Trager', 'Waagträger', 'Wagenträger', 'Wassertrager', 'Wasserträger', 'Wegtrager', 'Wegträger', 'Windenträger', 'Zusammentraget', 'Zutragerin', 'Zuträger', 'Zuträgerin', 'abgetragen', 'abtragen', 'am Buckel umhertragen', 'antragen', 'auf dem Buckel tragen', 'auf der Achsel tragen', 'auftragen', 'ausgetragen', 'austragen', 'beitragen', 'eintragen', 'eintraglich', 'einwegtragen', 'forttragen', 'herbeitragen', 'hintertragen', 'hintragen', 'nachtragen', 'nachtragend', 'nachträglich', 'tragbar', 'trageling', 'tragenicht', 'tragenig', 'tragening', 'tragig', 'vertagen', 'vertrage, sich', 'vertragen, sich', 'vortragen', 'wegtragen', 'zertragen', 'zusammengetragen', 'zusammentragen', 'zutragen']"
treiben,"['Abtrieb', 'Allerweltsherumtreiber', 'Antreiber', 'Antrieb', 'Auftreiber', 'Auftrieb', 'Durchtriebene', 'Durchtriebener', 'Eintreiben', 'Eseltreiber', 'Gewittervertreiber', 'Haberfeldtreiber', 'Heimatvertriebener', 'Heimtreiber', 'Herumtreiber', 'Herümtreiber', 'Hurentreiber', 'Hurenzutreiber', 'Kameltreiber', 'Quertreiber', 'Sautreiber', 'Schnallentreiber', 'Schnalltreiber', 'Säutreiber', 'Treiber', 'Triebiger', 'Umhertreiber', 'Umtreiber', 'Umtrieb', 'Viehtreiber', 'Zutreiber', 'abgetrieben', 'abtreiben', 'antreiben', 'aufgetrieben', 'auftreiben', 'auseinandertreiben', 'austreiben', 'durchtreiben', 'durchtrieben', 'eintreiben', 'fest hineintreiben', 'hinauftreiben', 'triebig', 'umeinandertreiben', 'umtreiben', 'vertreiben', 'zertreiben', 'zusammentreiben, sich', 'zutreiben']"
Tritt,"['Abtritt', 'Antritt', 'Tritte', 'Trittling', 'Türtreter', 'alle Schießtritt lang', 'alle Tritt', 'alle Tritt lang', 'auf Schritt und Tritt']"
trocken,"['Abtrocknen', 'Abtrockner', 'Ausgetrockneter', 'Kleidertrockner', 'Ofentrockner', 'Rohrtrockner', 'Trockener', 'Trockenhader', 'Trockner', 'Trücke', 'Windeltrockner', 'Wäschetrockerer', 'Wäschetrockler', 'Wäschetrockner', 'Wäschetröckler', 'Wäschetröckner', 'abtrockeln', 'abtrocken', 'abtrockenen', 'abtrockern', 'abtrockernen', 'abtrocknen', 'abtröckeln', 'abtröcken', 'abtröckern', 'abtröcknen', 'auftrocknen', 'auftröckeln', 'ausgetrockent', 'ausgetrocket', 'ausgetrocknet', 'ausgetrücket', 'austrocknen', 'eingetröckelt', 'eintrocknen', 'trockig', 'trückern', 'vertrockent', 'vertröckelt']"
waschen,"['Abwasch', 'Abwascherin', 'Abwaschfrau', 'Aufgewaschenes', 'Aufwasch', 'Aufwaschen', 'Aufwascherin', 'Aufwasches', 'Aufwaschig', 'Aufwaschkram', 'Aufwäscherin', 'Auswaschbrühe', 'Dorfwasche', 'Dreckswasche', 'Gemeindewäsche', 'Gewasch', 'Gewäsch', 'Grosse Wäsche', 'Katzenwäsche', 'Kittelwascher', 'Stadtwasche', 'Säuwasche', 'Unterwäsche', 'Verratwasch', 'Verratwasche', 'Verratwäsche', 'Wasche', 'Wäsche', 'Wäscheständer', 'Wäschscherbe', 'abgewaschen', 'abwaschen', 'aufwaschen', 'auswaschen', 'gewaschen', 'gewäschen', 'große Wäsche', 'nachwaschen', 'verwaschen', 'vorwaschen', 'zusammenwaschen', 'zusammenwäschen']"
Becken,"['Abwaschbecken', 'Beckenhaar']"
Hudel,"['Abwaschhudel', 'Anpackhudel', 'Aufspülhudel', 'Aufwaschhudel', 'Aufwischhudel', 'Gehudel', 'Hude', 'Hudeler', 'Huder', 'Hudler', 'Hudlerer', 'Kochhudel', 'gehudelt', 'heraushudeln', 'hinanhudeln', 'hudelig', 'hudeln', 'huderig', 'hudlen', 'hudlig', 'verhudeln', 'verhudeln, sich', 'Überhudler', 'überhudeln']"
wechseln,"['Abwechslung', 'auswechseln', 'umwechseln', 'verwechseln']"
weichen,"['Abweiche', 'Abweichen', 'Ausweiche', 'Wendeweiche', 'abweichen', 'ausweichen', 'zusammengeweicht']"
wenden,"['Abwender', 'Angewende', 'Angewender', 'Angewendig', 'Anwand', 'Anwande', 'Anwander', 'Anwandig', 'Anwandler', 'Anwandung', 'Anwende', 'Anwenden', 'Anwender', 'Anwenderin', 'Anwendung', 'Aufwender', 'Doppelwender', 'Eckgewende', 'Eckwende', 'Eckwender', 'Eigentumswende', 'Eingewende', 'Einwand', 'Einwande', 'Einwend', 'Einwende', 'Einwender', 'Erdäpfelwender', 'Gewend', 'Gewende', 'Gewendetes', 'Heuwender', 'Innenwende', 'Innerwendige', 'Innwendige', 'Innwendiges', 'Jahreswende', 'Jahrtausendwende', 'Notwendigkeit', 'Rainwende', 'Seulwende', 'Sonnenwende', 'Umwende', 'Umwender', 'Wedner', 'Wende', 'Wender', 'Wending', 'Wendler', 'Wendung', 'Wintersonnwende', 'Zuwende', 'abwenden', 'abwendig', 'abwendisch', 'anwenden', 'aufwenden', 'aufwendig', 'auswenden', 'einwenden', 'einwendig', 'gewandt', 'gewendet', 'gewendig', 'hinwenden', 'ich muss die Einwender zuammenackern', 'notwendig', 'postwendend', 'redegewandt', 'rückwenden', 'umgewendet', 'umwenden', 'wendig', 'wetterwendig', 'zugewendet']"
Kelle,"['Abwinkkelle', 'Anhaltkelle']"
wischen,"['Abwischer', 'Arschwischer', 'Arschwischpapier', 'Aufwischen', 'Auswischer', 'Federwischer', 'Handwischer', 'Irrwisch', 'Strohwische', 'Tafelwischer', 'Wischer', 'Wuscheler', 'abwischen', 'aufwischen', 'auswischen', 'auswischen (eine)', 'derwischen', 'durchgewischen', 'durchwischen', 'erwischen', 'nachwischen', 'unterwischen', 'verwischen', 'wegwischen', 'wuschelig', 'zuammenwischen', 'zusammenwischen']"
zehren,"['Abzehr', 'Auszehrung', 'abzehren', 'aufzehren', 'auszehren']"
Zucht,"['Abzucht', 'Aufzucht', 'Bauchzüchter', 'Bienenzüchter', 'Fischzüchter', 'Gezücht', 'Hasenkuhzüchter', 'Hasenzüchter', 'Inzucht', 'Karnickelzüchter', 'Läusezüchter', 'Notzüchtler', 'Taubenzüchter', 'Tierleinzüchter', 'Tierzüchter', 'Unzucht', 'Viehzüchter', 'Züchter', 'notzüchten', 'notzüchtigen', 'züchten']"
ziehen,"['Abzug', 'Anziehen', 'Anzieher', 'Anzug', 'Aufgezogene', 'Aufgezogener', 'Aufzug', 'Ausgezogene', 'Auszug', 'Auszügler', 'Bettziehe', 'Beziehung', 'Drahtzieher', 'Dreckzieher', 'Drähtleinszieher', 'Durchzug', 'Einszug', 'Eiterzieher', 'Flaschenzieher', 'Furchenzieher', 'Gackszieher', 'Gewitterzieher', 'Geziehe', 'Gezug', 'Haarzieher', 'Hereingezogener', 'Hergezogener', 'Herumzieher', 'Heuziehe', 'Korkenzieher', 'Linealgezogener', 'Nachzügler', 'Nachzüglerin', 'Ohrenzieher', 'Riefenzieher', 'Rillenzieher', 'Rückzieher', 'Schläppenzieher', 'Schläppernzieher', 'Schraubenzieher', 'Schraubzieher', 'Schuhanzieher', 'Schuhzieher', 'Schüttzieher', 'Stiefelzieher', 'Stopfenzieher', 'Strohzieher', 'Umherzieher', 'Umzieher', 'Umzug', 'Ungezogene', 'Ungezogener', 'Ungezogenste', 'Unterzug', 'Vorzug', 'Wasserzieher', 'Ziehe', 'Zieher', 'Zieherig', 'Zugezogene', 'abziehen', 'angezogen', 'anziehen', 'anziehen, sich', 'aufgezogen', 'aufziehen', 'aufziehen, sich', 'auseinanderziehen', 'ausgezogen', 'ausziehen', 'beiziehen', 'bevorzugen', 'derziehen', 'durchziehen', 'einziehen', 'einziehen, sich', 'fortziehen', 'gezogen', 'herunterziehen', 'herziehen', 'hinterziehen', 'hinziehen', 'im Anzug sein', 'losziehen', 'nachziehen', 'umziehen', 'ungezogen', 'ungezogenen', 'ungezogig', 'unzogen', 'unzogig', 'verziehen', 'verziehen, sich', 'verzogen', 'vorziehen', 'wegziehen', 'zum Anziehen', 'zurückziehen', 'zurückziehen, sich', 'zusammenziehen', 'zusammenziehen, sich', 'zuziehen', 'zuziehen, sich', 'zügig', 'Überziehe', 'Überzieher']"
zwicken,"['Abzwicken', 'Baumzwicker', 'Eingezwickte', 'Fahrkartenzwicker', 'Gezwickte', 'Hineingezwickte', 'Holzzwicker', 'Nasenzwicker', 'Reingezwickte', 'Sackzwicker', 'Wäschezwicker', 'Wäschzwicker', 'Zwicker', 'abzwicken', 'aufzwicken', 'auszwicken', 'auszwickern', 'gezwickt', 'verzwickt', 'wegzwicken']"
Ähre,"['Abährig', 'Aufährig', 'Erdäpfelaufähren', 'Erdäpfelähreln', 'Geähre', 'Geährtes', 'Nachähre', 'Nachähren', 'Nachähret', 'Nachährig', 'Zusammenährig', 'aufähren', 'Ähren', 'Ährig', 'Ährnig', 'ähreln', 'ähren']"
Achona,['Achones']
Brücke,"['Achsbrücke', 'Erdäpfelbrücke', 'Erdäpfelsbrücke', 'Gebrück', 'aufbrucken', 'gebrückt', 'umbrücken']"
Büchse,"['Achsbüchse', 'Bettelbüchse', 'Geraffelbüchse', 'ausbüchsen', 'büchseln', 'büchsen']"
Achsel,"['Achselborste', 'Astel', 'Astelhaar', 'ausachseln']"
hohl,"['Achselhöhle', 'Achselhöhlenhaar', 'Deichselhöhle', 'Grubenhohle', 'Hohle', 'Hohler', 'Hohleweg', 'Hohling', 'Hohlo', 'Höhle', 'Höhlerer', 'Hühle', 'Kieshohle', 'Lungenhöhle', 'Ohrenhöhlerer', 'Räubershöhle', 'Starenhöhle', 'aufhöhlen', 'ausgehohlt', 'ausgehöhlen', 'ausgehöhlern', 'ausgehöhlert', 'aushöhlen', 'aushöhlern', 'hohler Weg', 'höhlern']"
reiten,"['Achselreiter', 'Armeseelenreiter', 'Buckelreiter', 'Dachreiter', 'Firstreiter', 'Hamper-Reiter', 'Hamperreiter', 'Hemdreiter', 'Hockereiter', 'Holzreiter', 'Hoppa-Hoppa-Reiter', 'Hoppareiter', 'Hoppe-Hoppe-Reiter', 'Hoppe-Reiter', 'Hoppe-Reiterlein', 'Hoppe-hoppe-Reiter', 'Hoppereiter', 'Hoppla-hoppla-Reiter', 'Hoppreiter', 'Hopsa-Reiter', 'Hopsa-hopsa-Reiter', 'Hopsareiter', 'Hossa-Reiter', 'Hosse-hosse-Reiter', 'Hossereiter', 'Huckelreiter', 'Huckereiter', 'Hüpfereiter', 'Kopfreiter', 'Pferdreiter', 'Reitauf', 'Reiter ohne Kopf', 'Reiterleins', 'Schlangenreiter', 'Schlittenreiter', 'Stangenreiter', 'Wilder Reiter', 'abreiten', 'anreiten', 'auf der Achsel reiten', 'aufreiten', 'durchreiten', 'reitig', 'rittig', 'zureiten']"
stecken,"['Achsenstecker', 'Achsstecker', 'Erdäpfelstecker', 'Fürstecker', 'Gesteck', 'Gesteckelter', 'Handstecker', 'Hereingesteckter', 'Jochstecker', 'Kopf aufstecken', 'Marksteinverstecker', 'Nabenstecker', 'Nabstecker', 'Paterleinstecker', 'Radstecker', 'Stecker', 'Steckerer', 'Steckling', 'Sticker', 'Stiefelstecker', 'Strohstecker', 'Umstecken', 'Versteck', 'Versteckeleins', 'Versteckerlenz', 'Vorstecker', 'Vürstecker', 'Waagstecker', 'Wagenstecker', 'Wäschestecker', 'abstecken', 'angesteckt', 'anstecken', 'aufgesteckt', 'aufstecken', 'ausstecken', 'einstecken', 'gesteckelt', 'gesteckt', 'hereinstecken', 'hinstecken', 'verstecken', 'versteckt', 'zurechtstecken', 'zusammengesteckt', 'zusammenstecken', 'zustecken']"
Holm,['Achsholm']
Hülse,"['Achshülse', 'Getreidehülsen', 'Hülsen', 'abhülsen', 'aushülsen', 'aushülsern', 'enthülsen', 'hülsen']"
Kapsel,"['Achskapsel', 'Kapse', 'abgekapselt', 'abkapseln', 'abkapseln, sich', 'einkapseln', 'einkapseln, sich']"
Lünse,"['Achslaner', 'Gelom', 'Gelum', 'Gelüm', 'Lan', 'Laner', 'Lanerring', 'Lemer', 'Lon', 'Loner', 'Lumer', 'Lun', 'Luner', 'Lunläufer', 'Län', 'Lön', 'Löner', 'Lümer', 'Lün', 'Lünzapfen', 'Ringloner', 'Wagenlaner', 'Wagenlonner', 'Wagenlumer', 'Wagenlämer']"
Nagel,"['Achsnagel', 'Nagelbutzen', 'Nagler', 'Nelke', 'Reibnagel', 'Renknagel', 'Renkstangennagel', 'Zugnagel', 'annageln', 'nageln', 'vernagelt', 'zunageln']"
Ring,"['Achsring', 'Auflegring', 'Häufenringe', 'Kipfringe', 'Leuchsenring mit Kloben und Mutter', 'Leuchsten', 'Reißring', 'Ringeln', 'Ringlunner', 'Rinke', 'Rinken', 'Trauerringe', 'Wetternring', 'Zugring', 'geringelt', 'gerings', 'geringsleinherum', 'geringsleinsherum', 'ringeln', 'zusammenringeln, sich']"
Schemel,"['Achsschemel', 'Hinterschemel', 'Reibschemel', 'Reitschemel', 'vorder Reibschemel']"
Schenkel,['Achsschenkel']
Splint,['Achssplint']
Stiefel,"['Achsstiefel', 'Reiternstiefel', 'Reitstiefel', 'Stiefelzapfen', 'anstiefeln', 'gestiefelt', 'losstiefeln', 'nachstiefeln', 'stiefeln']"
Stift,"['Achsstift', 'Stifte']"
Stock,"['Achsstock', 'Aststock', 'Ausruhstock', 'Bestockte', 'Dengelstock', 'Erdbirnenstock', 'Erdbirnstock', 'Erdäpfelstock', 'Gehstock', 'Geruhstock', 'Gerüngstock', 'Geschockte', 'Gestockete', 'Gestockte', 'Gestöck', 'Gestöckelte', 'Halbstocker', 'Hinterkipfstock', 'Jungferleinsstöcke', 'Milchstöcke', 'Reibstock', 'Stammstöcke', 'Stocker', 'Stockete', 'Stockgraber', 'Stockmutze', 'Stockte', 'Stöckelbeine', 'Stöckete', 'Stöckser', 'Unterstock', 'Vorderkipfstock', 'Zweistöcketer', 'aufstocken', 'bestockt', 'einstockig', 'einstöcket', 'einstöckig', 'einstöckisch', 'geschockt', 'gestockelt', 'gestockt', 'gestöckelt', 'gestöcket', 'gestöckt', 'stockbesoffen', 'stocken', 'stockern', 'stockig', 'stöcketle', 'stöckig', 'verstockt', 'zusammengestöckelt', 'zweistöckig']"
Zapfen,"['Achszapfen', 'Anzapfen', 'Spitz-zäpflein', 'Zapfer', 'Zäpfer', 'eingezapft']"
acht,"['Achte', 'Achter', 'achte', 'achtern', 'elfundachzig']"
achten,"['Achtung', 'Hochachtung', 'beachten', 'geachtet', 'kein Fleischverachter', 'scheißdachtig', 'verachten', 'verächtlich']"
ach,"['Achzen', 'Geache', 'Geacher', 'Geächze', 'achelein-achelein', 'achern', 'achieren', 'achzen', 'quächzen', 'ächzen']"
lang,"['Ackerlänge', 'Handlanger', 'Himmellanger', 'Lange', 'Langer', 'Langeweile', 'Langwiedkette', 'Länge', 'Länging', 'Längslatte', 'Zeit lang werden', 'Zeitlang her', 'auslangen', 'gestreckterlängs', 'handlangen', 'hinanlangen', 'hinauslangen', 'hinlangen', 'langdehnen', 'lange', 'lange Bäume', 'lange Stämme', 'langen', 'langwierig', 'länglich', 'noch nicht lange', 'schon lange', 'schon länger', 'solange', 'unlängst', 'verlängern', 'verlängert', 'vor einer längeren Zeit', 'vor langer Zeit', 'vor längerer Zeit', 'vor nicht langer Zeit', 'vor noch nicht lange', 'zulangen', 'zusammenlangen', 'Überlänge']"
Lattich,"['Ackerlätte', 'Butterlatte', 'Huflatte', 'Huflatter', 'Latting']"
Acker,"['Ackern', 'Anstoßacker', 'Ausackerer', 'Einwendacker', 'Erdbirnenherausackerer', 'Erdäpfelsacker', 'Felgenackern', 'Gehracker', 'Getreidsacker', 'Geweischackern', 'Gezackerte', 'Gutackerhusten', 'Gutsackerhusten', 'Halmackern', 'Halmfeldackern', 'Keimackern', 'Stoppelackern', 'Stoppelumzackern', 'Stoppelzackern', 'Stupfelackern', 'Stupfelzackern', 'Sturzackern', 'Sturzelackern', 'Stüpfelackern', 'Zackern', 'Zusammengeackertes', 'abackern', 'abgeackert', 'abzackern', 'ackern', 'anackern', 'angsten', 'aufackern', 'aufhinackern', 'ausackern', 'auseinanderackern', 'ausgeackern', 'breitackern', 'dagegenzackern', 'daraufzackern', 'durchackern', 'durchackern, sich', 'ebenackern', 'einackern', 'geackert', 'heraufackern', 'herausackern', 'hereinackern', 'hereinzackern', 'herumackern', 'herumzackern', 'herümackern', 'herümzackern', 'hinackern', 'hinanackern', 'hinaufackern', 'hinausackern', 'hinauszackern', 'hineinackern', 'hinunterzackern', 'leerackern', 'nachackern', 'umackern', 'umgeackern', 'umgeackert', 'umhinackern', 'umzackern', 'unterackern', 'vorackern', 'vorzackern', 'wegackern', 'widerackern', 'zackern', 'zerackert', 'zuackern', 'zusammenackern', 'zusammenzackern', 'Äckerrain']"
spitz,"['Ackerspitze', 'Baumspitze', 'Bleistiftspitzer', 'Bleistiftspitzerin', 'Christbaumspitze', 'Dreispitze', 'Einwendspitze', 'Eisspitze', 'Fichtenspitze', 'Fingerspitzeln', 'Geißelspitze', 'Giebelspitze', 'Griffelspitzer', 'Griffelsspitzer', 'Kronenspitze', 'Kämmspitze', 'Langholzspitze', 'Laubbaumspitze', 'Leuchsenspitze', 'Magenspitze', 'Maurerspitze', 'Nachtspitzer', 'Nadelbaumspitze', 'Quarkspitze', 'Quarkspitzen', 'Quarzspitzer', 'Schieferspitzer', 'Schieferstiftspitzer', 'Seelenspitze', 'Spitzbeule', 'Spitze', 'Spitzer', 'Spitzige', 'Spitziger', 'Spitzmorcheln', 'Stiftespitzer', 'Stiftleinsspitzer', 'Stiftspitze', 'Stiftspitzer', 'Tannenspitze', 'Trauerspitze', 'Wetterspitze', 'Zweispitzen', 'Zähnespitze', 'abspitzeln', 'abspitzen', 'angespitzt', 'anspitzen', 'aufspitzen', 'herumspitzen', 'spitze', 'spitzen', 'spitzig', 'zugespitzt']"
walzen,"['Ackerwalze', 'Cambridgewalze', 'Dampfwalze', 'Mordswälzer', 'Nudelwalze', 'Ringelwalze', 'Schneewalze', 'Schrollenwalze', 'Sternwalze', 'Walze', 'Walzer', 'Wälzer', 'Zugewalzter', 'abwälzeln', 'abwälzen', 'auswalzeln', 'auswalzen', 'eingewalzt', 'fortwälzen', 'gewalzt', 'herumwalzen', 'herumwezeln', 'herumwiezeln', 'herümwälzeln', 'herümwälzen, sich', 'hinabwälzeln', 'hinanwälzen', 'hinwalzen', 'umhinwälzeln', 'umhinwälzen', 'umwälzen', 'verzerwuzeln', 'wegwezeln', 'wegwälzen', 'wegwäzen', 'zusammenwuzeln']"
Grutz,"['Adamsgrotzen', 'Apfelgrutzen', 'Gegrutz', 'Gegrütz', 'Grotzen', 'Grutzen']"
Adam,"['Adamsknoten', 'Adels', 'Gerg-Adel']"
adieu,"['Ade', 'ade']"
Stecken,"['Ade-Stecken', 'Aufladestecken', 'Erdäpfelstecken', 'Geographiestecken', 'Spannstecker', 'Stecken machen', 'durchstecken']"
saufen,"['Adelsaufer', 'Ausgesoffener', 'Besoffener', 'Besoffenheit', 'Betsaufer', 'Biersäufer', 'Blutsaufer', 'Brühaussaufer', 'Brühsaufer', 'Dachrinnensäufer', 'Donnerwetter-Sauferei', 'Flaschensäufer', 'Freibiersaufer', 'Gesöff', 'Gesöffe', 'Gesöffig', 'Hinmachersuff', 'Jauchensäufer', 'Ludelsäufer', 'Meistbesoffenste', 'Mischbrühsaufer', 'Mistbrühsäufer', 'Mitsäufer', 'Saufe', 'Saufer', 'Saufig', 'Säufer', 'Süffling', 'Taglohnsäufer', 'Zusaufen', 'abgesoffen', 'absaufen', 'angesoffen', 'ansaufen', 'ansaufen, sich', 'ausgesoffen', 'aussaufen', 'besoffen', 'besoffig', 'dersaufen', 'dersoffen', 'durchsaufen', 'ersaufen', 'ersäufen', 'gesoffen', 'gesüffig', 'herabsüffeln', 'versaufen', 'versoffen', 'versoffener Ranzen', 'versoffig', 'zusammengesoffen', 'zusammensaufen', 'zusaufen, sich']"
Stange,"['Adelstange', 'Astenstange', 'Aufhängstange', 'Gerüststange', 'Gestäng', 'Gestänge', 'Hinterstangen', 'Kochherdstange(n)', 'Langkstangenring', 'Ofenstangen', 'Reckstange', 'Reibstange', 'Reitstange', 'Renkstange', 'Salzstangen', 'Stanger', 'Vorderstangen', 'Zugstange']"
sagen,"['Adesagen', 'Allerweltssager', 'Ansager', 'Ansagerin', 'Behüt Gott sagen', 'Behüt dich Gott sagen', 'Behüt dich sagen', 'Beichtsagen', 'Der hat Behüt Gott gesagt', 'Gesag', 'Hälftzusage', 'Lügensager', 'Sager', 'Versager', 'absagen', 'adieusagen', 'ansagen', 'auf Wiedersehen sagen', 'aufsagen', 'aussagen', 'behüt Gott sagen', 'behüt dich Gott sagen', 'einsagen', 'nachsagen', 'vorsagen', 'zusammensagen']"
latsch,"['Adonislatsche', 'Christuslatsche', 'Christuslatscher', 'Drecklatsche', 'Grundbirnlatsche', 'Herrgottslatsche', 'Jesulatsche', 'Jesuslatsche', 'Jesuslatscher', 'Klapperlatsche', 'Latsche', 'Latscher', 'Lätsche', 'Lätschete', 'Lätscheter', 'Lätschiger', 'Quadratlatsche', 'belätschet', 'derlatscht', 'lätschig']"
Lauge,"['Aferlauge', 'auslaugen']"
Affe,"['Affenhaar', 'affig', 'anäffnen', 'äffig']"
kalt,"['Affenkälte', 'Bärenkälte', 'Eiskalter', 'Eiskälte', 'Eisrappelkälte', 'Grimmkälte', 'Hundekälte', 'Hundskälte', 'Hundskälten', 'Kalte', 'Kälte', 'Mistkälte', 'Mordskälte', 'Pfundskälte', 'Sauhundskälte', 'Saukälte', 'Schafskälte', 'Scheißkälte', 'Säukälte', 'Todkälte', 'Windskälte', 'kalte Ohren', 'kältern', 'verkälten', 'verkälten, sich']"
After,['After']
Mahd,"['Afteramahd', 'Amahd', 'Anmahd', 'Anmähder', 'Driemahdig', 'Driemähdig', 'Durchmahd', 'Edelmahder', 'Einmahd', 'Fruchtmahde', 'Getreidemahde', 'Heumahden', 'Mahde', 'Mahden', 'Mahder', 'Mahderer', 'Streumahden', 'Zwischenmahd', 'anmahden', 'driemahdig', 'driemähdig', 'zusammengemahd']"
after,"['Aftere', 'Afterig', 'Afterne', 'Afters', 'Hühneräfterig', 'afer', 'Äftere', 'Äfterig', 'Äfterling']"
Same,"['Aftergesämig', 'Brotsamen', 'Buchelsamen', 'Buchensamen', 'Büchelsamen', 'Einsämeriger', 'Erdapfelsamen', 'Erdbirnensamen', 'Flügelsamen', 'Gesäm', 'Gesämig', 'Heugesämig', 'Heugesämlig', 'Heusämerig', 'Heusämig', 'Indersamen', 'Kartoffelsamen', 'Kettenstocksamen', 'Löwenzahnsamen', 'Magensamen', 'Maissamen', 'Milchschocksamen', 'Pappelsamen', 'Pappelstocksamen', 'Ringelbuschsamen', 'Ringeleinsstöcksamen', 'Ringelstöcksamen', 'Samen', 'Schmetterlingssamen', 'Sämerig', 'Sämig', 'Teufelssamen', 'absamen', 'angesamt', 'ansamen', 'ansamen, sich', 'ansämen', 'besamen', 'besamt', 'einsamen', 'hinansamen', 'samen']"
Getreide,"['Aftergetreide', 'Ausfallgetreide', 'Getreidbarn', 'Getreidekörner', 'Getreidespelzen', 'Getreidewagen', 'Getreids-gabel', 'Getrreidemahd', 'Hintergetreide', 'ausgewintertes Getreide', 'geschältes Getreide']"
Gras,"['Aftergras', 'Ausgegrasete', 'Ausgegraste', 'Ausgrasig', 'Grase', 'Graseling', 'Graserich', 'Grasig', 'Grasling', 'Grassoden', 'Graswagen', 'Gräseling', 'Gräserich', 'Gräsling', 'Nachgras', 'Nachgrasen', 'Ungras', 'abgrasen', 'angrasen, sich', 'ausgrasen', 'eingrasen', 'grasen', 'herausgrasen']"
Posten,['Afterleinsposten']
Miete (Entgelt),['Aftermieter']
Montag,"['Aftermontag', 'Aftermäntag']"
Pacht,"['Afterpacht', 'pachten']"
Age,"['Age', 'Ageln', 'Gerstenage', 'Weizenage', 'ageln', 'angeln', 'Ängig']"
Posse,"['Ahnferleinpossen', 'Ahnferleinspossen', 'Possen', 'possierlich', 'possig']"
Ware,"['Ahnferleinsware', 'Anziehware', 'Einreibware', 'Gewar', 'Ramschwarenhändler', 'Ware, sonntägig', 'alte Ware', 'herumwaren']"
Ahne,['Ahnfrauleinspossen']
Herr,"['Ahnherr', 'Gottherrlassmichnicht', 'Herren', 'Herrenschwammer', 'Herrje', 'Herrschaft', 'Hätscheklatscher', 'aufherrschen, sich', 'herrlich', 'herrschaftlich', 'unbeherrscht']"
ahnen,"['Ahnung', 'affenähnlich']"
Akkord,['Akkordler']
Mode,"['Alamode', 'Altemode', 'Modischer', 'a la mode']"
Alb,"['Albdrücker', 'Albendrücken']"
alber,"['Albere', 'Alberigkeit', 'Alberne', 'Albes', 'alberig', 'albern', 'analbern', 'aufalbern', 'herumalbern', 'veralbern', 'veralbert', 'zusammenalbern']"
Albertshofen,['Albertshöfer']
Magdalena,"['Alena', 'Brammellene', 'Lene', 'Pisslene']"
Alfeld,['Alfelder']
Ludwig,"['Alis', 'Alois', 'Lubber']"
Minute,"['Alle Minuten', 'alle Furzminuten', 'alle Minuten', 'alle fünf Minuten', 'alle paar Minuten', 'alle zwei Minuten']"
besser,"['Allerbeste', 'Bessere', 'Beste', 'Besten', 'Bester', 'Bestes', 'allerbeste', 'am besten', 'ausbessern', 'beste', 'beste Montur', 'besten', 'bestens', 'bestes', 'zum Besten']"
dumm,"['Allerdümmste', 'Dumme', 'Dummer', 'Dummerjan', 'Dummerling', 'Dummheit', 'Dummian', 'Dummigkeit', 'Dümmste', 'Dümmster', 'Saudumme', 'Saudummer', 'ausdummen', 'dummelig', 'saudummer', 'verdummen']"
erst,"['Allererster', 'Erste', 'Ersten', 'Erster', 'Erstling', 'erst gern', 'erste', 'erster', 'fürs Erste', 'vorerst', 'vorersten']"
frech,"['Allerfrechster', 'Dummfrecher', 'Freche', 'Frecher', 'Frechheit', 'Frechste', 'Frechster', 'Hundsfrecher', 'frechten']"
früh,"['Allerfrühste', 'Frühe', 'Frühling', 'Hergottsfrühe', 'Herrgottsfrühe', 'Mittelfrühe', 'früher', 'in der Frühe', 'zu früh']"
all,"['Allerfrühsten', 'alle', 'allenzeit']"
gescheit,"['Allergescheitester', 'Allerweltsgescheite', 'Gescheite', 'Gescheiter', 'Gescheiterer', 'Gescheiteste', 'Gescheitester', 'Neungescheite', 'Neungescheiter', 'Neunmalgescheite', 'Neunmalgescheiter', 'Neuntelgescheiter', 'SIebengescheiter', 'Siebengescheite', 'Siebengescheiter', 'Siebenmalsiebengescheiter', 'ganz Gescheiter', 'Übergescheiter']"
grau,"['Allergräuling', 'Angegrautes', 'Graue', 'Graueln', 'Grauen', 'Morgengrauen', 'angegrauelt', 'angegraut', 'angegräuelt', 'angraueln', 'angrauen', 'angräueln', 'aschgrau', 'dergräut', 'graubeln', 'graue', 'graueinen', 'graueleinen', 'graueln', 'grauen', 'graues Männlein', 'grauig', 'graulich', 'grauneln', 'gräueln', 'gräulich', 'vergrauen']"
Heil,"['Allerheiligen', 'Dorfheilige', 'Heiliger', 'Heiligtum', 'Scheinheilige', 'Scheinheiliger', 'heilig', 'hochheilig', 'scheinheilig', 'unheilig']"
Aster,['Allerheiligenastern']
letzt,"['Allerletzte', 'Letzer', 'Letzte', 'Letzter', 'das letzte Mal', 'in der letzten Zeit', 'letzte', 'letzten', 'letztens', 'letzter', 'mitderletzt', 'vor letzter Zeit', 'zuletzt']"
lieb,"['Allerliebste', 'Allerliebster', 'Allerweltsliebling', 'Engelleinlieber', 'Engellieber', 'Herzallerliebste', 'Herzallerliebster', 'Jelängerjelieber', 'Katzenliebe', 'Lehrersliebling', 'Liebdiener', 'Liebe', 'Lieber', 'Liebeste', 'Liebling', 'Liebschaft', 'Liebste', 'Liebster', 'Liebsterer', 'Papas-Liebling', 'allerliebste', 'allerliebsten', 'am liebsten', 'beliebt', 'lieben', 'lieber', 'lieblich', 'liebsten', 'mein Lieber', 'oh Liebelein', 'verlieben', 'verliebt', 'zuliebe']"
Allersberg,['Allersberger']
schön,"['Allerschönste', 'Allerschönster', 'Schöne', 'Schönen', 'Schöner', 'Schönheit', 'Schönster', 'am schönsten', 'nachschönern', 'schön hinanstellen', 'schön werden', 'schöne Tage']"
Seele,"['Allerseelen', 'Arme Seele', 'Dreiseligkeit', 'Saumseeliger', 'Seligkeit', 'armselig', 'rührselig', 'selig', 'unselig']"
Tag,"['Allertagesware', 'Alltagen', 'Beichttag', 'Erchtag', 'Festtag', 'Gergentag', 'Hundstage', 'Johanniszeit', 'Kommtag', 'Lostage', 'Mitt-Tag', 'Nachmittagbrotzeit', 'Sonntagige', 'Sonntagser', 'Tag, heilig', 'Tag, schön', 'Tagdiebegesicht', 'Tager', 'Tagesgrauen', 'Tagler', 'Taglesarbeit', 'Taglohn', 'Vormittagsmahlzeit', 'Vorweihnachtstage', 'Waldtagler', 'alle Holz- und Krauttag', 'alle Klößtage', 'alle Tage', 'alle heilige Tage', 'alltagig', 'alltägig', 'alltäglich', 'alte Tage', 'der letzte Tag in dem Jahr', 'der letzte Tag vom Jahr', 'derwehtagen', 'derwehtigen', 'gentag', 'heuntzutage', 'heutzutage', 'letzte Tage', 'meine Lebtage', 'meine Tage', 'neuntägig', 'neuntäglich', 'neuntägliche', 'sonntagige Montur', 'sonntagige Ware', 'tagen', 'tagern', 'taglerarbeiten', 'tagwerkern', 'vortags', 'vorvoriger Tag', 'werktägig', 'zu allmeinstage']"
Dolle,"['Allerweltsdollen', 'Dollbohrer']"
Ber,"['Allerweltsdreckbär', 'Dreckbär', 'Wetzbär']"
lallen,"['Allerweltsgelall', 'Gelall', 'Gelalle', 'Gelöll', 'Lallberer', 'Laller', 'Läller', 'Löller', 'einlallen']"
Predigt,"['Allerweltsgepredig', 'Festpredigt', 'Seele herauspredigen']"
handeln,"['Allerweltshändler', 'Bauchladenhändler', 'Bratwursthändler', 'Fischhändler', 'Gemüshandler', 'Gemüshändler', 'Gerutschhändler', 'Griesgramhändler', 'Grünwarenhändler', 'Handel haben', 'Handler', 'Händler', 'Kohlenhändler', 'Kramladenhändler', 'Krimskramshändler', 'Markthändler', 'Mausfallenhändler', 'Menschenhändler', 'Mäusefallenhändler', 'Mäusfallenhändler', 'Obsthandler', 'Rothändler', 'Schrotthändler', 'Seefischgroßhändler', 'Seelenhändler', 'Spitzbübereihändler', 'Säuhändler', 'Taubenhändler', 'Taubenhändlicher', 'Teppichhändler', 'Täubelhändler', 'Verhandlung', 'Viehhändler', 'Vogelhändler', 'abhandeln', 'aushandeln', 'behandeln', 'verhandeln']"
höken,"['Allerweltshöke', 'Höke', 'Höker', 'Hökler', 'Markthoker', 'Taubenhokerer', 'Taubenhökler', 'abhöken', 'verhökt']"
Kerl,"['Allerweltskerle', 'Besitzekerl', 'Kerle', 'Mannskerle', 'Mordskerle', 'Müllkerle']"
Klatsch,"['Allerweltsklatsche', 'Ausklatscher', 'Dorfklatsche', 'Dreckklatscher', 'Klatsch/e', 'Klatsche', 'Klatscher', 'Wäscheklatsche']"
Kleid,"['Allerweltskleidung', 'Arbeitskleider', 'Beichtkleid', 'Bekleidung', 'Erwachsenenkleidung', 'Kirchweihkleider', 'Kleider', 'Kleider, alltägliche', 'Kleiderhäken', 'Kleiderstange', 'Kleidung', 'Mannsbilderkleider', 'Rohrverkleidung', 'Sonntagskleider', 'Unterkleid', 'Weibsbilderkleider', 'Werktagskleider', 'kleiden']"
Knall,"['Allerweltsknalle', 'Dorfknalle', 'Froschknaller', 'Gemeindeknalle', 'Handknaller', 'Knalle', 'Knaller', 'Knallfrösche', 'Patschknalle', 'Patschknaller', 'Schulknalle', 'Stadtknalle', 'abknallen', 'abknällen', 'anknallen', 'aufknallen', 'ausknallen', 'herabknallen', 'herunterknallen', 'hineinknallen', 'knallen', 'knallsen', 'losknallen', 'verknallen', 'verknallt']"
Welt,"['Allerweltskrankheit', 'Allerweltsnichtstäuger', 'auf die Welt bringen']"
Kram,"['Allerweltskrämer', 'Bändelkrämer', 'Disputierkrämer', 'Dorfkrämer', 'Fischelkrämer', 'Geheimniskrämer', 'Gescheitigkeitskramer', 'Herumkramen', 'Herumkramerin', 'Kleinigkeitskrämer', 'Kleinkrämer', 'Kramanzer', 'Kramer', 'Krämer', 'Krämerin', 'Käsekrämer', 'Mausefallenkrämer', 'Mäusefallenskrämer', 'Pfefferkrämer', 'Pimpeleinskrämer', 'Prozesskramer', 'Prozesskrämer', 'Ramschkrämer', 'Schachtelkrämer', 'Taubenkrämer', 'Umstandskramer', 'Umstandskrämer', 'Umstandskrämerin', 'Weitläufigkeitskrämer', 'Zustandskrämer', 'auskramen', 'herumkrameln', 'herumkramen', 'herumkramerieren', 'herumkramern', 'herumkramsen', 'herumkrämen', 'herumkrämern', 'kramen', 'kramerieren', 'kramern', 'krampeln', 'kramsen', 'krämen', 'krämern', 'um und um kramen', 'umeinanderkramen', 'umhinkramen', 'umhinkramern', 'umhinkramsen']"
Kunst,"['Allerweltskünstler', 'künstlich']"
lügen,"['Allerweltslüger', 'Lüge', 'Lügenpaula', 'Lügeter', 'Lügner', 'ablügen', 'angelügen', 'anlügen', 'auflügen', 'belügen', 'derlogen', 'derlügen', 'durchlügen', 'herlügen', 'verlogen', 'verlügen', 'weglügen', 'zulügen']"
patschen,"['Allerweltspatsche', 'Anpatscher', 'Arschpatscher', 'Bauchpatscher', 'Bettpatscher', 'Blechpatscher', 'Dorfpatsche', 'Dreckpatsche', 'Dreckpatscher', 'Fleischpatscher', 'Gemeindepatsche', 'Generalspatsche', 'Gepatsch', 'Gepfratsch', 'Gepätsch', 'Grundbirnpatscher', 'Holzpatsche', 'Kartoffelpatscher', 'Lehrerpatscher', 'Lehrerspatsche', 'Lumpenpatscher', 'Mangpatsche', 'Muckenpatsche', 'Muckenpatscher', 'Mutterpatscher', 'Mückenpatsche', 'Mückenpatscher', 'Müllpatscher', 'Nachtpatscher', 'Nebenhinauspätscher', 'Nestpatsche', 'Patsche', 'Patscher', 'Patscherbutte', 'Patschklöße', 'Pfarrerspatscher', 'Pfennigpatscher', 'Pfätsche', 'Pätsche', 'Pätscher', 'Pätscherling', 'Quadratpatsche', 'Regimentspatsche', 'Röhrenpatscher', 'Saupatsche', 'Schneepatsche', 'Schulpatsche', 'Schulpatscher', 'Stadtpatsche', 'Strickepatsche', 'Teppichpatsche', 'Teppichpatscher', 'Verpatscher', 'Verratpatsch', 'Verratspatsch', 'Wäschepatsche', 'Wäschpatsche', 'Zechpatsche', 'Zuckerpatscher', 'Zullerpatscher', 'abpatschen', 'anpatschen', 'aufpatschen', 'auspatschen', 'auspratschen', 'gepatschen', 'herpatschen', 'herunterpatschen', 'hingepatscht', 'hinpatschen', 'hinpätschen', 'linkspatschig', 'tollpatschig', 'verpatschen', 'verpätschen', 'zuckerpatscher', 'zusammenpatschen']"
poussieren,"['Allerweltspousssierer', 'Poussierer']"
ratschen,"['Allerweltsratsche', 'Dorfratsche', 'Gemeinderatsche', 'Gemeinderatscher', 'Geratsch', 'Gewaltratsche', 'Karfreitagratsche', 'Karfreitagsratsche', 'Kleeratsche', 'Quadratratsche', 'Quartalsratsche', 'Ratsche', 'Ratscher', 'Stadtratsche', 'ausratschen', 'geratschen', 'herunterratschen', 'verratschen']"
Schlamp,"['Allerweltsschlampe', 'Allerweltsschlamper', 'Geschlamp', 'Geschlampe', 'Geschlamperig', 'Geschlampete', 'Geschlampig', 'Geschlump', 'Geschlämperig', 'Geschlümp', 'Sauschlampe', 'Schlampampe', 'Schlampamper', 'Schlampamperin', 'Schlampe', 'Schlamper', 'Schlamperatismus', 'Schlampere', 'Schlamperer', 'Schlamperig', 'Schlamperin', 'Schlampete', 'Schlampina', 'Schlampine', 'Schlampiner', 'Schlumper', 'Schlumperin', 'Schlämmer', 'Schlämpe', 'Schlämperig', 'Schlämpig', 'Stadtschlamper', 'abgeschlampert', 'geschlampet', 'geschlampig', 'geschlumpert', 'herumschlampen', 'herumschlampern', 'herunterschlampen', 'herunterschlampern', 'herunterschlämpern', 'hinabschlampen', 'hinanschlampen', 'hineinschlampen', 'schlampen', 'schlampern', 'schlampig', 'schlumpen', 'verschlampern', 'zerschlampen', 'zusammenschlampen', 'zusammenschlampern']"
schlapp,"['Allerweltsschläppe', 'Allerweltsschläppere', 'Christusschlappe', 'Christusschlapperer', 'Franziskanerschlappe', 'Freibierschleppe', 'Geschlabber', 'Geschlapp', 'Geschlapper', 'Geschlappere', 'Geschlapperig', 'Geschlappig', 'Geschlapprig', 'Geschläpp', 'Geschläpper', 'Geschläppere', 'Geschläpperig', 'Geschläppert', 'Herrgottsschlappe', 'Holzschlappe', 'Jesuitenschlappe', 'Jesusschlappe', 'Kapuzinerschlappe', 'Lippenschläpper', 'Presssackschlappere', 'Riemeleinsschlappe', 'Riemenschlappe', 'Sauschlappen', 'Sauschläpper', 'Schlappe', 'Schlappen', 'Schlapper', 'Schlappere', 'Schlapperer', 'Schlapperig', 'Schlappeter', 'Schlappig', 'Schlappler', 'Schlappscheiße', 'Schläpfe', 'Schläppe', 'Schläpper', 'Schläppere', 'Schläpperer', 'Schläpperin', 'Schläppern', 'Schneegeschlapperig', 'Schneegeschläpperig', 'abschlappen', 'anschlappen', 'aufschlappen', 'drauflosschlappern', 'herschlappen', 'herunterschlappern', 'hinabschlappen', 'hinterherschlappen', 'in keinen Schlappen passen', 'schlappe', 'schlappeln', 'schlappen', 'schlapperig', 'schlappern', 'schlapprig', 'schluppern', 'schläppen', 'schläppern', 'verschlappen', 'vollschlappen', 'vorschlappet', 'zusammenschlappen']"
schmarren,"['Allerweltsschmarrer', 'Fastnachtschmarrer', 'Geschmarr', 'Geschmarre', 'Geschmarrer', 'Leberschmarre', 'Oberschmarrer', 'Sauschmarrer', 'Schmarrenbaunze', 'Schmarrer', 'anschmarren', 'aufschmarren']"
schmieren,"['Allerweltsschmierer', 'Angeschmierte', 'Arznei zum Einschmieren', 'Ausgeschmierter', 'Bremenschmiere', 'Eingeschmierter', 'Erdbeerschmiere', 'Geschmier', 'Haarschmierer', 'Hautschmiere', 'Schmiere', 'Schmierer', 'Schmierjackell', 'Schmierling', 'Schuhschmier', 'Schuhschmiere', 'Schühschmiere', 'Stiefelschmiere', 'Weinschmierer', 'Zwetschgenschmiere', 'abgeschmiert', 'abschmieren', 'angeschmiert', 'anschmieren', 'anschmieren, sich', 'ausgeschmiert', 'ausschmieren', 'eingeschmiert', 'einschmieren', 'geschmiert', 'hinschmieren', 'ineinanderschmieren', 'schmierig', 'verschmieren', 'verschmiert', 'zum Einschmieren', 'zusammenschmieren', 'zuschmieren, sich']"
schnorren,"['Allerweltsschnorrer', 'Bierschnorrer', 'Geschnorrter', 'Schnorrer', 'anschnorren', 'anschnurren']"
schnüffeln,"['Allerweltsschnüffler', 'Schnüffler', 'abschnüffeln', 'ausschnüffeln', 'herumschnuffern', 'hinabschnüffeln', 'schnufern', 'schnuffern']"
schwindeln,"['Allerweltsschwindler', 'abschwindeln', 'angeschwindeln', 'anschwindeln', 'schwindelig', 'schwinderig', 'schwindlig', 'wegschwindeln']"
stinken,"['Allerweltsstinker', 'Barrasstinker', 'Fischstinker', 'Gestiefelgestank', 'Heringsstinker', 'Judenstinker', 'Jüdenstinker', 'Stinker', 'Stinketer', 'Weihrauchstinker', 'anstinken', 'ausstinken', 'ausstinken, sich', 'derstinken', 'einstinken', 'einstänkern', 'stinkern', 'stinkig', 'verstinken', 'vollstänkern', 'zerstunken']"
tratschen,"['Allerweltstratsche', 'Austratsche', 'Dorftratsche', 'Gemeindetratsche', 'Getratsch', 'Nachttratschen', 'Regimentsratscher', 'Stadttratsche', 'Tratsche', 'Tratscher', 'Tratschwetter', 'abtratschen', 'austratschen', 'vertratschen']"
Vieh,"['Allerweltsvieh', 'Gefiedervieh', 'Geflügelvieh', 'Urvieh']"
weise,"['Allerweltsweisheit', 'Nasenweißer', 'Naseweiser', 'Weisheit']"
wert,"['Allerwertester', 'Futterverwerter', 'derwert', 'verwerten']"
wissen,"['Allesbesserwisser', 'Alleswisser', 'Besserwisser', 'Vielwisser']"
sperren,"['Allessperrer', 'Drehsperre', 'Feilsperre', 'Gesperr', 'Gesperre', 'Maulsperre', 'Sperre', 'Sperrstecker', 'Wassersperre', 'absperren', 'aussperren', 'eingesperrt', 'einsperren', 'einsperren, sich', 'sperrig', 'wegsperren', 'zugesperrt']"
Streit,"['Alltagsstreiter', 'Gestreit', 'Streiten', 'Streiter', 'Streiterin', 'abstreiten', 'abstreiten, sich', 'anstreiten, sich', 'auseinanderstreiten, sich', 'ausstreiten', 'bestreiten', 'herausstreiten', 'herstreiten', 'herumstreiten', 'herüberstreiten', 'hin- und herstreiten', 'hinstreiten', 'hinüberstreiten', 'streiten', 'strittig', 'umeinanderstreiten', 'verstreiten', 'verstritten', 'wegstreiten', 'widerstreiten', 'zerstreiten', 'zerstritten']"
Korn,"['Almodekörner', 'Getreidekorn', 'Kornböcke', 'auskörnen']"
wohnen,"['Altbewohner', 'Bergbewohner', 'Jurabewohner', 'Talbewohner', 'Wohnung']"
Altdorf,['Altdorfer']
alt,"['Alte', 'Alten', 'Alter', 'Altertum', 'alteinen', 'alteinern', 'altertümlich', 'uralt', 'Älteste', 'Ältester', 'ältern', 'ältsern']"
Berta,"['Alte Berta', 'Eisere Bertel', 'Eiserne Bertel', 'Eisige Berti']"
Hexe,"['Alte Hexe', 'Alte Schwarze Hexe', 'Erdäpfelshexe', 'Gehex', 'Hexenfinger', 'Hexer', 'Woldhexn', 'anhexen', 'behexen', 'herhexen', 'herumhexen', 'hexen', 'hinanhexen', 'verhexen', 'verhext', 'weghexen']"
Sau,"['Alte Sau', 'Einlegsau', 'Erzsau', 'Gesäu', 'Gesäue', 'Sauborste', 'Sausaichet, krumm wie', 'Sauschlape', 'Sauschlappe', 'Sauschmarren', 'Sauseiche', 'Säukrieche', 'Säureneklode', 'Säusaufen', 'Säusaufig', 'Säuschlappen', 'absäuen', 'alte Sau', 'ansauen', 'besoffene Sau', 'eingesaut', 'eingesäut', 'einsauen, sich', 'einsäuen', 'einsäuen, sich', 'geile Sau', 'gesengte Sau', 'herabsäuen', 'herumsauen', 'herumsaulieren', 'herumsäuen', 'heruntersauen', 'herümsauen', 'herümsäuen', 'hinansäuen', 'hineinsauen', 'hineinsäuen', 'sauborstig', 'sauen', 'sauern', 'sauieren', 'saulieren', 'saurieren', 'sauwiderspenstig', 'schauen', 'säuen', 'säulen', 'säulenen', 'unter aller Sau', 'versauen', 'versoffene Sau', 'versäuen', 'vollsauen', 'vollsäuen', 'zusammensauen', 'zusammensäuen']"
sitzen,"['Alteingesessener', 'Ansitz', 'Ansässiger', 'Aufsitz', 'Besessener', 'Besitzer', 'Dengelsitz', 'Doppelsitzer', 'Eingesessener', 'Einsitzer', 'Erdsitz', 'Gesäß', 'Käseladelbesitzer', 'Ortsansässiger', 'Sitzender', 'Sitzeter', 'Sitzung', 'Viersitzer', 'Zweisitzer', 'absitzen', 'ansitzen', 'aufsitzen', 'ausgesessen', 'aussatzen', 'aussitzen', 'besitzen', 'durchgesessen', 'einsitzen', 'heruntersitzen', 'im Dalles sitzen', 'in der Ankse sitzen', 'nachsitzen', 'niedergesessen', 'sitzet lassen', 'versessen', 'zusammengesessen']"
Würze,"['Altemodegewürz', 'Gewürz', 'würzen']"
Fleck,"['Altersflecken', 'Druckflecken', 'Einbindfleck', 'Flecken', 'Fleckleinlutscher', 'Fleckleinnutscher', 'Knutschflecken', 'Kuhflecken', 'Mostflecken', 'Sommerflecken', 'Sonnenflecken', 'Stoßflecken', 'Zullerfleck', 'flecken', 'geflecket', 'gefleckt', 'herabflecken', 'leberfleckig']"
Altmühl,['Altmühlbauer']
Tal,"['Altmühltaler', 'Regnistztal', 'Regnitztaler', 'Steinachtaler', 'Taler', 'Talpantscher']"
Eckenbach,['Am Eckenbach']
Friedhof,['Am Friedhof']
Ambrosius,['Ambros']
Bürzel,"['Ameisbürzel', 'Burze', 'burzeln']"
Hügel,"['Ameishügel', 'Ametzenhügel']"
Amerika,['Amerikaner']
Ameise,"['Ametze', 'Bärämeisenhaufen', 'Lämetzenhaufen', 'Pfetzämeisenhaufen', 'Pfetzämeishaufen', 'Pfetzämetzenhaufen', 'Seichametzen', 'Seichhhämeisenhaufen', 'Seichhämeisen', 'Seichhämeisenhaufen', 'Seichsämetzhaufen', 'Seichämeisenhaufen', 'Seichämeishaufen', 'Ämeisenhaufen', 'Ämeishaufen', 'Ämetzenhaufen', 'Ämetzhaufen']"
Ammer,"['Ammerlingsknie', 'Emmerig', 'Emmerlich', 'Engerling', 'Heuemmerig', 'Ämmerling']"
Amsel,['Amseln']
schlüpfen,"['An-mich-hinan-Schlupfelein', 'An-mich-hinan-Schlüpfelein', 'Ausgeschlüpftes', 'Dachschlupfer', 'Hineinschlupfer', 'Riemenschlüpfer', 'Schlapfe', 'Schlupfe', 'Schlupfer', 'Schlüpfer', 'Schuhschlüpfer', 'aufschlüpferig', 'ausschlüpfen', 'durchschlüpfen', 'schlüpfrig']"
bauen,"['Anbau', 'Aufbau', 'Dachbaute', 'Gebäu', 'Mausfallenbauer', 'Nachbau', 'Stämmebauer', 'Unterbau', 'Vorbau', 'Zwischenfruchtbau', 'abbauen', 'anbauen', 'anbauern', 'aufbauen', 'bäuig', 'einbauen', 'einbauen, sich', 'gebaut', 'hinbauen', 'mitbauen', 'umbauen', 'umgebauen', 'zusammenbauen']"
Schuppen,"['Anbauschuppen', 'Anhängerschupfen', 'Schupfe', 'Schüpfscheuer']"
beißen,"['Anbeißen', 'Beißer', 'Beißerin', 'Beißig', 'Beißige', 'Bierbeißer', 'Bissen', 'Bissige', 'Bissiger', 'Bohnenbeißer', 'Bullbeißer', 'Gabelbissen', 'Kernbeißer', 'Knickebeißer', 'Krippenbisser', 'Maulbissen', 'Nacktbeißer', 'Pferdsbeißer', 'Pobeißer', 'Scheißerlein-Beißerlein', 'abbeißen', 'abbeißig', 'anbeißen', 'anbeißig', 'aufbeißen', 'ausbeißen', 'beißet', 'beißig', 'bissig', 'durchbeißen', 'festbeißen, sich', 'herbeißen', 'herunterbeißen', 'hinbeißen', 'jähbeißig', 'verbeißen', 'verbissen', 'weggebissen', 'zum Anbeißen']"
betteln,"['Anbetteln', 'Bettler', 'Hopfenbettler', 'abbetteln', 'anbetteln']"
Papier,"['Anbrennpapier', 'Anzündpapier', 'Einwickelpapier', 'Papiermagen', 'einpapiereln', 'einpapieren']"
Bruch,"['Anbruchholz', 'Anbrüchig', 'Bruchstelle', 'anbrüchet', 'anbrüchig werden', 'gichtbrüchig', 'kernanbrüchig', 'umbrüchig']"
Damm,"['Andamm', 'Andammer', 'Andämmer', 'Dämmung', 'eindämmen']"
Deckel,"['Andeckel', 'Kochdeckel', 'Verschlussdeckel', 'abdeckeln', 'beröhrendeckeln', 'eindeckeln']"
denken,"['Andenken', 'Andenkes', 'Denker', 'Denking', 'Gedanke', 'Nachdenklicher', 'bedacht', 'bedenken', 'gedacht', 'nachdenken']"
Andreas,"['Ander', 'Andre', 'Andres', 'Res', 'Reser']"
ander,"['Andere', 'Anderling', 'andere', 'anderes Mal', 'mitander', 'ändern']"
Ente,"['Anderlingsente', 'Antrech', 'Ente', 'Enter', 'Enterich', 'lahme Ente']"
Kalb,"['Anderlingskalbin', 'Erstlingskalbin', 'Kalben', 'Kalberer', 'Kalbin', 'Kälber', 'Kälberling', 'Kälbern', 'Kälberzähne', 'Kälbig', 'Zeitkalbin', 'herumkälbern', 'kalben', 'kalbern', 'kälbern', 'verkalben', 'zusammenkälbern']"
Kind,"['Anders-andere-Kinder', 'Aufpasskind', 'Beichtkind', 'Geschwisterkinder', 'Herde Kinder', 'Inzuchtkind', 'Kinder', 'Kinderbacken', 'Kinderwagen', 'Kindsin', 'Zu-Nachtmahls-Kind', 'andere Geschwisterkinder']"
Duft,"['Anduft', 'anduften', 'angeduftet', 'beduften', 'duften', 'duftig', 'düfteln', 'düftig', 'geduftet', 'herumverduften', 'verduften', 'verduften, sich']"
Erbe,"['Anerbe', 'Dererbtes', 'Erbschaft', 'Erbshausen', 'aberben', 'anerben', 'auserben', 'beerben', 'dererben', 'erben', 'vererben']"
kennen,"['Anerkennung', 'Bekannte', 'Bekanntschaft', 'auseinanderkennen', 'auskennen', 'auskennen, sich', 'außereinanderkennen', 'bekannt', 'bekennen', 'kanntlich']"
an,"['Anfasser', 'Anhauere', 'Anpacker', 'Anriß', 'Anziehe', 'Stifler', 'Stifter', 'an das', 'angetrieben', 'angeulen', 'anhäbig', 'anknaunzen', 'ans', 'anschmiegen, sich', 'anständig', 'antrudern', 'fortan']"
Force,"['Anforsch', 'Forscher']"
Furche,"['Anfurche', 'Angefurchtes', 'Erdbirnenfurche', 'Erdbirnfurche', 'Erdäpfelfurche', 'Erdäpfelsfurche', 'Fehlfurche', 'einfurchig', 'furcheln', 'zweifurchig', 'zweifürchig']"
Bot,"['Angebot', 'Gebot']"
faul,"['Angefaultes', 'Faule', 'Faulentia', 'Faulenzer', 'Faulenzerin', 'Fauler', 'Faulheit', 'Fäulste', 'Fäulster', 'Maulfauler', 'angefault', 'angefäult', 'ausfaulen', 'ausgefäult', 'derfaulen', 'faulen', 'faulenzen', 'faulig', 'gefault', 'kernfaulig', 'redefaul', 'redfaul', 'verfaulen', 'verfault', 'zusammengefault']"
fressen,"['Angefressener', 'Besen fressen', 'Bienenfresser', 'Brockenfresser', 'Fettfresser', 'Fleischfresser', 'Fraß, verlegener', 'Fresse', 'Fresser', 'Fressling', 'Gefress', 'Gefressig', 'Glimmstängelfresser', 'Grefress', 'Großfresse', 'Großfressiger', 'Haarfresser', 'Herausgefressener', 'Kinderfresser', 'Kippenfresser', 'Knöpfleinsfresser', 'Kohlrübenfresser', 'Kohlweißfresser', 'Krautfresser', 'Mitfresser', 'Pfefferfresser', 'Rasenfresser', 'Schmalzfresser', 'Spaghettifresser', 'Spinnenfresser', 'Säugefresse', 'Säumagenfresser', 'Säusachenfresser', 'Tintenfresser', 'Traubenfresser', 'Weckfresser', 'Wurstfresser', 'Würstefresser', 'abfressen', 'abgefressen', 'anfressen', 'anfressen, sich', 'angefressen', 'auffressen', 'ausfressen', 'durchfressen', 'durchfressen, sich', 'gefräßig', 'großfressig', 'herfressen, sich', 'unfressig', 'unfräßig', 'ungefräßig', 'verfressen', 'wegfressen', 'zusammenfressen', 'zusammenfressen, sich', 'zusammengefressen']"
heiraten,"['Angeheirateter', 'Eingeheiratete', 'Eingeheirateter', 'Geldheirat', 'Heirat', 'Heiratstruhe', 'Hereingeheiratete', 'Hereingeheirateter', 'Hergeheiratete', 'Hergeheirateter', 'Hineingeheiratete', 'Hineingeheirateter', 'Schmusheirat', 'Spekulationsheirat', 'Spekulierheirat', 'angeheiratet', 'derheiraten', 'eingeheiratet', 'einheiraten', 'herheiraten', 'unverheiratet', 'verheiratet', 'zuheiraten']"
hören,"['Angehörige', 'Anhören', 'abhören', 'anhören', 'anhören, sich', 'aufhören', 'gehören (zu)', 'gehören, sich', 'gehörig', 'schwerhörig', 'unaufhörlich', 'ungehöret', 'ungehörig', 'zuhören', 'zusammengehören']"
gehören,"['Angehöriger', 'Gehöriger']"
lehnen,"['Angelehnte', 'Anlehner', 'Gelehntes', 'Getreidelehner', 'Lehne', 'Lehner', 'Lehnig', 'Rückenlehne', 'Rücklehne', 'Schattenlehner', 'Stuhlgelehne', 'Stuhllehne', 'Stuhlslehne', 'Stühllehne', 'Zug hineinlehnen', 'ablehnen', 'angelehnt', 'anlehnen', 'auflehnen', 'beilehnen', 'hineinlehnen, sich', 'hinlehnen', 'lehnenig']"
matzen,"['Angematzte', 'Matzerer', 'angematzt', 'anmatzen']"
mischen,"['Angemischtes', 'Eckenmischung', 'Gemisch', 'Giftmischer', 'Mischig', 'Mischling', 'Mischung', 'Promenadenmischung', 'Randsteinmischung', 'einmischen', 'gemischt', 'gemischte Stölle', 'untermischen']"
netzen,"['Angenetzt', 'einnetzen']"
Reif,"['Angereiftes', 'Eisenreifen', 'Reife', 'Reifen', 'Setzleistenreifen', 'Wagenreife', 'angereifen, sich', 'angereift', 'anreifen', 'anreifen, sich', 'bereifen', 'bereifen, sich', 'bereift', 'eingereift', 'einreifen', 'gereift', 'hinreifen', 'raureifen', 'raureifig', 'reifen', 'reifig', 'zugereift']"
rühren,"['Angerührter', 'Angerührtes', 'Eingerühre', 'Gerühr', 'Gerührter', 'Kaffeerührer', 'abrühren', 'angerühren', 'angerührt', 'anrühren', 'aufrühren', 'ausrühren', 'durchrühren', 'einrühren', 'gerührig', 'gerührt', 'rührig', 'verrühren', 'zusammenrühren']"
schieben,"['Angeschobener', 'Anschieben', 'Anschieber', 'Anschieberin', 'Ausschub', 'Dreckschieber', 'Erdenschieber', 'Hennenschieber', 'Karusellschieber', 'Knieschieber', 'Kohldampf schieben', 'Mistschieber', 'Moosschieber', 'Nachschub', 'Sandschieber', 'Schiebe', 'Schieber', 'Schneeschieber', 'Schuber', 'Schubser', 'Schübe', 'Stundenschieber', 'Teigschieber', 'Vorderschieber', 'Wagenschieber', 'Waldschieber', 'Wolkenschieber', 'Zusammengeschobener', 'abschieben', 'anschieben', 'den Rüssel schieben', 'eine Schnute schieben', 'eingeschoben', 'fortschieben', 'herumschieben', 'hinterschieben', 'ungeschübig', 'vorgeschoben', 'wegschieben', 'zusammengeschoben', 'zusammenschieben', 'zusammenschieben, sich', 'zuschieben']"
sehen,"['Angesehene', 'Angesehener', 'Ansehen', 'Aufsehen', 'Aufsehung', 'Aussehen', 'Ausseher', 'Ausseherin', 'Aussehete', 'Einsicht', 'Heimsehung', 'Hellseher', 'Nachsehen', 'Seher', 'Waldaufseher', 'absehen', 'angesehen', 'ansehen', 'auf Wiedersehen', 'aussehen', 'aussehend', 'aussehet', 'besehen', 'dersehen', 'durchsichtig', 'hersehen', 'nachsehen', 'siehst-mich-nicht', 'umsehen', 'unversehens', 'zusehends']"
spannen,"['Angespann', 'Anspann', 'Anspannet', 'Einspänner', 'Gespann', 'Ranzenspanner', 'Spanne', 'Spanner', 'Spannung', 'abgespannen', 'abspannen', 'alle Spanne lang', 'anspannen', 'anspannen, sich', 'ausgespannen', 'ausspannen', 'einspannen', 'einspännig', 'gespannt', 'wegspannen', 'zusammenspannen', 'zweispannig', 'Übergespannter', 'Überspannter']"
stellen,"['Angestellte', 'Angestelltes', 'Ansteller', 'Bettgestell', 'Bettstattgestell', 'Fahrgestell', 'Großgestellter', 'Hintergestell', 'Holzbettgestell', 'Holzgestell', 'Jammergestell', 'Kartoffelgestell', 'Kleidergestell', 'Küchengeschirrgestell', 'Küchengestell', 'Lagerstelle', 'Leck-mich-am-Arsch-Einstellung', 'Mähgestell', 'Nachsteller', 'Pfluggestell', 'Schlittengestell', 'Schüsselgestell', 'Sensengestell', 'Sesselgestell', 'Steller', 'Tellergestell', 'Trockengestell', 'Tut-schon-gut-Einstellung', 'Türgestell', 'Unanstelliger', 'Untergestell', 'Vordergestell', 'Vorstellung', 'Wagenstell', 'Zurückgestellter', 'Zusammengestell', 'Zusammenstellung', 'abgestellt', 'abstellen', 'anstellen', 'anstellen, sich', 'auf die hinteren Füße stellen, sich', 'aufgestellt', 'aufstellen', 'eingestellt', 'einstellen', 'gerade stellen', 'gestellt', 'gutstellig', 'herstellen', 'hinstellen', 'hinstellen, sich', 'stellig', 'umstellen', 'unterstellen, sich', 'verstellen', 'vorstellen', 'wegstellen', 'zurechtstellen', 'zusammenstellen']"
Strick,"['Angestricktes', 'Aufhängstrick', 'Dengelstrick', 'Fesselstricke', 'Gestrick', 'Gestricke', 'Gestricket', 'Gestrickets', 'Gestricks', 'Gestricktes', 'Krätzleinsstricker', 'Selbergestrickter', 'Stricken', 'anstricken', 'aufhinstricken', 'daraufstricken', 'fertigstricken', 'gestrickt', 'hinanstricken', 'hinaufstrickeln', 'hinaufstricken', 'hinhinterstricken', 'hinhinterstricksen', 'hinhintigstricken', 'hinterstricken', 'hintischstricken', 'stricken', 'verstricken', 'zusammenstricken', 'zustricken']"
säen,"['Angesäte', 'Angesätes', 'Eingesätes', 'Gesätes', 'Kleesamensäer', 'Kleesäer', 'Nachsäe', 'Säer', 'angesät', 'ansäen', 'ansäen, sich', 'aussäen', 'besäen', 'durchgesät', 'eingesät', 'einsäen', 'nachsäen', 'versäen', 'versät']"
wachsen,"['Angewachsen', 'Angewachsensein', 'Ausgewachsener', 'Auswuchs', 'Gewächs', 'Gewüchs', 'Halbgewachsener', 'Nachwuchs', 'Untergewuchs', 'Unterwuchs', 'Unterwüchsiges', 'Wachstum', 'Zunge angewachsen', 'angewachsen', 'aufwachsen', 'ausgewachsen', 'auswachsen', 'auswachsen, sich', 'bewachsen', 'drehwüchsig', 'gewachsen', 'herwachsen', 'unterwachsen', 'unterwüchig', 'urwüchsig', 'verwachsen', 'wegwachsen', 'wüchsig', 'zugewachsen', 'zusammenwachsen', 'zwiewüchsig']"
Gewicht,['Angewicht']
Grenze,"['Angrenze', 'Gemarkungsgrenze', 'Grenzer', 'Grenzgraben', 'abgrenzen']"
Rohr,"['Angströhre', 'Ansatzrohr', 'Armeseeleröhre', 'Bratröhre', 'Drainageröhre', 'Luftröhre', 'Ofenröhre', 'Paraderöhre', 'Rohrer', 'Röhrener', 'Röhrenfüchse', 'Röhrenklöße', 'Röhrig', 'Röhriger', 'Röhrling', 'Sandröhrling', 'Sonntagsröhre', 'Tennengeröhre', 'Tennengeröhrig', 'Tennenröhrig', 'Tenngeröhrig', 'Tennröhrig', 'Vaterunserröhre', 'Verbindungsrohr', 'Zugrohr', 'falsche Luftröhre', 'falsche Röhre', 'falsches Röhrlein', 'röhren', 'unrechte Luftröhre', 'unrechte Röhre', 'verrohren']"
Scheiß,"['Angstschisser', 'Anschiss', 'Beetscheißer', 'Bettscheißer', 'Brockenscheißer', 'Fliegenscheißer', 'Geldscheißer', 'Geltenscheißer', 'Gescheitscheißer', 'Gescheiß', 'Geschiss', 'Geschissen', 'Giftscheißer', 'Giftscheißerin', 'Glockenscheißer', 'Gänsescheiße', 'Hemdenschisser', 'Hemdscheißer', 'Hemdschisser', 'Hochgeschissener', 'Hosenscheißer', 'Hosenschisser', 'Hundsscheiße', 'Hühnerscheiße', 'Katzenscheiße', 'Kesselscheißer', 'Kirschenkernscheißer', 'Klugscheißer', 'Kohlscheißer', 'Krautscheißer', 'Kuhscheiße', 'Kuhscheißer', 'Kuhscheißig', 'Köhlscheißer', 'Kühscheiße', 'Kühscheißer', 'Madenscheißer', 'Mainscheißer', 'Mittagsscheißer', 'Mückenscheißer', 'Neungeschissene', 'Neungeschissener', 'Pflasterscheißer', 'Raupenscheißer', 'Saalscheißer', 'Scheiße', 'Scheißen', 'Scheißer', 'Scheißerin', 'Schifferscheiße', 'Schisser', 'Schleimscheißer', 'Schlottenscheißer', 'Schönscheißer', 'Stadtscheißer', 'Stadtschisser', 'Stürzenscheißer', 'Stützenscheißer', 'Trottoirscheißer', 'Tupfeleinsscheißer', 'Tüpfeleinsscheißer', 'Verratschieß', 'Verratschisser', 'Wagscheißer am Auge', 'Wegscheißer', 'Weichscheiße', 'Wüstenscheißer', 'alle Hundschieß', 'alle Hundsschieß lang', 'alle Scheiß lang', 'alle Schieß breit', 'alle Schieß lang', 'alle Schießlänge', 'alle Schiss', 'anscheißen', 'aufscheißen', 'bescheißen', 'beschissen', 'dünnschissig', 'eingeschissen', 'einscheißen', 'geschissen', 'heineinscheißen', 'herabgeschissen', 'herausscheißen', 'hereingeschissen', 'hineingescheißen', 'hineingeschissen', 'hineinscheißen', 'hochgeschissen', 'scheißen', 'scheißern', 'schönscheißen', 'verratschissern', 'verscheißen', 'verschissen', 'vollgeschissig', 'zusammenscheißen', 'zusammenschissen']"
gucken,"['Angucken', 'Anguckens', 'Aprilengucker', 'Aprilgucker', 'Aprilsgucker', 'Brillengucker', 'Gucker', 'Guckser', 'Gutzer', 'Hühnergucke', 'Mädleingucker', 'Mädleinsgucker', 'Schlaggucke', 'Sterngucker', 'angucken', 'begucken', 'hergucken', 'heruntergucken', 'hingucken', 'nach dem Rechten gucken', 'nachgucken', 'vergucken', 'weggucken', 'zugucken']"
halten,"['Anhalten', 'Ansprache halten', 'Aufhalte', 'Aufhalten', 'Aufhalter', 'Aushalten', 'Behalter', 'Behaltmannsdorf', 'Bleistifthalter', 'Brautbehälter', 'Deichselhalter', 'Däumelhalter', 'Einhalte', 'Einhalten', 'Eisenhalter', 'Federhalter', 'Feilhalter', 'Flieghalter', 'Füllfederhalter', 'Füllhalter', 'Garderobenhalter', 'Gehalt', 'Gehälter', 'Geschirrhalter', 'Giebelhalter', 'Glasgehälter', 'Glashälter', 'Halter', 'Halterung', 'Haushaltung', 'Hälter', 'Kleiderbehalter', 'Kleiderbehälter', 'Kleidergehälter', 'Kleiderhalter', 'Kleiderhälter', 'Kleiderkalter', 'Kälter', 'Küchenbehalter', 'Küchenbehälter', 'Küchengehälter', 'Küchenhalter', 'Küchenhälter', 'Küchenkalter', 'Küchenkälter', 'Leck-mich-am-Arsch-Haltung', 'Leiterhalter', 'Leuchsenhalter', 'Monturgehälter', 'Rede halten', 'Schüsselhalter', 'Senselhalter', 'Sensenhalter', 'Speisebehalter', 'Speisebehälter', 'Speisgehälter', 'Speiskalter', 'Stammhalter', 'Strängehalter', 'Unterhalt', 'Unterhalter', 'Unterhalterin', 'Unterhaltung', 'Vorbehalt', 'Wasserbehälter', 'Weißzeugbehälter', 'Wetzsteinbehälter', 'Wetzsteinhalter', 'Windelhalter', 'Windenhalter', 'Winterhaltung', 'Wäschbehälter', 'Wäschehalter', 'Zuhälter', 'Zusammenhalten', 'abhalten', 'angehalten', 'anhalten', 'aufhalten', 'auseinanderhalten', 'aushalten', 'außereinanderhalten', 'behalten', 'derhalten', 'einen Narren halten', 'einhalten', 'erhalten', 'festhalten', 'gehalten', 'herhalten', 'hinhalten', 'hinter dem Berg halten', 'in Ehren halten', 'mithalten', 'unterhaltlich', 'unterhaltsam', 'zu Narren halten', 'zum Besten halten', 'zum Narren halten', 'zurückhalten, sich', 'zurückhaltend', 'zusammenhalten', 'Überhalter', 'Überhälter']"
Zeile,"['Anhiebzeile', 'Erdbirnenzeile', 'Erdbirnzeile', 'Erdäpfelszeile', 'Erdäpfelzeile', 'Heuzeilen', 'Zeilig', 'Zeilung']"
Hitze,"['Anhitzer', 'Hitze, haben', 'Hitzeter', 'Hitziger', 'derhitzt', 'hitzen', 'hitzig', 'jähhitzig']"
hutzen,"['Anhutz', 'Anhutzer', 'Derhutzer', 'Hutzer', 'Hutzer-Hutzer', 'anhutzen', 'anhutzen, sich', 'aufhutzen', 'derhutzen', 'derhutzen, sich', 'derhutzt', 'herumhutzen', 'hinhutzen', 'loshutzen', 'weghutzen', 'zusammenhutzen']"
Sack,"['Anhängsack', 'Bettelsack', 'Reitsack', 'Sackhaar', 'Sackhausen', 'Strohsackswitwer', 'Säcke', 'Umhängesack', 'absackeln', 'absacken', 'absäckeln', 'ansacken', 'ansacken, sich', 'aussacken', 'dicksackig', 'einsacken', 'herabsacken', 'in den Sack hauen', 'sacken']"
Johanna,"['Anja', 'Ann-Lena', 'Anna', 'Anna-Lena', 'Annalena', 'Anne', 'Annegret', 'Annette', 'Hanne', 'Jane', 'Janine', 'Jeannette', 'Johanne', 'Marianne', 'Nanette']"
Klang,"['Anklang', 'klingen']"
Nacht,"['Anklopfesnacht', 'Anklopfesnächte', 'Aufnacht', 'Christnächte', 'Drudennächte', 'Fitzelnächte', 'Geisternächte', 'Glöckleinsnächte', 'Hexennächte', 'Klopfelesnächte', 'Klopferlesnächte', 'Klopfersnächte', 'Klopflesnächte', 'Klöpfelesnähte', 'Klöpfelnächte', 'Klöpflesnächte', 'Klöpflesnänchte', 'Kommnacht', 'Nachtbutzer', 'Nachtdüppen', 'Nachtrabe', 'Nachtwandler', 'Obernächte', 'Pfeffernächte', 'Raunächte', 'Reichsnächte', 'Tag-und-Nachtelein', 'Tag-und-Nachterer', 'Thomasnächte', 'Unternächte', 'Vorweihnacht', 'Vorweihnachten', 'Weihnachten', 'Zaubernächte', 'alle Nacht', 'an der Nacht', 'auf die Nacht', 'bei Nacht', 'bei der Nacht', 'des nächten', 'heilige Nächte', 'nachten', 'raue Nächte', 'untersnachten', 'vier heilige Nächte', 'vornacht', 'vornächt', 'voruntersnächten', 'weihnachten', 'zu Nacht', 'zwölf Nächte', 'zwölf Unternächte', 'übernachten', 'übernächtig']"
Kreide,"['Ankreiden', 'ankreideln', 'ankreiden']"
Anke,['Ankse']
Lage,"['Anlage', 'Auflage', 'Auslage', 'Ladungslager', 'Lagbalken', 'Lager', 'Lagerung', 'Unterlage', 'Wendelager', 'ausgelassene Lage', 'gelagert', 'lagern', 'lägerlich', 'lägertig']"
lassen,"['Anlass', 'Aufgebotserlass', 'Auflassen', 'Ausgelassener', 'Ausgelassenes', 'Einlasser', 'Einlasserer', 'Gottverlassmichnicht', 'Hereingelassener', 'abgelassen', 'ablassen', 'anlassen', 'anlassen, sich', 'anlaufen lassen', 'ansausen lassen', 'auf der Achsel reiten lassen', 'auflassen', 'aufnehmen  lassen', 'aufnehmen lassen', 'ausgelassen', 'auslassen', 'auslassen, sich', 'belegen lassen', 'bereiten lassen', 'bespringen lassen', 'decken lassen', 'derlassen', 'durchlassen', 'durchlässig', 'eingelassen', 'einlassen', 'einlassen, mit', 'entlassen', 'erlassen', 'fortlassen', 'gefallen lassen, sich', 'herlaufen lassen', 'herunterlassen', 'in Ruhe lassen', 'loslassen', 'mitgehen lassen', 'mitlassen', 'nachlassen', 'unzuverläßlich', 'verlassen', 'verlassen, sich', 'verlauten lassen', 'verschwinden lassen', 'weglassen', 'widerlassen, sich', 'zerlassen', 'zukommen lassen', 'zulassen', 'zuverlässig']"
Beet,"['Anmahdbeet', 'Erdbirnbeet', 'Erdbirnenbeet', 'Erdäpfel-Beete', 'Erdäpfelbeet', 'Erdäpfelsbeet', 'Gewandebeet', 'Kartoffelbeete', 'Schwarzbeeter', 'Vorbeet', 'anbeeten', 'einbeet', 'einbeeten', 'hinaufbeeten']"
Brett,"['Anmerkbrett', 'Anrichtbrett', 'Aufsetzbrett', 'Aufstellbrett', 'Auftragbrett', 'Auftragsbrett', 'Bodenbrettstütze', 'Bretten', 'Bretterwagen', 'Hin-und-her-Tragbrett', 'Mistbretter', 'Reibbrett', 'Rückbrett', 'Tellerbretter', 'Truhenbretterwagen', 'Wagenbrettstütze', 'Zwischenbrett', 'abbrettern', 'brettern', 'daherbrettern', 'dünne-Brettchen-Bohrer', 'gebrettert']"
mähen,"['Anmäher', 'Bindemäher', 'Bindermäher', 'Einmäh', 'Einmäher', 'Gerstenmäher', 'Getreidemäher', 'Hafermäher', 'Holzmahder', 'Mäher', 'Sensenmäher', 'abgemäht', 'abmähen', 'anmähen', 'aufmähen', 'ausmähen', 'beimähen', 'durchmähen', 'einmähen', 'gemäht', 'hinmähen', 'umgemäht', 'wegmähen', 'widermähen']"
Katharina,"['Ann-Kathrin', 'Annkathrin', 'Brunzkäthe', 'Karin', 'Kathrin', 'Kathrine', 'Katrin', 'Kädder', 'Käthe', 'Schnellkathrin', 'Schnellkathrine', 'Schnellkatrin', 'laufete Kathel', 'schnelle Kathrin', 'schnelle Kathrine', 'schnelle Katrin']"
Isabel,['Annabel']
Isabella,['Annabella']
Maria,"['Annamaria', 'Annamia', 'Annemarie', 'Beerenmarie', 'Heidemarie', 'Marie', 'Marion', 'Meike', 'Rosemarie']"
Elisabeth,"['Annelies', 'Anneliese', 'Bettina', 'Brunzliese', 'Elisa', 'Elisabetha', 'Elise', 'Ella', 'Elsa', 'Else', 'Ilse', 'Lieselotte', 'Liesette', 'Lisa', 'Lisette', 'Lolo', 'Pappelliese', 'Patschliese', 'Pissliese', 'Pöpel-Liese', 'Schimpfliese', 'Schnatterliese', 'Schreiliese', 'Schwatzliese', 'Tratschliese', 'Wett', 'Wetta', 'Wettl', 'Zankliese']"
suchen,"['Annäherungsversuch', 'Aussuchen', 'Beerensucher', 'Beerensücher', 'Beersucher', 'Besucher', 'Futtersuche', 'Gesuch', 'Mannsbildersucher', 'Marktbesucher', 'Sucher', 'Versucher', 'Waldbeerensucher', 'absuchen', 'aufsuchen', 'aussuchen', 'besuchen', 'durchsuchen', 'untersuchen', 'versuchen', 'zu suchen haben', 'zusammensuchen', 'zusammensüchen']"
pfeifen,"['Anpfiff', 'Backpfeife', 'Durchpfiff', 'Gepfeif', 'Gepfeife', 'Mundpfeife', 'Nordpfeifer', 'Pfeife', 'Pfiffger', 'Pfiffiger', 'Querpfeifer', 'Schaffnerspfeife', 'Signalpfeife', 'Tabakpfeife', 'Trillerpfeife', 'abpfeifen', 'anpfeifen', 'aufpfeifen', 'gedrehte Wichspfeifel', 'gedrehte Wichspfeifelein', 'umeinanderpfeifen', 'verpfeifen', 'zurechtpfeifen', 'zusammenpfeifen']"
raffen,"['Anraffer', 'Aufraffig', 'Ausgeraffig', 'Ausraffelig', 'Ausraffig', 'Ausrafflig', 'Einraffshof', 'Geraffig', 'Raffer', 'Raffig', 'Tennengeraffig', 'Zusammengeraffter', 'abraffeln', 'abraffen', 'abräffen', 'angeraffen', 'anraffeln', 'anraffen', 'aufraffeln', 'aufraffeln, sich', 'aufraffen', 'aufraffen, sich', 'ausraffeln', 'beraffen', 'derraffen', 'derraffen, sich', 'durchraffeln', 'geraffelig', 'in die Höhe raffen, sich', 'umraffeln', 'wegraffeln', 'zusammengeraffeln', 'zusammenraffeln', 'zusammenraffen', 'zusammenraffen, sich']"
Rain,"['Anrainen', 'Anrainer', 'Erdbirnrain', 'Rainig', 'Rainling', 'Rainschwämme', 'Rainung', 'Reihe', 'Vorrain', 'abrainen', 'anrainen', 'aufrainen', 'ausrainen', 'eingeraint', 'einrainen', 'großrainen', 'hinanrainen', 'kleinrainen', 'rainen']"
Pflug,"['Anrainpflug', 'Ausackerpflug', 'Erdbirnenpflug', 'Erdäpfelpflug', 'Erdäpfelspflug', 'Pflugkratze', 'Stupfelpflügen', 'Stuppelpflügen', 'anhinpflügen', 'anpflügen', 'einpflugen', 'herumpflügen', 'pflügen']"
Rand,"['Anrand', 'Dengelrand', 'eingerändelt', 'einrändeln', 'gerandelt', 'rändeln', 'zu Rande']"
ranzen,"['Anranzer', 'Herumranscher', 'Ranzer', 'anranzen', 'ausgeranscht', 'herunterranzen', 'ranzig', 'verrantscht', 'zusammenranzen']"
raunzen,"['Anraunzer', 'Geraunz', 'abraunzen', 'anraunzen', 'geraunzen', 'raunzig', 'zusammenraunzen', 'zusammenrauzen']"
reizen,"['Anreizer', 'anreizen', 'aufreizen', 'gereizen', 'verreizen']"
richten,"['Anrichte', 'Anrichter', 'Anrichtung', 'Aufrichten', 'Fußballschiedsrichter', 'Gescheidrichter', 'Hergerichte', 'Herrichten', 'Himmelsrichtung', 'Hingerichte', 'Küchenanrichte', 'Landrichter', 'Richtung', 'Schiedsrichter', 'Vier-Richter', 'abrichten', 'angerichtet', 'anrichten', 'aufgerichtet', 'aufrichten', 'aufrichten, sich', 'aufrichtig', 'ausgerichtet', 'ausrichten', 'ausrichten, sich', 'einrichten', 'fortrichten', 'hergerichtet', 'hinrichten', 'richtern', 'verrichten', 'vorrichten', 'wegrichten', 'zurichten', 'zusammengerichtet', 'zusammenrichten', 'zusammenrichten, sich']"
Riss,['Anriss']
rumsen,"['Anrumser', 'Rumser', 'anrumsen', 'hinrumsen']"
Rüffel,"['Anrüffler', 'Rüffler', 'abrüffeln', 'ausrüffeln', 'gerüfft', 'zusammenrüffeln']"
Saum,"['Ansaume', 'Eingesäumtes', 'Einsaumung', 'Einsäumen', 'Einsäumung', 'Saumling', 'Säume', 'Säumling', 'Vorsaum', 'abgesäumt', 'absäumen', 'angesäumt', 'ansaumen', 'ansäumen', 'aufsäumen', 'aussäumen', 'besäumen', 'eingesaumt', 'eingesäumt', 'einsaumen', 'einsäumeln', 'einsäumen', 'hinaufsäumen', 'saumen', 'säumen', 'umsäumen', 'vorsaum']"
Ansbach,['Ansbacher']
schaffen,"['Anschaffer', 'Aschaffenburg', 'Bahnbeschäftigter', 'Bahnschaffner', 'Beschäftigung', 'Hereingeschaffte', 'Schaffer', 'Schaffner', 'Schäffer', 'Schüttenwegschaffer', 'Strohschaffer', 'Wegschaffer', 'Weiberverschaffer', 'abgeschaffelt', 'abgeschafft', 'abschaffen', 'anschaffen', 'aufschaffen', 'beischaffen', 'beschäftigen', 'derschaffen', 'durchschaffen', 'einschaffen', 'herschaffen', 'hinschaffen', 'verschaffen', 'vorschaffen', 'vorschaffen, sich', 'wegschaffen', 'zerrähgeschafft', 'zusammengeschafft', 'zusammenschaffen']"
schauen,"['Anschauen', 'Anschauung', 'Geschau', 'Schöngeschauer', 'Schönschauer', 'Umschau', 'abschauen, sich', 'angeschauen', 'anschauen', 'aufschauen', 'ausschauen', 'derschauen', 'durchschauen', 'einschauen', 'geschauen', 'geschaut', 'herschauen', 'hinschauen', 'nachschauen', 'umschauen', 'ungeschaut', 'verschauen', 'vorschauen', 'wegschauen', 'zusammenschauen', 'zuschauen']"
schießen,"['Anschießer', 'Bauchschießer', 'Einschuss', 'Schießer', 'Schnellschießer', 'abgeschossen', 'abgeschosst', 'abgeschoßt', 'abschicken, sich', 'abschießen', 'abschüssig', 'angeschossen', 'anschießen', 'aufgeschossen', 'aufschießen', 'ausgeschossen', 'ausgeschosst', 'ausschießen', 'derschießen', 'derschossen', 'einen Bock schießen', 'einschießen', 'erschießen', 'erschossen', 'geschossen', 'geschoßt', 'herunterschießen', 'hindurchschießen', 'hinterschießen', 'hochgeschossen', 'losschießen', 'schussen', 'schussern', 'sonnenschüssig', 'verschießen', 'verschossen', 'verschoßt', 'verschößt', 'vorschießen']"
Gasse,"['Anschlaggasse', 'Getreidgasse', 'Heugassen']"
Hammer,"['Anschlaghammer', 'Dengelhammer', 'Vorschlaghammer', 'Vorsetzhammer', 'behämmert', 'hämmern']"
Schluss,"['Anschluss', 'Beschluss', 'Schlussring', 'unschlüssig']"
Schmus,"['Anschmuser', 'Berufsschmuser', 'Bierschmuser', 'Dienstbotenschmuser', 'Dienstbotenverschmuser', 'Dummschmuser', 'Einhaltenschmuser', 'Geschmus', 'Geschmuster', 'Heiratschmuser', 'Heiratsschmuser', 'Hochzeitsschmuser', 'Schabbesschmusen', 'Schmusen', 'Schmuser', 'Schmuserin', 'Schmusern', 'Schmüser', 'Verschmuser', 'Zusammengeschmuste', 'Zusammengeschmuster', 'abschmusen', 'anschmusen', 'anschmusen, sich', 'einschmusen', 'geschmust', 'heranschmusen', 'schmuseln', 'schmusen', 'schmüsern', 'verschmusen', 'verschmusen, sich', 'verschmust', 'zusammengeschmust', 'zusammenschmusen']"
Schnauze,"['Anschnauzer', 'Schnauzer', 'Schnauzerer', 'Stachelbeerschnauzer', 'abschnaunzen', 'abschnäuzen', 'anschnauzen', 'kaltschnauzig', 'schnauzen', 'schnauzig', 'zusammenschnauzen']"
Tafel,"['Anschreibtafel', 'Aufschreibtafel', 'Tafelwagen']"
Schuss,"['Anschuss', 'Geschuss', 'Schreckschusstöpfer', 'Schusserer', 'Schusserin', 'Schussler', 'Vorschuss', 'in Schuss']"
schwellen,"['Anschwellen', 'Euterschwellung', 'Geschwellig', 'Geschwollener', 'Geschwollner', 'Geschwulst', 'angeschwellen', 'anschwellen', 'anwachsen', 'aufschwellen', 'ausschwellen', 'einschwellen', 'geschwellen', 'geschwellt', 'geschwollen']"
schüren,"['Anschüren', 'Schürer', 'anschüren', 'einschüren', 'nachschüren', 'zuschüren']"
Sicht,"['Ansicht', 'Aussicht', 'Aussichtige', 'Rücksicht', 'Vorsicht', 'Zuversicht', 'kurzsichtig', 'vorsicht', 'vorsichtig']"
Karte,"['Ansichtskarte', 'Brunzkarter', 'Brunzkartler', 'Karten', 'Seichkarter', 'Zugkarte', 'abgekartelt', 'abgekartet', 'abkarteln', 'abkarten', 'ankarten', 'auskarten', 'auskärteln', 'karteln', 'zusammenkarten']"
Sache,"['Ansichtssache', 'Einreibsache', 'Geschmackssache', 'Sieben Sachen packen', 'Ursächer', 'hauptsächlich', 'tatsächlich']"
Leiter,"['Ansitzleiter', 'Anstandsleiter', 'Aufleiterung', 'Aufsetzleiter', 'Einleiter', 'Heuleitern', 'Heuleiterwagen', 'Hinkelleiter', 'Hinkelsleiter', 'Leitern', 'Leiternwange', 'Leiterstütze', 'Leiterstützen', 'ableitern', 'aufleitern', 'geleitert', 'leitern', 'umleitern', 'zusammengeleitert']"
Spruch,"['Anspruch', 'Bedankspruch', 'Sprüche', 'Verspruch']"
stauen,"['Anstauung', 'Stauung', 'Stäudig', 'angestaut', 'anstauen', 'gestaut']"
Stich,"['Anstichler', 'Stichler', 'Vorstich', 'ansticheln', 'aufsticheln', 'daherstichern', 'gesticheln', 'herumsticheln', 'kernstichig', 'stecheln', 'sticheln', 'stichig', 'stichseln', 'stichsen', 'stickeln', 'wurmstichig', 'zusticheln']"
stiften,"['Anstifeler', 'Anstifer', 'Anstifler', 'Anstifter', 'Anstiftler', 'Klassenanstifter', 'Teufelsanstifter', 'Unruhestifter', 'Unruhstifter', 'Unruhstifterin', 'anstifeln', 'anstifteln', 'anstiften']"
streichen,"['Anstreicher', 'Aufgestrichenes', 'Aufstreichig', 'Aufstrich', 'Bartstreicher', 'Bügelstrich', 'Grenzstrich', 'Holzstrich', 'Landstreicher', 'Lausbubenstreich', 'Pflaumenstreiche', 'Rhönstrich', 'Sensenstrich', 'Stadtstreicher', 'Streiche', 'Streicher', 'Strich', 'Striche', 'Verstrich', 'am Strich gehen', 'anstreichen', 'anstricheln', 'aufstreichen', 'ausstreichen', 'einstreichen', 'gestrichen', 'gestricht', 'herstreichen', 'hinstreichen', 'hinterstreichen', 'versteichen', 'verstreichen', 'zustreichen, sich']"
streng,"['Anstrengung', 'anstrengen']"
Anstand,['Anständige']
stüren,"['Anstürer', 'Feuerstürer', 'Gestür', 'Herumgestüre', 'Pflugstürer', 'Schneestürer', 'Stürer', 'anstüren', 'aufstüren', 'herumsturen', 'herumstüreln', 'stürne', 'umeinanderstüreln', 'umherstüre', 'umherstüren']"
Antiquität,['Antiquatsch']
Antonia,['Antonie']
tupfen,"['Antupf', 'Holztupfer', 'I-Tüpfelchen', 'I-Tüpfelein', 'angetupft', 'antupfen', 'betupft', 'getupft', 'getüpfelt', 'i-Tüpfelein']"
Recht,"['Anwendrecht', 'Aufwenderecht', 'Einwenderecht', 'Spessartrechtler']"
wesen,['Anwesen']
warten,"['Anwärter', 'Aufwartung', 'abwarten', 'aufwarten', 'auswarten', 'derwarten', 'erwarten']"
zeigen,"['Anzeige', 'Anzeiger', 'Heiratsanzeige', 'Hochzeitsanzeige', 'Vermählungsanzeige', 'Zeitungsanzeige', 'abzeigen', 'anzeigen', 'anzeigen, sich']"
zetten,"['Anzettler', 'anzetteln', 'verzetteln']"
Zügel,"['Anzügel', 'ungezügelt']"
zünden,"['Anzünder', 'Aufzünder', 'Entzündung', 'Euterentzündung', 'Kniegelenkzündung', 'Kniescheibenzünder', 'Kniescheibenzündung', 'Kniezündung', 'Knochenzündung', 'Ofenzünder', 'Papieranzünder', 'Papierzünder', 'Schneeanzünder', 'Schweißtropfenzünder', 'Schweißtropfenzündung', 'Spätzünder', 'Tausendzünder', 'Tretzündung', 'Wadenzündung', 'Zünder', 'Zünderer', 'Zündpapier', 'anzündeln', 'anzünden', 'aufzünden', 'derzünden', 'einzünden', 'entzünden', 'herabzünden', 'herunterzünden', 'herzünden', 'reinzünden']"
Apfel,"['Apfel, blühen wie ein fauler', 'Apfelsine', 'Aufleseapfel', 'Augapfel', 'Ausleserdapfel', 'Erdapfel', 'Erdapfelbackes', 'Erdapfelbeete', 'Erdapfelfurche', 'Erdapfelklauben', 'Erdapfelpamper', 'Erdapfelschäler', 'Erdäpfel', 'Erdäpfelbackel', 'Erdäpfelbacker', 'Erdäpfelbackes', 'Erdäpfelball', 'Erdäpfelballen', 'Erdäpfelbauch', 'Erdäpfelbauer', 'Erdäpfelbaunze(n)', 'Erdäpfelbaunzer', 'Erdäpfelbraten', 'Erdäpfeldatsch', 'Erdäpfeldatsche', 'Erdäpfeleinklauben', 'Erdäpfelgabel', 'Erdäpfelgebackene', 'Erdäpfelgeschälig', 'Erdäpfelgraben', 'Erdäpfelgraber', 'Erdäpfelhacke', 'Erdäpfelhacken', 'Erdäpfelhaue', 'Erdäpfelhaut', 'Erdäpfelklauben', 'Erdäpfelkraut', 'Erdäpfelleinklauben', 'Erdäpfelmaschine', 'Erdäpfelnklauben', 'Erdäpfelplatz', 'Erdäpfels-Ex', 'Erdäpfelsaat', 'Erdäpfelsack', 'Erdäpfelsalat', 'Erdäpfelsamen', 'Erdäpfelsbacker', 'Erdäpfelsbackes', 'Erdäpfelsbauch', 'Erdäpfelschalze', 'Erdäpfelsgraben', 'Erdäpfelsgraber', 'Erdäpfelshacke', 'Erdäpfelshacken', 'Erdäpfelskraut', 'Erdäpfelspatz', 'Erdäpfelsriefen', 'Erdäpfelsstampf', 'Erdäpfelsstutzel', 'Erdäpfelstampf', 'Erdäpfelstampfer', 'Erdäpfelstand', 'Erdäpfelstreu', 'Erdäpfelsturzen', 'Erdäpfelstölle', 'Erdäpfelwagen', 'Erdäpfelzammet', 'Erdäpfelzammete', 'Gaulbollen', 'Grüne Erdäpfelbackelein', 'Transcherdapfel', 'aus Äpfel', 'aus Äpfel !', 'beaugapfeln', 'geapfelt', 'gekochte Erdäpfelbackelein', 'rote Äpfelchen', 'Äpfelbacker', 'Äpfelein, schön wie', 'Äpfelgraben', 'Äpfelkrapfen', 'Äpfelranzen', 'Äpfelsbacke', 'Äpfeltasche']"
Blatt,"['Apfelblatter', 'Beerenblatter', 'Blatten', 'Blattig', 'Blätter', 'Blätterig', 'Blättern', 'Blättsen', 'Deckblatt', 'Geblatteter', 'Geblättelte', 'Kohlblätter machen', 'Köhlblätter', 'Laubblätter', 'Magdalena-Blättel', 'Magenblätter', 'Reibblatt', 'Rosenblätter', 'Schmeckschön-Blättlein', 'Wanzenblätter', 'abblatteln', 'abblatten', 'abblattern', 'abbläckern', 'abblätteln', 'abblätten', 'abblättern', 'abblättern, sich', 'abblättsen', 'anblatten', 'anblätten', 'angeblattet', 'ausblatten', 'ausblättern', 'blatten', 'blatten gehen', 'bläckern', 'blätten', 'blättern', 'blättsen', 'entblättern', 'geblatten', 'geblättet', 'herunterblättern', 'hinblättern', 'hopfenblatten']"
Brocken,"['Apfelbrocker', 'Brocker', 'Einbrocken', 'Einbrockig', 'Eingebrockes', 'Eingebrockig', 'Eingebrockte', 'Eingebrocktes', 'Eingebröckeltes', 'Erdäpfelbrocken', 'Erdäpfelsbrocken', 'Erdäpfelsklößbrocken', 'Kotzbrocken', 'Speckbrocker', 'abbrocken', 'abbröckeln', 'einbrocken', 'einbröckeln', 'eingebrockt', 'einhinbrocken', 'gebrockt', 'gebröckelt', 'gebröckelte Klöße', 'verbröckeln', 'zusammenbrockeln', 'zusammenbröckeln', 'Äpfelbrocker']"
Baum,"['Apfelbäume', 'Baumen', 'Baumläufer', 'Baumschneiden', 'Erlbaum', 'Festbaum', 'Unterleiterbaum', 'Vogelbeer', 'abbaumen', 'aufbäumen', 'bäumen', 'herumbäumen', 'kleine Bäumlein', 'zubäumen']"
spalten,"['Apfelspalge', 'Spälge', 'aufspalgen', 'zwiespältig']"
schleichen,"['Apostelschleicher', 'Erbschleicher', 'Erbschleicherin', 'Hereingeschlichener', 'Jerusalemsschleicher', 'Jesusschleicher', 'Kapuzinerschleicher', 'Schleicher', 'anschleichen', 'anschleichen, sich', 'einschleichen, sich', 'erbschleichen', 'fortschleichen', 'hintenrumschleichen', 'hinterher schleichen', 'nachschleichen']"
April,['April! April!']
glotzen,"['Aprilglotzer', 'Aprilsglotzer', 'Brillenglotzer', 'Eierglotzer', 'Geglotz', 'Geglotze', 'Glotze', 'Glotzer', 'Glotzeter', 'Glotzig', 'Marktglotzer', 'Märzglotzer', 'Sauglotzer', 'Säuglotzer', 'anglotzen', 'ausglotzen, sich', 'herglotzen', 'hinaufglotzen', 'hinglotzen']"
sausen,"['Aprilsauser', 'Sauser', 'Schluchtensauser', 'Windsause', 'absausen', 'absausen (lassen)', 'angesäuselt', 'ansausen', 'ansäuseln', 'aufsausen', 'besäuselt', 'fortsausen', 'heruntersausen', 'lossausen', 'versausen', 'vorsausen', 'zusäuseln']"
Schauder,"['Aprilschaudern', 'schauderlich']"
stöbern,"['Aprilstöberer', 'Frühjahrstöber', 'Gestober', 'Gestöber', 'Gestöberer', 'Schneegestöber', 'Schneestöberer', 'Stöber', 'Stöberer', 'aufstöbern', 'ausstöbern', 'durchstöbern', 'gestöbern', 'umstöbern']"
Ar,['Ar']
Arabien,"['Araber', 'Arabs', 'arabisches Vieh']"
Bagage,['Araberbagage']
Bluse,['Arbeitsblusen']
heim,"['Arbeitsheimer', 'Einheimische', 'Einheimischer', 'Geheimes', 'Geheimnis', 'Heimat', 'Heimler', 'Heimlicher', 'Pappelheimer', 'Wolkenkuckuckheimer', 'anheim', 'eingeheimsten', 'einheimsen', 'heimaten', 'heime', 'heimen', 'heimern', 'heimgebacken', 'heimiggehen', 'heimlichtun', 'heimlingen', 'heimsen', 'heimwärts', 'nach heim', 'unheimlich']"
hetzen,"['Arbeitshetzer', 'Aufhetzer', 'Gehetz', 'Hetzer', 'Mordshetze', 'Sauhetze', 'abgehetzt', 'abhetzen', 'abhetzen, sich', 'anhetzen', 'aufgehetzt', 'aufhetzen', 'derhetzen', 'derhetzt', 'gegeneinanderhetzen', 'gehetzt', 'hinhetzen', 'hintereinanderhetzen', 'verhetzen', 'zusammenhetzen']"
Arke,"['Arker', 'Holzarker', 'Holzärker', 'einarken']"
Stickel,"['Arkstickel', 'Stickelhaar', 'Stickling']"
Arm,"['Arm', 'Armvollen', 'Bremsarm', 'Bremsenarm', 'Deichselarm', 'Drehsperrarm', 'Hemdarm', 'Heuwagenarm', 'Hinterarm', 'Hinterwagenarm', 'Joppenarm', 'Kragarm', 'Lenkarm', 'Längsarm', 'Pappelarm', 'Pflugarm', 'Pflugsarm', 'Scherarm', 'Schlitteleinarm', 'Schlittenarm', 'Sensenarm', 'Vorderarm', 'Waagarm', 'Waagearm', 'Waagenarm', 'Wagenarm', 'Wagenarme', 'Wetterarm', 'Wetterarme', 'Wetternarm', 'aufarmeln', 'hemdsärmelig', 'hemdärmelig', 'umarmen', 'umgearmen', 'umärmeln']"
Kuh,"['Armeleutekuh', 'Kuhhase', 'Kuhpolster', 'Kuhseln', 'Kuhsen', 'Kuse', 'Kühdreckige', 'Kühebauer', 'Kühebreme', 'Kühewampe', 'Kühflecken', 'Kühling', 'Kühschwanz', 'Kühweide', 'Tannenkühe', 'alte Kuh', 'gelte Kuh', 'kühwütig', 'verkuhverwirkeln']"
backen,"['Armer-Mann-Backer', 'Backer', 'Backig', 'Biestbacke', 'Bäcker', 'Erdbirnbackes', 'Erdbirnenbackes', 'Fransenbacker', 'Geback', 'Gebacke', 'Gebackene', 'Gebackene Klößlein', 'Gebackenes', 'Gebackes', 'Gebackiges', 'Gebacktes', 'Gebäck', 'Gebäckenes', 'Gebäckes', 'Grüne Backel', 'Grüne Backelein', 'Grüne Gebackene', 'Grüne gebackene', 'Klößbacke', 'Klöße', 'Krebsbäcker', 'Mehlbacker', 'Schneckenbecke', 'Schnitz und Backelein', 'Weizenegebackene Klöße', 'abgebacken', 'anbacken', 'anbäckeln', 'anbäcken', 'angebacken', 'aufbackeln', 'aufbackteln', 'aufgebacken', 'backig', 'gebacken', 'gebackene Erdäpfelbackeslein', 'gebackene Knödlein', 'gebackenes Kloß', 'gebackenes Knödelein', 'gekochte Backes', 'grün Erdäpfelbackelein', 'grüne Backelein', 'grüne Backeslein', 'grüne Erdäpfel-Backelein', 'grüne Erdäpfelbackelein', 'grüne Erdäpfelsbackelein', 'grüne Gebackene', 'grüne Klöße', 'nachbacken', 'rohe Backelein', 'rohe Backeslein', 'vorbacken', 'zusammenbackeln', 'zusammenbacken']"
leuchten,"['Armleuchter', 'Golleuchter', 'Kipfenleuchter', 'Leuchte', 'Leuchter', 'Wetterleuchter', 'aufleuchten', 'hereingeleuchten', 'herleuchten', 'herunterleuchten', 'hinleuchten']"
schlupfen,"['Armschlupfer', 'Handschlupfer']"
schützen,['Armschützer']
arm,"['Armseligkeit', 'bettelarm', 'ärmlich']"
stauchen,"['Armstaucher', 'Handstaucher', 'Stauche', 'Staucher', 'Staucherer', 'Staufer', 'Stäucher', 'abstauchen', 'ausstauchen', 'durchstauchen', 'verstauchen', 'zusammenstauchen', 'zusammenstauchen, sich']"
Arnold,"['Arno', 'Nöller']"
arretieren,['Arretierer']
weihen,"['Arsch hält Kirchweih', 'Kerzenweihe', 'Salzweihe']"
Backe,"['Arschbacken', 'Backen', 'Streifbacken', 'pausbackig', 'pausbäckig', 'rotbackig']"
Arsch,"['Arscherin', 'Arschpapier', 'Gewürgelarsch', 'Lahmarsche', 'Lahmarschete', 'Lahmarschige', 'Leck-mich-am-Arsch-Hütlein', 'Leck-mich-am-Arsch-Käpplein', 'Papier', 'Redarsch', 'Verratarsch', 'gebackene Arschlöcher', 'lahmarschig', 'ärschlich', 'ärschlings']"
recken,"['Arschherumrecker', 'Ausreck', 'aufrecken']"
kriechen,"['Arschkriecher', 'Bodenkriecher', 'Dachkriecher', 'Hereingekrochene', 'Hereingekrochener', 'Kellerkriecher', 'Kriecher', 'Küchenkriecher', 'Lehrerkriecher', 'Ritzleinskriecher', 'einkriechen', 'verkriechen', 'verkriechen, sich', 'vorkriechen', 'zusammenkriechen']"
Macke,"['Arschmackes', 'Macken', 'Mackerer', 'Mankerer', 'angemackt', 'anmankern']"
rutschen,"['Arschrutscher', 'Ausgerutschter', 'Ausgerutschtes', 'Ausrutscher', 'Bahnrutscher', 'Bauchelrutscher', 'Bauchrutscher', 'Beförderungsrutsche', 'Brettelrutscher', 'Bretterrutsche', 'Brettleinrutscher', 'Durchgerutschter', 'Eisrutsche', 'Eisrutscher', 'Gerutsch', 'Haarrutsche', 'Herumrutscher', 'Kniebankrutscher', 'Knierutscher', 'Käsrutsche', 'Lastrutscher', 'Läusrutsche', 'Melkrutscher', 'Milchkannenrutscher', 'Pfannerutscher', 'Rutsche', 'Rutscher', 'Rutschere', 'Rutscherer', 'Rötsche', 'Rütsche', 'Rütscher', 'Rütschler', 'Schneerutsche', 'Schneerutscher', 'Steinrutsche', 'Strohrutsche', 'Verrutschen', 'Wegrutscher', 'Wehrrutsche', 'abgerutscht', 'abrutschen', 'abrütschen', 'ausgerutscht', 'ausrutschen', 'bauchrutschern', 'durchgerutscht', 'durchrutschen', 'durchrütschen', 'herunterrutschen', 'hin- und her rutschen', 'hin- und herrutschen', 'hinterrutschen', 'rutscherig', 'rutschig', 'unterrutschen', 'verrutschen', 'verrutscht', 'wegrutschen', 'zusammenrutschen']"
schlecken,"['Arschschlecker', 'Geschleck', 'Geschleckerig', 'Geschlecketer', 'Schlecker', 'abgeschleckt', 'abschlecken', 'ausschlecken', 'geschlecket', 'geschleckt', 'hingeschleckt', 'hinschlecken', 'hinterschlecken', 'schleckern', 'zusammenschlecken']"
Weife,"['Arschweifer', 'Geweif', 'Geweife', 'Geweifig', 'Hergeweif', 'Hingeweif', 'Hohlweifer', 'Klassenwafen', 'Krautweifer', 'Langstreckenweifer', 'Leerweifer', 'Salbenweifer', 'Sauweifer', 'Säuweifer', 'Waffler', 'Weckweifer', 'Weifer', 'Weiferer', 'Weiferin', 'anweifen', 'auswaffeln', 'ausweifen', 'daherweifen', 'durchweifen', 'herumweifen', 'verweifen', 'waffeln', 'weifeln', 'weifen', 'zusammenweifen']"
Art,"['Artliche', 'Artlicher', 'Großartiger', 'Unart', 'arten', 'artig', 'artlich', 'ausarten', 'eigenartig', 'großartig', 'katzenartig']"
Aschaffenburg,['Aschaffenburger']
Asche,"['Ascheeimer', 'Ascher', 'Ascher-Hann', 'Ascherer', 'ungebrannte Asche', 'Äscher', 'Äschig']"
Eimer,['Aschereimer']
Kübel,"['Ascherkübel', 'Vorkübel', 'hineinkübeln', 'kübeln']"
pflanzen,"['Asphaltpflanze', 'Birkenpflanze', 'Fichtenpflanze', 'Fleischpflanze', 'Fohrenpflanze', 'Köhlpflanze', 'Mandelpflanze', 'Pflanze', 'Pflanzer', 'Pforschenpflanze', 'Rangelpflanze', 'Rangesenpflanze', 'Rangespflanze', 'Rummelsepflanze', 'Runkelpflanze', 'Runkelrübenpflanze', 'Runkelspflanze', 'Rübenpflanze', 'Setzpflanze', 'Setzrübenpflanze', 'Stadtpflanze', 'Särübenpflanze', 'Verpflanzer', 'Waldpflanze', 'anpflanzen', 'auspflanzen', 'bepflanzen', 'einpflanzen', 'umpflanzen', 'verpflanzen']"
Asphalt,['Asphalttreter']
Ast,"['Ast', 'Dürrast', 'Fallast', 'Genäste', 'Geäst', 'Halast', 'Holzast', 'Kleinast', 'Kronenästig', 'Reisigast', 'Streuast', 'Waldast', 'anasten', 'astig', 'astreich', 'astrig', 'ausasten', 'ausästen', 'durchasten', 'dünner Ast', 'entästet', 'verastet', 'Äste', 'Ästehaufen', 'Ästig', 'Ästrich', 'ästeln', 'ästig']"
Ase,['Aste']
Atatürk,['Atatürken']
Tatti,"['Atta', 'Tatta', 'Tatte', 'Tätta', 'Tätte']"
Ehre,"['Auf Ehre und Seligkeit', 'Unehre', 'Vererhrer', 'auf Ehre', 'auf Ehre und Seligkeit', 'auf Ehre und tausend Sünden', 'auf Ehrenwort', 'auf meine Ehr', 'beehren', 'ehren', 'ehrlich', 'gewiss auf Ehre und Seligkeit', 'verehren']"
Bock,"['Aufbocken', 'Aufgebocktes', 'Bockeln', 'Bocken', 'Bocker', 'Bockerer', 'Bogen', 'Dengelbock', 'Doppelbocker', 'Gemsbock', 'Hinterbock', 'Hörnerbocker', 'Kohlbock', 'Kohlenbock', 'abbockeln', 'abbocken', 'abböcken', 'aufbockeln', 'aufbocken', 'bockelig', 'bockeln', 'bocken', 'bockig', 'bocklen', 'bocksen', 'bocksig', 'bockstörrig', 'böckeln', 'böckern', 'böcksern', 'herabbocken', 'herunterbockeln', 'hutzebockeln', 'ins Bockshorn jagen', 'umbocken', 'verbockeln', 'verbocken', 'verbockt', 'Ährenböcke']"
brausen,"['Aufbrauser', 'Aufbrauseter', 'Brauser', 'Brusler', 'Gebraus', 'aufbrausen', 'aufbrausend']"
rinnen,"['Auffangrinne', 'Augenrinne', 'Backenrinne', 'Besuchsrinne', 'Brechrinne', 'Dachrinne', 'Fettrinne', 'Lausrinne', 'Läusrinne', 'Rinne', 'Rinnete', 'Rinnig', 'Schweißrinne', 'Speckrinne', 'Wasserrinne', 'gerinnen', 'nachrinnen', 'verkehrte Rinne']"
Forst,"['Aufforsten', 'Forsterer', 'Forstweg', 'Förster', 'abforsten', 'aufforsten']"
Batzen,"['Aufgebatzter', 'Batzenella', 'Batzer', 'Batzerer', 'Brotbatzer', 'Bätzig', 'Einbatzer', 'Fleckbatzer', 'Fleckbätzer', 'Fleckleinsbatzer', 'Fleckleinsbätzer', 'Gebatz', 'Honigbatzer', 'Kellerbätzer', 'Kuhbatzer', 'Kühbatzer', 'Lumpenbatzer', 'Mistbatzer', 'Nestbätzer', 'Pullenbatzer', 'Stoffbatzer', 'Zuckerbatzer', 'anbatzen', 'anbatzen, sich', 'angebatzt', 'aufbatzen', 'ausbatzen', 'batzig', 'einbatzen', 'gebatzt', 'herumbätzern', 'hinabbatzen', 'hinbatzen', 'verbatzt', 'verpatzt', 'zusammenbatzen', 'zusammengebatzt']"
blasen,"['Aufgeblasene', 'Aufgeblasener', 'Blase', 'Blaser', 'Blasköpfiger', 'Blutblase', 'Bläse', 'Bläser', 'Geblas', 'Gebläs', 'Gebläster', 'Hasenblaser', 'Hirnbläsierter', 'Luftblase', 'Nordbläser', 'Ohrenbläser', 'Saublase', 'Saublatter', 'Seifenblase', 'Wasserblase', 'abblasen', 'abgeblasen', 'anblasen', 'aufblasen', 'aufblasen, sich', 'aufgeblasen', 'aufgeblasener', 'ausblasen', 'blasern', 'blastern', 'bläsern', 'blästern', 'blästig', 'einblasen', 'nach Luft blasen', 'umblasen', 'zubläseln', 'zurechtblasen', 'zusammenblasen']"
bieten,"['Aufgebot', 'Auserboten', 'Ausgebiet', 'Ausgeboten', 'Verbot', 'alle Bot', 'alle Gebot', 'alle Gebot lang', 'alle Gebot wieder', 'anbieten', 'aufbieten', 'aufgeben', 'verboten']"
bringen,"['Aufgebrachte', 'Balleinbringer', 'Gleich-Aufgebrachter', 'Hinterbringer', 'Mitbringets', 'abbringen', 'anbringen', 'auf Dampf bringen', 'auf Schwung bringen', 'auf Trab bringen', 'aufbringen', 'aufgebracht', 'aus der Ruhe bringen', 'ausbringen', 'auseinanderbringen', 'beibringen', 'durchbringen', 'durchbringen, sich', 'durcheinanderbringen', 'einbringen', 'fortbringen', 'fortbringen, sich', 'herbringen', 'herunterbringen', 'hinaufbringen, sich', 'hinbringen', 'hinterbringen', 'hinunterbringe', 'in Ordnung bringen', 'in Trab bringen', 'in die Höhe bringen', 'losbringen', 'mitbringen', 'um etw. bringen', 'umbringen', 'umbringen, sich', 'untereinanderbringen', 'vorbringen', 'voreinanderbringen', 'wegbringen', 'zubringen', 'zusammebringen', 'zusammenbringen', 'zuwege bringen', 'zuwegebringen']"
Docke,"['Aufgedockelte', 'Zusammengedockelte', 'aufdockeln', 'aufgedockelt', 'aufgedöckelt', 'dockelen', 'dockelich', 'dockeln', 'docken', 'dockerieren', 'dockern', 'döckeln', 'gedöckelt', 'hergedockelt', 'herumdockeln', 'herumdocken', 'hinandockeln', 'hinandöckeln', 'hindockeln', 'rotes Dockelein', 'zusammendockeln', 'zusammengedockelt', 'zusammengedöckelt']"
Donner,"['Aufgedonnerte', 'abdonnern', 'andonnern', 'aufdonnern', 'aufdonnern, sich', 'aufgedonnert', 'daherdonnern', 'donnern', 'herausdonnern', 'hinaufdonnern', 'losdonnern', 'verdonnern', 'wegdonnern', 'zusammendonnern']"
passen,"['Aufgepasster', 'Aufgepasstes', 'Aufpassen', 'Aufpasser', 'Aufpasserin', 'Auspasser', 'Verpasstes', 'abpassen', 'anpassen', 'aufgepasst', 'aufpassen', 'unpassend', 'unpassig', 'unpaß', 'unpässlich', 'verhopppassen', 'verpassen', 'verunpassen', 'zusammenpassen']"
regen,"['Aufgeregter', 'Aufregung', 'Mordsaufrege', 'Mordsaufregung', 'aufgeregt', 'aufregen', 'aufregen, sich', 'aufregend']"
Schlitz,"['Aufgeschlitzig', 'Aufgeschlitztes', 'Aufschlitzen', 'Geschlitztes', 'Halmschlitzen', 'Schleißenschlitzer', 'Schlitze', 'Schlitzer', 'Stoppelschlitzen', 'Stupfelschlitzen', 'Umschlitzen', 'Wiesenschlitzen', 'anschlitzen', 'aufgeschlitzt', 'aufschlitzen', 'aufschlitzen, sich', 'ausschlitzen', 'eingeschlitzt', 'einschlitzen', 'geschlitzt', 'herabschlitzen', 'herumschlitzen', 'schlitzen', 'umgeschlitzt', 'umschlitzen']"
schnappen,"['Aufgeschnapptes', 'Eingeschnappter', 'Geschnäppige', 'Schnapper', 'Schnapperer', 'Schnapperich', 'Schnappig', 'Schnäppere', 'Schnäpperer', 'Schnäppern', 'Schnäppiger', 'Schnüppergosche', 'abschnappen', 'aufgeschnappt', 'aufschnappen', 'derschnappen', 'eingeschnappt', 'einschnappen', 'geschnappt', 'nach Luft schnappen', 'schnappern', 'schnappig', 'schnäppern', 'verschnappen', 'wegschnappen', 'zerschnappen', 'zuschnappen', 'Übergeschnappter']"
Schnecke,"['Aufgeschneckselte', 'Schnecken', 'Schneckentier', 'Schnecker', 'Schneckerich', 'Schneckerin', 'Schneckler', 'Schnecko', 'aufgeschneckelt', 'aufschneckeln', 'geschneckelt', 'heraussschnecken', 'hergeschneckelt', 'herschneckeln', 'herschneckeln, sich', 'herschnecken', 'hinangeschneckelt', 'hinaufschneckeln', 'hinaufschnecken', 'hinschneckeln', 'schneckelig', 'schneckeln', 'schnecken', 'schnecklich', 'zur Schnecke machen', 'zusammengeschneckelt', 'zusammenschneckeln', 'zusammenschnecken']"
Spieß,"['Aufgespießte(r)', 'Garbenspießen', 'Garbenspießer', 'Garbspießen', 'Getreidspießen', 'Herbstspießer', 'Reckenspießen', 'Spiesser', 'Spießen', 'Spießer', 'Spießerin', 'Strohspießer', 'abspießen', 'aufhinspießen', 'aufspießen', 'herumspießen', 'hinaufspießen', 'spießen']"
Spreißel,"['Aufgespreißeltes', 'Gespreißel', 'Schlittensprissel', 'Spreißeln', 'Sprissel', 'Sprisselrappe', 'abgespreißelt', 'aufgespreißelt', 'aufspreißeln', 'daherspreißeln', 'gespreißelt', 'herumspreißeln', 'losspreißeln', 'spreißeln', 'verspreißelt']"
springen,"['Aufgesprungenes', 'Bettspringer', 'Bocksprung', 'Dachvorsprung', 'Fallschirmspringer', 'Froschsprung', 'Hechtsprung', 'Hürdenspringer', 'Katzensprung', 'Kopfsprung', 'Röhrenspringer', 'Seitenspringer', 'Seitensprung', 'Springer', 'Sprung', 'Sprünge', 'Vorsprung', 'Widspringer', 'Wiegenspringer', 'Zuspringerin', 'abspringen', 'anspringen', 'aufgesprungen', 'aufspringen', 'beispringen', 'bespringen', 'eingesprungen', 'einspringen', 'gesprungen', 'herausspringeen', 'herspringen', 'herunterspringen', 'hinspringen', 'hinterspringen', 'vorspringen', 'zusammenspringen']"
Takel,"['Aufgetakelte', 'abtakeln', 'aufgetakelt', 'auftakeln']"
Trumpf,"['Aufgetrumpft', 'abtrumpfen', 'auftrumpfen']"
warm,"['Aufgewärmtes', 'Gelenkwärmer', 'Magenwärmer', 'Nasenwärmer', 'Pulswärmer', 'Sauwärme', 'Seelenwärmer', 'Wärme', 'anwärmen', 'aufgewärmen', 'aufgewärmt', 'aufwärmen', 'derwärmen', 'gewärmen', 'gewärmen, sich', 'gewärmt', 'ungewärmt', 'warm werden', 'wärmen', 'übergewärmen']"
Gurt,"['Aufgurter', 'Gürte', 'Gürter', 'angürten', 'aufgegürtelt', 'aufgürten', 'gurten', 'gürten', 'zusammengegurtet']"
Kette,"['Aufgurtkette', 'Aufhaltekette', 'Deichselketten', 'Einhängkette', 'Geißriemen', 'Kettenschlepper', 'Langwiedketten', 'Reißkette', 'Spannketten', 'Verbindungskette', 'Zerrkette', 'Zugkette', 'Zusammenhaltkette', 'Zusammenhängkette', 'abketteln', 'anketten', 'aufketteln']"
Prügel,"['Aufgürtprügel', 'abprügeln', 'prügeln', 'verprügeln']"
helfen,"['Aufhelfer', 'Aushelfer', 'Aushilfe', 'Dreschhelfer', 'Helfer', 'Hilfe', 'Kalkhilfe', 'Kinderhilfe', 'Küchenhilfe', 'Messhelfer', 'Mithilfe', 'Nothelfer', 'Spülhilfe', 'Unbeholfener', 'Widerhilfe', 'Wirtschaftswunderhelfer', 'aushelfen', 'behelfen', 'forthelfen', 'mithelfen', 'unbeholfen']"
Schnur,"['Aufhängeschnur', 'Betschnur', 'Dengelschnur', 'Einbindschnur', 'Eindrehschnur', 'Geschnür', 'Schnarre', 'Vorschnur', 'schnüren', 'zuschnüren']"
Schlaufe,['Aufhängschlaufe']
kleben,"['Aufkleber', 'Brauereiaufkleber', 'Flaschenaufkleber', 'Kleber', 'aufkleben', 'zusammengeklebt']"
koppen,"['Aufkoppen', 'Kopper', 'Koppgöcker', 'aufkoppen']"
Krach,"['Aufkracher', 'Gekrach', 'Halbkracher', 'Hauskracher', 'Krache', 'Kracher', 'Kracherer', 'Kracherler', 'Krachkälte', 'Ladykracher', 'Mistkracher', 'Pfennigkracher', 'Pfennigskracher', 'Schweizerkracher', 'krachsten', 'verkrachen, sich', 'verkracht']"
Lauf,"['Auflauf', 'Laufer', 'Neu-Laufer', 'ausläufeln', 'ausläufen', 'ausläufern', 'laufen', 'läufeln', 'läufen', 'läufern']"
Kloß,"['Auflaufklöße', 'Ausschöpfkloß', 'Bettelmannskloß', 'Bratklöße', 'Brotklöße', 'Butterklöße', 'Erdbirnenkloß', 'Erdbirnkloß', 'Erdbirnklöße', 'Erdäpfelkloß', 'Erdäpfelskloß', 'Erdäpfelsklöße', 'Grundbirnenklöße', 'Grundbirnklöße', 'Grundbirnsklöße', 'Grüne Erdäpfelklöße', 'Grüne Klöße', 'Grüne gebackene Klöße', 'Hefeklöße', 'Kartoffelklöße', 'Kartäuserklöße', 'Klößebacken', 'Klößer', 'Kälberklöße', 'Mehlgebackene Klöße', 'Mehlklöße', 'Mockeleinklöße', 'Mockeleinsklöße', 'Mockelklöße', 'Ofenklöße', 'Pfannenklöße', 'Reißkloß', 'Rohe Kartoffelklöße', 'Rohe-Kloß-kartoffel', 'Schnippeleinklöße', 'Steinklöße', 'Stumpesklöße', 'Weizene Klöße', 'Weizengebackene Klöße', 'Weizenklöße', 'Zottelklöße', 'eingeschnittene Klöße', 'gebackene Ausschöpfklöße', 'gebackene Klöße', 'gebackene Klößlein', 'gebackene Mehlklöße', 'geröstete Klöße', 'geröstete Klößebröckelein', 'kloßklar', 'klößig', 'klößscheibe']"
liegen,"['Auflieger', 'Liege', 'Liegende', 'Mordslage', 'Querlager', 'Schräglage', 'abgelegen', 'angelegen', 'auf dem Buckel liegen', 'aufliegen', 'durcheinanderliegen', 'entlegen', 'festlieget', 'in der Luft liegen', 'liegelings', 'liegenig', 'liegens', 'liegetig', 'umliegen', 'veranlagt', 'verlegener Fraß']"
läppern,"['Aufläpperig', 'Gegeläpper', 'Gegläppertes', 'Gelapperig', 'Geläpper', 'Geläppere', 'Geläpperig', 'Lapperich', 'Lapperig', 'Läpperig', 'Schläpperig', 'Zusammengegläppertes', 'abläppern', 'aufläppern', 'gegläppert', 'gelappert', 'geläppern', 'lapperig', 'läpperig']"
merken,"['Aufmerksamkeit', 'Dauermerker', 'Gemerk', 'Gemerks', 'Marksteinmerker', 'Merker', 'angemerkt', 'anmerken', 'aufmerken', 'bemerkbar', 'vermerken']"
Peitsche,"['Aufpeitscher', 'Peitscheln']"
picken,"['Aufpicken', 'Aufpickler', 'Eispicker', 'Hirnpicker', 'Picker', 'Schneepicker', 'herumpickern']"
auf,"['Aufrechet', 'Erdäpfelauflauf', 'Geh-auf', 'Gehauf', 'Strohaufräumer', 'absehen auf', 'auf', 'aufeln', 'aufgeschlagen', 'aufgespältet', 'aufhalten, sich', 'aufherumpeln', 'aufhin', 'aufleixen', 'aufmanneln', 'aufpfopfern', 'aufs', 'aufschneckeln, sich', 'aufstollen, sich', 'hintauf']"
Wut,"['Aufräumwut', 'Tollwütiger', 'Wut haben', 'Wütendes Heer', 'Wütendgeheer', 'Wüterich', 'Wütiger', 'Wütiges Heer', 'abwüten', 'arbeitswütig', 'kuhwütig', 'putzwütig', 'wutig', 'wüten', 'wütenig', 'wütig']"
rüsten,"['Aufrüsten', 'Aufrüstung', 'Gerüst', 'Gerüster', 'Rüste', 'abgerüsten', 'abgerüstet', 'abrüsten', 'abrüsten, sich', 'anrüsten', 'aufrüsten', 'einrüsten', 'rüstig', 'umrüsten', 'zurüsten', 'zusammenrüsten']"
sammen,"['Aufsammen', 'Beerensammler', 'Beersammler', 'Nachgesammeltes', 'Raupensammlung', 'Sammete', 'Sammler', 'Sammlung', 'ansammeln', 'aufsammeln', 'aufsammen', 'einsammeln', 'einsammen', 'einsamnen']"
Sattel,"['Aufsattelung', 'Aufsattler', 'Aufsattlung', 'Sattelpfette', 'Satteltier', 'Sattlung', 'aufgesattelt', 'aufsatteln', 'gesattelt']"
Satz,"['Aufsatz', 'Aufsätze', 'Sätze']"
Kragen,"['Aufschlagkragen', 'Auslegkragen', 'Gänskrageter', 'Kragenweite, nicht meine', 'Langkrageter', 'Langkragiger', 'Langkrägeter', 'abkrageln', 'abkragen', 'langkragig', 'verkehrter Kragen', 'Überkrager']"
schocken,"['Aufschocken', 'Schocke', 'Schocker', 'abschocken', 'anschocken', 'aufschocken', 'ausschocken', 'schockern']"
schreien,"['Aufschreier', 'Ausschreier', 'Gescheitschreier', 'Hauptschreier', 'Marktschreier', 'Schreiens', 'Schreier', 'Schreierer', 'anschreien', 'aufschreien', 'ausschreien', 'beschreien', 'derschreien', 'herschreien', 'herunterschreien', 'hinschreien', 'losschreien', 'nachschreien', 'verschrien', 'zusammenschreien', 'zuschreien']"
Schwadron,"['Aufschwadronierer', 'Schwadroneur', 'schwadronieren']"
Haken,"['Aufsperrhaken', 'Einhäkelung', 'Einhänghaken', 'Enterhaken', 'Neidhake', 'Reißhaken', 'Zughaken', 'aushaken', 'eingehakelt', 'eingehakt', 'eingehäkelt', 'einhakeln', 'einhaken', 'einhäkeln', 'hineinhäkeln, sich', 'untergehakt']"
spielen,"['Aufspieler', 'Foulspieler', 'Gespielig', 'Hoppe-hoppe-Reiter-Spiel', 'Puppenspieler', 'Reiterleins spielen', 'Schauspieler', 'Spieler', 'abgespielt', 'abspielen', 'anspielen', 'aufspielen', 'aufspielen, sich', 'eingespielt', 'herumgespielen', 'kostspielig', 'nachspielen', 'unterirdisch Telefon spielen', 'verspielen', 'verspielt', 'zum neuen Jahr aufspielen', 'zusammenspielen']"
sprechen,"['Aufsprecher', 'Fußsprache', 'Gespräch', 'Gesprächiger', 'Großsprecher', 'Obersprecher', 'Rechtsprecher', 'Sprache', 'Sprecher', 'Zuspruch', 'abgesprochen', 'absprechen', 'absprechen, sich', 'aufsprechen', 'ausgesprochen', 'besprechen', 'entsprechen', 'gesprächelig', 'gesprächig', 'gesprächlig', 'redegesprächig', 'redgesprächig', 'redsprächig', 'sprechig', 'ungesprächig', 'versprechen', 'versprochen', 'zusammengesprochen', 'zusammensprechen', 'zusprechen']"
spritzen,"['Aufspritzig', 'Feuerspritze', 'Feuerwehrspritze', 'Gespritzte', 'Gespritzter', 'Gespritztes', 'Gießespritzer', 'Giftspritze', 'Hollerspritze', 'Holunderspritze', 'Mordsspritzer', 'Spritze', 'Spritzer', 'Sprotzer', 'Sprutzer', 'Sprutzeter', 'Sprützer', 'Wasserspritze', 'Weihwasserspritzer', 'aufspritzen', 'gespritzt', 'sprutzig']"
Lumpen,['Aufspüllumpen']
steigen,"['Aufsteiger', 'Aufsteigerin', 'Ausstieg', 'Einstieg', 'Hennensteig', 'Hennensteige', 'Hennenstiege', 'Hühnersteige', 'Hühnerstiege', 'Jägerssteige', 'Kalksteig', 'Steiger', 'absteigen', 'auf die Fersen steigen', 'aussteigen', 'einsteigen', 'hineinsteige', 'nachsteigen', 'umsteigen', 'zu Berge steigen']"
Bub,"['Aufstellbub', 'Beichtbub', 'Belzebub', 'Bettelbub', 'Bube', 'Bubensreite', 'Dorfbuben', 'Kirchweihbuben', 'Spitzbube', 'Zechbuben', 'loser Bube']"
Blech,"['Aufstemmblech', 'Bleche', 'Blecher', 'Blecherige', 'Blechiger', 'Kuchenblecher', 'Reibblech', 'blechenig', 'blecherig', 'blechern', 'blechig', 'blechrig', 'blechten']"
platt,"['Auftragplatte', 'Bauchplatte', 'Baumstumpfplatte', 'Beinplatte', 'Dachplatte', 'Deckplatte', 'Dengelplatte', 'Eisplatte', 'Eisplatten', 'Fallplatte', 'Firstplatte', 'Frostplatte', 'Grasplatte', 'Kaffeeplatte', 'Kahlplatte', 'Kohlenplätte', 'Kühplätter', 'Lagerplatte', 'Mordsplatte', 'Ofenplatte', 'Platte', 'Platten', 'Platter', 'Platterer', 'Plattereter', 'Platterich', 'Plattete', 'Platteter', 'Platteteter', 'Plattfüße', 'Plattner', 'Plätte', 'Plätterer', 'Plättner', 'Schindplatte', 'Schleifplatte', 'Schollenplatte', 'Schwarzplatte', 'Schälplatte', 'Splitterplatte', 'Stahlplätte', 'Steinplatten', 'Stirnplatte', 'Stöckeplatte', 'Säplatten', 'Tischplatte', 'Wasenplatte', 'Winterplatte', 'Ziegelplatte', 'abplatteln', 'abplatten', 'anplatten', 'ausplatten', 'geplättet', 'plattig', 'plätten']"
tunken,"['Auftunken', 'Eintunkig', 'eintunken']"
Zachen,['Aufwaschzachen']
wiegeln,"['Aufwiegler', 'aufwiegeln']"
stutzen,"['Aufzugsstutzen', 'Baumstutzer', 'Gestutzter', 'Stutze', 'abstutzen', 'einstutzen', 'zurechtstutzen', 'zurückstutzen']"
Blick,"['Augblick', 'Durchblick', 'Durchblicker', 'augenblicklich', 'blicken', 'durchblicken']"
Brame,"['Augbrame', 'Augbräme', 'anbramen']"
Braue,['Augbraue']
braun,"['Augbraune', 'Augenbraune', 'Augenbräune', 'Braune', 'Braunen', 'Brauner', 'Kakaobrauner', 'Windbraune', 'anbräunen', 'gebraunt']"
falten,"['Augenfalte', 'Backenfalte', 'Bruchfalte', 'Bügelfalte', 'Falte', 'Faltigkeit', 'Fettfalte', 'Fressfalte', 'Gefaltenes', 'Gefalteter', 'Genickfalte', 'Gesichtsfalte', 'Harmsfalte', 'Hosenbruchfalte', 'Hosenfalte', 'Hungerfalte', 'Knitterfalte', 'Kummerfalte', 'Lachfalte', 'Längsfalte', 'Mordsfalte', 'Quetschfalte', 'Sorgenfalte', 'Speckfalte', 'Stirnfalte', 'Wasserfalter', 'Wülstfalte', 'faltig', 'faltrig', 'gefalteret']"
Scheitel,"['Augscheitel', 'gescheitelt', 'hinanscheiteln', 'hinscheiteln', 'scheiteln']"
Popel,"['Aupopel', 'Gepopel', 'Gerichtspöpel', 'Huhpopa', 'Huhpopo', 'Nacht-Popel', 'Nasenpopeler', 'Nasenpopeln', 'Nasenpopler', 'Nasenpöpler', 'Popa', 'Popeln', 'Popler', 'Popo', 'Pöpel herausmachen', 'Pöpel ziehen', 'abpöpeln', 'aufpöpeln', 'aufpöpeln, sich', 'auspöpeln', 'gepopeln', 'herumpopeln', 'herumpöpeln', 'hinanpopeln', 'hinpopeln', 'nasenpopeln', 'nasenpöpeln', 'popeln', 'pöpeln', 'rotzpopeln', 'rotzpöpeln', 'zupopeln', 'zusammengepopelt']"
aus,"['Aus', 'Ausguß', 'Auslesen', 'Ausnütz', 'Geruhaus', 'Reißaus', 'Teigausroller', 'aus', 'auschnaufen', 'ausgeblasst', 'ausgefüchst', 'ausgegeben', 'ausgeruht', 'ausgeschnauft', 'ausgeschälen', 'ausgeschüttelt', 'ausgestrüpft', 'ausig sein', 'auskoten, sich', 'auskühlen', 'auspatzen', 'auspflückeln', 'auspflücken', 'ausschärreln', 'außen', 'bezahlen', 'durchaus']"
beichten,"['Ausbeichten', 'Ausbeichter', 'Beichte', 'Beichter', 'Beichtgeher', 'Beichtiger', 'Beichtling', 'Erstbeichte', 'Erstbeichter', 'Erstlingsbeichte', 'Hosenbeichter', 'Kinderbeichte', 'Mitbeichten', 'Rechtbeichte', 'Rechtbeichter', 'mitbeichten']"
Büxe,['Ausbüxler']
Fluss,"['Ausfluss', 'Flusskarren', 'brunnflüssig', 'flüssig']"
dürr,"['Ausgedörrter', 'Dürre', 'Dürrer', 'Dürrhachseter', 'Dürrlander', 'Gedörrtes', 'Spindeldürre', 'Tennendörrig', 'Zaundürre', 'abgedörrt', 'andörren', 'angedörrtes', 'ausdörren', 'ausgedorrt', 'ausgedörrt', 'dörren', 'dürrete', 'gedörrt', 'gedürrt', 'verdorren', 'verdorrt', 'verdörrt', 'zusammengedorrt', 'zusammengedörrt']"
frieren,"['Ausgefrorenes', 'Frierer', 'Fröste', 'Gefrorener', 'Gefröst', 'Zusammengefrorener', 'abfrieren', 'angefrieren', 'angefroren', 'aufgefrieren', 'ausfrieren', 'ausgefroren', 'bodenfröstig', 'derfroren', 'eingefrieren', 'erfroren', 'festfrieren', 'gefrieren', 'gefroren', 'hinfrieren', 'hingefrieren', 'verfrieren', 'verfroren', 'zufrieren', 'zugefrieren', 'zusammengefroren']"
Montur,"['Ausgehmontur', 'alte Montur', 'geringere Montur']"
Hunger,"['Ausgehungerter', 'Heißhungen', 'Verhungern', 'abhungern', 'abhungern, sich', 'ausgehungert', 'aushungern', 'durchhungern', 'heißhungrig', 'hungerig', 'hungern', 'hungrig', 'hüngern', 'mordshungrig', 'salzhungrig', 'verhungern', 'verhungert', 'wolfhungrig']"
pichen,"['Ausgepichter', 'Gepich', 'Picher', 'Verpichelter', 'aufpichen', 'aufpicken', 'ausgepicht', 'hinpichen', 'pichig', 'pichtig', 'verpicht', 'zudammengepicht', 'zusammengepicht']"
Polster,"['Ausgepolsterte', 'dreipolsterig', 'gepolstert']"
Ruhe,"['Ausgeruhe', 'Ausgeruhen', 'Ausruhe', 'Geruh', 'Geruhe', 'Geruhplatz', 'Kleiderruhen', 'Ruhiger', 'Ungeruhiger', 'Unruh', 'Unruhe', 'ausgeruhen', 'ausruhen', 'ausruhen, sich', 'ausruhen, sich, einmal', 'beruhen', 'beruhigen', 'geruhen', 'in Ruhe', 'ruhen', 'ruhig', 'unruhig', 'unruhiger Geist']"
Scham,"['Ausgeschämte', 'Bauchschamhaar', 'Schamhaar', 'Schämer', 'Unverschämter', 'Unverschämtheit', 'ausgeschamt', 'ausgeschämt', 'geschämig', 'schämen', 'unverschämt']"
Winter,"['Ausgewinterte', 'Ausgewintertes', 'Auswinterig', 'Auswinterung', 'Martini-Winterlein', 'Vorwinter', 'Wintern', 'Winterung', 'ausgewintert', 'auswintern', 'einwintern', 'einwintern, sich', 'verwintern', 'verwittern', 'vorwintern', 'winterig', 'winterlich', 'wintern', 'wintrig', 'zuwintern', 'überwintern']"
zullen,"['Ausgezullte', 'Brotzüller', 'Fleckleinszuller', 'Fleckleinzuller', 'Lappenzüller', 'Lumpenzuller', 'Lumpenzüller', 'Zuller', 'Züller', 'Zülter', 'abgezullt', 'abzullen', 'anzullen']"
Zaum,"['Ausgezäumter', 'aufgezäumt', 'ausgezäumt', 'auszäumen', 'einzäumen']"
gießen,"['Ausgießen', 'Ausgießer', 'Ausguss', 'Gieße', 'Gießer', 'Gießerer', 'Gießerspritzer', 'Gießerzutter', 'Gießrose', 'Sprengergießer', 'abgegossen', 'angießen', 'aufgießen', 'begießen', 'begossen', 'eingießen', 'hinuntergießern', 'vergießen', 'zusammengießen']"
hecken,"['Aushecker', 'Hereingeheckte', 'Krötengeheckse', 'aushecken']"
Sparren,"['Aushängersparren', 'Gespärr', 'Sparrenträger']"
keuchen,"['Auskeuch', 'Keucher']"
kommen,"['Auskommens', 'Herkommener', 'Nachkömmling', 'Nicht-mehr-von-mir-Wegkommelein', 'Unterkommens', 'Verkommener', 'Zusammenkommen', 'abkommen', 'aneinanderkommen', 'angekommen', 'ankommen', 'ankommen, auf', 'auf die Schliche kommen', 'auf die Welt kommen', 'aufkommen', 'aufkömmeln', 'aus dem Teich kommen', 'auseinanderkommen', 'auskommen', 'beikommen', 'durcheinanderkommen', 'durchkommen', 'einkommen', 'fortkommen', 'herkommen', 'herunterkommen', 'hinkommen', 'hinterdrein kommen', 'hintereinanderkommen', 'hinüberkommen', 'in Kindbett kommen', 'in Schein kommen', 'komm', 'kommen, in Frage', 'mitkommen', 'nach kommen', 'umkommen', 'untereinanderkommen', 'untergekommen', 'unterkommen', 'verkommen', 'vorkommen', 'vorkommen, sich', 'wegkommen', 'zu sich kommen', 'zukommen', 'zupasskommen', 'zurechtkommen', 'zurückkommen', 'zusammenkommen']"
laben,"['Auslaben', 'auslaben']"
Land,"['Ausländer', 'Bauchlandung', 'Coburger Ländlein', 'Dürrländer', 'Erlanger Oberland', 'Heilige Länder', 'Hereinländerin', 'Hinterländer', 'Juralandschaft', 'Karstlandschaft', 'Keuperlandschaft', 'Krautländer', 'Kuhländer', 'Landler', 'Landschaft', 'Oberländer', 'Oberländler', 'Reutland', 'Sudetenländer', 'Unland', 'Unterland', 'Unterländer', 'hierzulande', 'landen', 'Öberländler']"
nutzen,"['Ausnutzer', 'Ausnützer', 'Geradezugenützter', 'Nichtsnutziger', 'abnützen', 'ausnutzen', 'ausnützen', 'benutzen', 'unnütz', 'unnützig']"
plaudern,"['Ausplauderer', 'Dampfplauderer', 'Dorfplauderer', 'Geplauder', 'Gernplauderer', 'Leergeplauder', 'Leerplaudere', 'Leerplauderer', 'Plauderament', 'Plauderer', 'Vielplauderer', 'anplaudern', 'aufplaudern', 'ausplaudern', 'plauderig', 'verplaudern', 'zusammenplaudern']"
Reis,"['Ausputzreisig', 'Besenreisig', 'Birkenreisig', 'Erlenreisig', 'Fallreisig', 'Feueranmachreisig', 'Feuermachreisig', 'Giekelesreisig', 'Hetzenreisig', 'Kartoffelreisig', 'Krackenreisig', 'Kragelreisig', 'Krakelreisig', 'Krähenreisig', 'Leistreisig', 'Lesereisig', 'Lesreisig', 'Pelzreisig', 'Reiserig', 'Reisig', 'Reisig machen', 'Tennenreisig', 'Tennreisig', 'Wagenreisig', 'Wellenreisig']"
Teig,"['Ausrollteig', 'Teigbirna', 'Teigeter', 'Teigpfatzer', 'teige', 'teigen', 'teigern']"
saugen,"['Aussauger', 'Blutsauger', 'Fleckleinsauger', 'Fleckleinssauger', 'Flecksauger', 'Hudelsauger', 'Nudelsauger', 'Sauger', 'Säugling', 'aussaugen', 'festsaugen, sich']"
schimpfen,"['Ausschimpfen', 'Geschimpf', 'Geschimpfe', 'Geschimpfig', 'Geschimpftes', 'Schimpfbold', 'Schimpfe', 'Schimpfer', 'ausschimpfen', 'beschimpfen', 'derschimpfen', 'herunterschimpfen', 'losschimpfen', 'verschimpfen', 'wegschimpfen', 'zusammenschimpfen']"
schnaufen,"['Ausschnaufen', 'Einschnaufen', 'Geschnauf', 'Schnaufer', 'Schnauferer', 'Schnäufer', 'Schnäufter', 'abschnaufen', 'anschnaufen', 'aufschnaufen', 'ausschnauben', 'ausschnaufen', 'ausschnaufen, sich', 'derschnaufen', 'einschnaufen', 'verschnaufen', 'verschnaufen, sich']"
Schande,"['Ausschändes', 'Flurschänder', 'Geschänd', 'Geschände', 'Immerschänder', 'Schänden', 'Schänder', 'Schänderin', 'abschänden', 'anschänden', 'ausschänden', 'derschanden', 'erbschänden', 'geschändet', 'herausschänden', 'hinanschänden', 'hineinschänden', 'hinschänden', 'losschänden', 'mit Schimpf und Schande', 'schänden', 'schändieren', 'verschandeln', 'verschänden', 'zusammengeschändet', 'zusammenschänden', 'zuschanden', 'zuschanden machen']"
siech,"['Aussiechende', 'Aussiechender', 'aussiechtig']"
staffieren,"['Ausstaffierung', 'ausstaffieren']"
Form,"['Ausstechform', 'Förmre', 'Unform', 'Unförmliches', 'unformet', 'unförmig', 'unförmlich']"
Steuer,"['Aussteuer', 'Wegsteuer']"
Kiste,['Aussteuerkiste']
Truhe,"['Aussteuertruhe', 'Aussteuertruhen', 'Brauttruhen', 'Heiratstruhen', 'Truhen']"
Wagen,"['Aussteuerwagen', 'Auszugswagen', 'Erdwagen', 'Gefangenenwagen', 'Gefängniswagen', 'Hinterwagen', 'Ingewäge', 'Innengewäge', 'Unterwagen', 'Wagenlasche', 'Wagenlunner', 'Wagenlünner']"
Trieb,"['Austrieb', 'Triebe', 'Trieber', 'Zwischentrieb']"
Wahl,"['Auswahl', 'auswählen', 'wählen']"
treffen,"['Auswahl treffen', 'Zusammentreffen', 'antreffen', 'getroffen']"
weisen,"['Ausweis', 'Nachweis', 'Wegweiser', 'abweisen', 'anweisen', 'einweisen', 'zurückweisen']"
werfen,"['Auswerfen', 'Auswerfer', 'Auswurf', 'Durchwurf', 'Erdäpfelswerfer', 'Geldauswerfen', 'Nestwerfe', 'Umgeworfenes', 'Werfer', 'Würfe', 'abgeworfen', 'abgeworfig', 'abwerfen', 'anwerfen', 'aufwerfen', 'ausgeworfen', 'auswerfen', 'derwerfen', 'durcheinandergeworfen', 'einwerfen', 'entwerfen', 'entworfen', 'herunterwerfen', 'hinwerfen', 'umwerfen', 'verwerfen', 'verworfen', 'vorwerfen', 'wegwerfen', 'wegwerfen, sich', 'zerwerfen']"
auswärts,"['Auswärtige', 'Auswärtiger', 'Außerwärtige', 'auswärtig']"
Zahl,"['Auszahlgeld', 'Auszahlung', 'Brikettzählen', 'Erbsenzähler', 'Märleinserzähler', 'Verzähler', 'Zahler', 'abbezahlen', 'abzahlen', 'abzählen', 'aufzählen', 'ausbezahlen', 'ausbezahlt', 'ausherzahlen', 'auszahlen', 'der hat ausbezahlt', 'derzahlen', 'derzählen', 'draufzahlen', 'erzählen', 'heimbezahlen', 'heimzahlen', 'herausbezahlen', 'herauszahlen', 'nachzählen', 'verzählen', 'wegbezahlen', 'wegzahlen', 'zahlen', 'zurückbezahlen', 'zurückzahlen', 'zählen']"
Stube,"['Auszugstube', 'Poststube']"
Auto,['Auto']
Sekt,['Autofahrersekt']
Tour,"['Autotour', 'in einer Tour']"
Ehe,['Außerehelicher']
Barbara,"['Baban', 'Babette']"
brunzen,"['Bachbrunzer', 'Bettbrunze', 'Bettbrunzer', 'Brunzdüppe', 'Brunze', 'Brunzer', 'Brünzer', 'Gässleinsbrunzer', 'Gäulsbrunze', 'Hemdbrunzer', 'Hirschenbrunze', 'Hirschenbrunzer', 'Hosenbrunzer', 'Hundsbrunzer', 'Kartenbrunzer', 'Kasperleinsbrunze', 'Katzenbrunze', 'Kuttenbrunzer', 'Mainbrunzer', 'Oberbrunzer', 'Rainbrunzer', 'Schnakenbrunzer', 'Schneebrunzer', 'Schuldenbrunzer', 'Sockenbrunzer', 'Staffelbrunzer', 'Stehbrunzer', 'Stichtenbrunze', 'Stubenbrunzer', 'Säubrunze', 'Wannenbrunzer', 'anbrunzen', 'hereinbrunzen', 'hinbrunzen', 'verbrunzt']"
fegen,"['Bachfeger', 'Fege', 'Feger', 'Gefeg', 'Gefege', 'Handfeger', 'Schlotefeger', 'Schlotfeger', 'Schneeeisenfeger', 'Schornsteinfeger', 'Sternfege', 'Straßenfeger', 'Wegfeger', 'abfegen', 'anfegen', 'auffegen', 'durchfegen', 'losfegen']"
Bache,['Bachin']
Bachinem,['Bachine']
seichen,"['Bachseicher', 'Beinseicher', 'Beseichter', 'Bettseicher', 'Bärenseiche', 'Gaulsgeseiche', 'Geseich', 'Gässleinsseicher', 'Gäulseiche', 'Gäulsseiche', 'Hemdenseicher', 'Heuseicher', 'Hochseicher', 'Hosenseicher', 'Hundsgeseiche', 'Hundsseicher', 'Marktseicher', 'Ochsenseiche', 'Pferdseiche', 'Saichameise', 'Saugeseiche', 'Seiche', 'Seicher', 'Staubseicher', 'Stehseicher', 'Säueseiche', 'Säugeseiche', 'Säuseiche', 'Teufelsseicher', 'abseichen', 'anseichen', 'ausgeseicht', 'beseichen', 'beseicht', 'geseicht', 'herunterseichen', 'hinseichen', 'seichewarm']"
Back,['Backe']
Werk,"['Backwerk', 'Blunzenwerk', 'Brettwerk', 'Brustwerk', 'Buschwerk', 'Busenwerk', 'Feuerwerk', 'Flickwerk', 'Fuhrwerk', 'Fußwerk', 'Gangwerk', 'Geflügelwerk', 'Gefuhrwerk', 'Gewerkte', 'Handwerker', 'Herzwerk', 'Heuwerk', 'Holzwerker', 'Klapperwerk', 'Mauerwerk', 'Memmwerk', 'Mundwerk', 'Mähwerk', 'Rangenwerk', 'Schlumpenwerk', 'Stauwerk', 'Stockwerk', 'Stämmefuhrwerk', 'Sägwerk', 'Tagwerk', 'Werk', 'Werkerin', 'Werkhaue', 'Wurzelwerk', 'auswerken', 'draufloswerkeln', 'fuhrwerken', 'herumwerkeln', 'hinterwerklich', 'hinwerkeln', 'tagwerken', 'werkeln', 'werken']"
Bad,"['Baden', 'Bader', 'Baderer', 'Dreckbaden', 'Staffeleinsbader', 'Stäffeleinsbader', 'Zungenbader', 'ausbaden', 'ausbadern', 'baden', 'badern', 'durchbaden', 'hineinbaden']"
schwemmen,"['Badschwemme', 'Gäulschwemme', 'Hereingeschwemmter', 'Pferdeschwemme', 'Schwemme', 'abgeschwemmt', 'aufschwemmen', 'geschwemmt']"
Bagatelle,['Bagatell']
baggern,"['Bagger', 'ausbaggern']"
Amt,"['Bahnbeamter', 'Beamter', 'Rentamt', 'Sechsämter', 'Sechsämterer', 'Sechsämterland', 'Vermittlungsamt', 'abamtieren', 'abamtieren, sich', 'amten', 'amtieren', 'herumamtieren', 'umeinander amtieren']"
Bahn,"['Bahner', 'Bahnerer', 'Bahnler', 'Dengelbahn', 'Eisenbahner', 'Eisenbahnerer', 'Eisenbähner', 'Lenkbahner', 'Rennbahn', 'bahnen']"
bald,"['Balde', 'Raufbold']"
schinden,"['Balgschinder', 'Barrasschinder', 'Bierschinder', 'Geißschinder', 'Krötenschinder', 'Küheschinder', 'Leutschinder', 'Läuseschinder', 'Rabenschinder', 'Rainschinder', 'Schinder', 'abschinden', 'abschinden, sich', 'anschinden', 'aufschinden', 'derschinden', 'geschunden', 'herabschinden', 'herunterschinden', 'schindern', 'umschindeln', 'umschinden', 'zusammengeschunden', 'zusammenschinden']"
Ball,"['Ballen', 'Ballklöße', 'Butterballen', 'Bällerer', 'Bändleinballen', 'Fleckballen', 'Fleckelballen', 'Fleckeleinsballen', 'Fleckenballen', 'Fleckerlballen', 'Fleckleinballen', 'Fleckleinsballen', 'Flecklersballen', 'Flickballen', 'Fußballen', 'Fußballer', 'Fußballern', 'Grasballen', 'Handballen', 'Krampfballen', 'Käseballen', 'Lumpenballen', 'Läuseballen', 'Rasenballen', 'Schneeball batzen', 'Schneeball bleuen', 'Schneeballen', 'Schneeballschmeißen', 'Schockballen', 'Spaßbälle', 'Stoffballen', 'Stoffrestballen', 'Stopfballen', 'Stoßballen', 'Strohballen', 'Wiesenballen', 'Wolkenballen', 'ballen', 'ballern', 'ballig', 'fußballen', 'geballt', 'gebällt', 'schneeballdern', 'schneeballen', 'schneeballern']"
holen,"['Ballenholer', 'Ballholer', 'Beerholer', 'Bützigholer', 'Dreckholer', 'Erbsenholer', 'Erdäpfelholen', 'Holer', 'Müllabholer', 'Schuttabholer', 'Versäumnis holen', 'Wiederholung', 'abholen', 'ausholen', 'derholen', 'derholen, sich', 'einholen', 'erholen, sich', 'herholen', 'herunterholen', 'mitholen', 'wegholen']"
jung,"['Ballenjunge', 'Balljunge', 'Besoffene Jungfern', 'Brautjungfer', 'Brautjungfern', 'Brutjungfer', 'Hundsjunge', 'Junge', 'Junge kriegen', 'Jungen', 'Junger', 'Jungfer', 'Jüngste', 'Jüngster', 'Kränzeljungfer', 'Laufjunge', 'Lausejunge', 'Lausjunge', 'Lehrjunge', 'Pferdjungfer', 'Pomadenjunge', 'Pomadenjüngling', 'Saujunge', 'Saujungen', 'Seejungfer', 'Wasserjungfer', 'Weiherjungfer', 'ausgesprochener Junge', 'entjungfern', 'hineinjüngen', 'junge Bäumlein', 'jungen', 'jünge', 'jüngen', 'verjüngen']"
Balthasar,['Balse']
stützen,"['Balsterstütze', 'Dachstütze', 'Firststütze', 'Melkstütze', 'Milchtütze', 'Rahmstütze', 'Schlittenstütze', 'Schneestütze', 'Seitenstütze', 'Sitzstütze', 'Wagenstütze', 'Wasserstütze', 'abhinstützen', 'abstützeln', 'abstützen', 'anstützeln', 'aufstützeln', 'gestützeln', 'unterstützeln', 'unterstützen']"
bambern,"['Bamber', 'Bämber', 'Bäpper', 'Fleckleinsbämber']"
Bamberg,"['Bamberger', 'Bamberger Hörnlein', 'Bamberger Land']"
bampeln,"['Bamme', 'Bampe', 'anbampeln', 'bammen', 'verbimpeln', 'zusammenbampeln']"
bammen,"['Bammler', 'Bamper', 'Bamperer', 'Bampese', 'bämbern']"
bampf,['Bampfer']
Banderole,['Banderolen']
Bankert,"['Banker', 'Hurenbanker', 'Inzuchtbankert']"
Barchent,"['Barchat', 'Bettbarchat']"
Barg,"['Barger', 'bärgeln']"
Rute,"['Barnruten', 'Eierruten', 'Herrnruten', 'Ruten']"
Trank,"['Barntränke', 'Brunnentränke', 'Dorftränke', 'Eimertränke', 'Getränk', 'Kartoffeltränke', 'Kälbertränke', 'Sautränke', 'Schrottränke', 'Selbsttränke', 'Selbsttränker', 'Säutränke', 'Tranken', 'Trankig', 'Tränkbottig', 'Tränke', 'Tränken', 'Tränker', 'Tränkig', 'Tränkstützen', 'Viehtränke', 'Viehtränker', 'getränkt', 'tränken']"
schleifen,"['Barrasschleifer', 'Blindschleife', 'Eingeschleifter', 'Eisschleife', 'Froschgeschleife', 'Geschleif', 'Geschleifes', 'Haarschleife', 'Hereingeschleifte', 'Hereingeschleifter', 'Holzschleife', 'Kinderschleife', 'Nachschleifig', 'Pflugschleife', 'Scherenschleifer', 'Scherschleifer', 'Schleifer', 'Schleifere', 'Schleiferer', 'Schleifeter', 'Schneeschleife', 'Spindelschleife', 'Steinschleife', 'Strohschleifer', 'Strohverschleifer', 'Zugschleife', 'abgeschleifen', 'abschleifen', 'abschleifen, sich', 'anschleifen', 'anschleifen, sich', 'aufgeschleifen', 'aufschleifen', 'beischleifen', 'derschleifen', 'durchschleifen', 'einschleifen', 'fortschleifen', 'geschleift', 'geschliffen', 'herschleifen', 'herunterschleifen', 'hineinschleifern', 'unterschleifen', 'verschleifen', 'vorschleifen', 'wegschleifen', 'zusammenschleifen', 'zuschleifen']"
Bart,"['Barterer', 'Bärtiger', 'Geißbärte', 'Hirschbartling', 'backenbärtig', 'bärtig', 'schnauzbärtig', 'schnurrbärtig', 'vollbärtig']"
Base,"['Basen', 'Erbbase', 'ausbasen', 'basig']"
Bastard,"['Baster', 'Basterer']"
Bauch,"['Baucheling', 'Baucher', 'Baucherer', 'Bauchhaar', 'Buchpinsler', 'Bäucher', 'Bäucherling', 'Erdbirnenbauch', 'bauchetig', 'bauchetsig', 'bäuchlings']"
flatschen,"['Bauchflatscher', 'Flatsche', 'Kuhflatscher', 'abflatschen', 'herumflatschen', 'verflatschen']"
Gickel,"['Bauchgicker', 'Gicker', 'Gicksel', 'Gickser', 'Schuttgicker']"
Grimm,"['Bauchgrimmen', 'Grimmen', 'Grimmer', 'grimmig']"
hutschen,"['Bauchhutscher', 'Gehutsch', 'Nesthütscher', 'hutschlig']"
hüpfen,"['Bauchhüpfer', 'Froschhüpfer', 'Gehüpfer', 'Grashüpfer', 'Gurgelhüpfer', 'Hemdhüpfer', 'Heuhupfer', 'Hupfer', 'Hüpfer', 'Hüpferer', 'Hüpferling', 'Hüpfeter', 'Kleehüpfer', 'Pfannenhüpfer', 'Röhrenhüpfer', 'Schnackenhüpfer', 'Schrollhüpfer', 'Stadtshüpferer', 'Stingelhüpfer', 'Stückelhüpfer', 'Wasserhüpfer', 'auf- und niederhüpfen', 'auf- und unterhüpfen', 'aufhupfen', 'aufhussen', 'aufhüpfen', 'hinaushüpfen', 'vorhüpfen']"
klatschen,"['Bauchklatscher', 'Geklatsch', 'Geklatsche', 'aufklatschen', 'zusammenklatschen']"
klitschen,"['Bauchklitscher', 'Geklitsch', 'aufklitschen']"
Kutsche,"['Bauchkutscher', 'Dreckkutscher', 'Droschkenkutscher', 'Kutscher', 'Müllkutscher', 'Nachtkutscher', 'Pferdkutscher', 'Postkutsche', 'herumkutschieren']"
pfatschen,['Bauchpfatscher']
pflatschen,"['Bauchpflatscher', 'Kuhplatscher', 'Kühplatscher', 'Pflatsche', 'Pflatscher', 'Pflätsche', 'Pflätscher', 'Platscher', 'herunterpflatschen']"
platschen,"['Bauchpflatscherer', 'Bauchplatscher', 'Bauchplatscherer', 'Butterplatsche', 'Hundspflatsche', 'Pflitsche', 'Platscherich', 'Plätscher', 'Plätscherer', 'Plätscherig', 'Stadtplatsche', 'Wasserpflitsche', 'Wasserpflätsche', 'Wasserplatscher', 'abplatschen', 'aufpflatschen', 'aufplatschen', 'herumpflätschern', 'pflätschern', 'plätschern', 'verplätscht']"
Schmerz,"['Bauchschmerzen', 'geschmerzt', 'schmerzlich']"
tatschen,"['Bauchtatscher', 'Betatschen', 'Drecktatsche', 'Drecktatscher', 'Fingertätscher', 'Hinkedotsch', 'Hinketatsch', 'Hundstatscher', 'Katzentatscher', 'Scheißerlein-Tatscherlein', 'Tatsche', 'Tatscher', 'Tätsche', 'Tätscher', 'abtatschen', 'angetatscht', 'angetätscht', 'antatschen', 'betatschen', 'betätscht', 'eintutschen', 'hintatschen', 'tatschig', 'vertatscheln', 'vertätscheln']"
Fisch,"['Bauernfischer', 'Fischer', 'blinde Fische']"
fünf,"['Bauernfünfer', 'Fünfe', 'Fünfer', 'Fünfte', 'Fünfziger', 'achtundfünfzig', 'fünfe', 'fünfzig', 'halbe fünfe']"
Holunder,"['Bauernholler', 'Blauholler', 'Gartenholler', 'Sternholler', 'Weißholler']"
Spatz,"['Bauernspatzen', 'Bierwirtspatzen', 'Erdbirnenspatz', 'Erdbirnspatz', 'Feierspatzen', 'Feuerspatzen', 'Grießspatzen', 'Kässpatzen', 'Löffelspatzen', 'Mehlspatzen', 'Rohe Kartoffelspatzen', 'Röstspatzen', 'Spatze', 'Spatzen', 'Spätzle', 'Wasserspatzen']"
Bauer,"['Bauernweg', 'Bergbauern', 'Bäuerin', 'Bützigbauern', 'Dreckbauern', 'Gaubauern', 'Gemüsbauer', 'Gemüsbäuerin', 'Grabfeldbauern', 'Gäubauern', 'Hopfenbauern', 'Hummelbauern', 'Kehrichbauern', 'Kehrichtbauern', 'Müllbauern', 'Ortsbäuerin', 'Platzbäuerin', 'Schuttbauern']"
klappern,"['Baumklapperer', 'Eigekläpper', 'Geklapper', 'Klappere', 'Klapperiger', 'Klepper', 'Kläpperer', 'Kühklapper', 'Leistenklapperer', 'Lochklapperer', 'Rorateklapper', 'abklappern', 'ausklappern', 'klapprig', 'verklappern', 'zusammenklappern']"
spreizen,"['Baumspreize', 'Gespreizter', 'Heuwagenspreize', 'Spreitzer', 'Spreizer', 'anspreizen', 'aufspreizen', 'auseinanderspreizen', 'gespreizt', 'spreizig', 'unterspreizen']"
Stumpf,"['Baumstumpfen', 'Stinkstumpfen', 'Stumpfen', 'mit Stumpf und Steil']"
Sturzel,"['Baumsturzen', 'Erdbirnensturzel', 'Erdäpfelsturzel', 'Erdäpfelstürzel', 'Erdäpfelstützel', 'Sturzelbecher', 'Sturzen']"
stürzen,"['Baumstürzer', 'aufstürzen', 'derstürzen', 'gestürzt', 'herunterstürzen', 'hineinstürzen, sich', 'hinstürzen', 'umgestürztes', 'umstürzen', 'zusammenstürzen']"
baunen,['Baunere']
Baunze(n),"['Baunzer', 'Erdbirnbaunze(n)', 'Erdbirnbaunzer', 'Erdbirnenbaunze(n)', 'Haselnussbaunzer', 'Hasenbaunzer', 'Hochmutsbaunze', 'Hochmutsbaunzer']"
Bausch,"['Bauscher', 'Pausbacken', 'Rauschebauschin', 'aufgebauscht']"
Bayreuth,['Bayreuther']
hoch,"['Bayreuther Keuperrandhöhe', 'Dreikäsehoher', 'Frankenhöhe', 'Hochzeittruhe', 'Hohe Eller', 'Hoher', 'Weidmeser Höhe', 'hochschnoflig', 'höchstens', 'höher', 'zuhöchst']"
BH,['BeHa']
deuten,"['Bedeut', 'Deuter', 'Nacktdeuter', 'Traumdeuter', 'Traumdeutung', 'bedeuten', 'deuteln', 'deutlich', 'zwiedeutig']"
dienen,"['Bedienung', 'Doppeltverdiener', 'Doppelverdiener', 'Gemeindediener', 'Kirchendiener', 'Liebediener', 'Nebenverdiener', 'Nebenverdienstler', 'Polizeidiener', 'Schmierplatzverdiener', 'Verdiener', 'Verdienst', 'Wohldiener', 'Wohldiern', 'Zuverdiener', 'abdienen', 'abverdienen', 'ausdienen', 'ausgedient', 'bedienen', 'dienern', 'verdienen', 'wettverdienen', 'wohldienern']"
Erde,"['Beerdigung', 'Erdbirnbifang', 'Erds', 'Grundbirnenreiben', 'Samenerdäpfeln', 'derifftete Erdäpfel', 'ebenerdig', 'eingeschnittene Erdäpfel', 'erden', 'gebackene Erdäpfel', 'gebratene Erdäpfel', 'gedämpfte Erdäpfel', 'gedünstete Erdäpfel', 'gepritschte Erdäpfel', 'geröstete Erdäpfel', 'geschmalzene Erdäpfel', 'geschnittene Erdäpfel', 'rohe Erdäpfel']"
Beere,"['Beeren', 'Beerer', 'Erdbeere', 'Himbeerblätter', 'Himbeeren', 'Schwarzbeeren', 'Schwarzbeerer', 'Vogelbutzen', 'abbeereln', 'ausbeereln', 'ausbeeren', 'beereln', 'beeren', 'herausbeereln']"
brocken,['Beerenbrocker']
grapschen,"['Beerengrapscher', 'Grapscher', 'Grapsen', 'angrapschen', 'angrapsen', 'begrapsen', 'grapsen', 'herumgrapsen', 'hinangrabsen', 'hinangrapsen', 'hingrabschen']"
rupfen,"['Beerenrupfer', 'Beerentupfen', 'Beerleinsrupfer', 'Beerrupfen', 'Beerrupfer', 'Gänserupfer', 'Harrupfer', 'Rupfer', 'Schwarzbeerrupfer', 'Verrupfter', 'Zerrupfter', 'abrupfen', 'anrupfen', 'ausrupfen', 'durchrupfen', 'eingerupft', 'gerupfen', 'gerupft', 'verrupfen', 'verrupft', 'zerrupfen', 'zerrupft', 'zusammenrupfen', 'Äpfelrupfer']"
strupfen,"['Beerenstrüpfer', 'Strupfer', 'Strüpfer', 'abstrupfen', 'abstrüpfen', 'anstrupfen', 'hinterstrupfen', 'hinterstrüpfeln', 'hinterstrüpfen']"
winden,"['Beerenwinde', 'Bohrwinde', 'Bremswinde', 'Drehwinde', 'Gewundener', 'Heuwinde', 'Schleifwinde', 'Spindelwinde', 'Vorderwinde', 'Winde', 'Windebacke', 'anwinden', 'ausgewunden', 'auswinden', 'gewunden', 'verwindet', 'verwunden']"
zupfen,"['Beerenzupfer', 'Beerenzüpfer', 'Beerzupfer', 'Brestleinzupfer', 'Brestlingzupfer', 'Heidelbeerzupfer', 'Schwarzbeerenzupfer', 'Schwarzbeerzupfer', 'Träubenzupfer', 'Zupfer', 'abgezupft', 'abzupfen', 'auszupfen', 'zusammengezupft', 'zusammenzupfen']"
Haut,"['Beerleinshaut', 'Dickhäuter', 'Gehäute', 'Häuter', 'abhäuteln', 'abhäuten', 'abhäuten, sich', 'aushäuten', 'dicke Haut haben', 'dickhautig', 'dickhäutig', 'häuten', 'neunhäutig']"
Weib,"['Beerweib', 'Beerweiber', 'Bettelweib', 'Klatschweiber', 'Patschweiber', 'Spülweiber', 'Tratschweiber', 'Weiber', 'Weiberer', 'Weibetsen', 'Weibetser', 'Weibsen', 'aufweibeln']"
schiegen,"['Beetschiege', 'Blindschiege', 'Linkerschieger', 'Linketschieger', 'Linksschieger', 'Schieger', 'abschiegen', 'schieger', 'zusammenschiegen']"
fest,"['Befestigung', 'Feste', 'Fester', 'Festung', 'Fronfeste', 'Wetterfeste', 'fest', 'zugfest']"
Karpfen,['Befruchtkarpfen']
Gatte,"['Begatter', 'Begattung', 'begatten', 'gatten', 'gattern', 'zusammengatten', 'zusammengatten, sich']"
begaten,['Begatung']
Geist,"['Begeisterung', 'Geister', 'Geistergesichter', 'Unruhegeist', 'Unruhgeist', 'Unternehmungsgeist', 'geisten', 'geistern', 'geistig', 'herumgeistern', 'umeinandergeistern']"
begleiten,['Begleitung']
begreifen,['Begriff']
haben,"['Behäbiger', 'Habe', 'Habsburger', 'Handhabe', 'Nachsehen haben', 'Taubengeheber', 'Wohlabenheit', 'abheben', 'anhaben', 'anhaberisch', 'anhabig', 'aufhaben', 'aufheben', 'aushaben', 'beieinanderhaben', 'beim Eber haben', 'haben, in der Kur', 'hat', 'loshaben', 'vorhaben', 'vornedaranhaben', 'weghaben', 'zu tun haben', 'zum Besten haben', 'zum tun haben']"
Bruder,['Beichtbruder']
Bursche,"['Beichtbursche', 'Burschenschaft']"
Hafer,['Beichthafer']
Kamerad,"['Beichtkameradin', 'Kameradin']"
Helm,['Beihelhelm']
heben,"['Beine aufheben', 'Handheber', 'Heber', 'Klößheber', 'Knödleinsheber', 'Rübenheber', 'Schaumheber', 'Wurzelheber', 'anheben', 'aufheben, sich', 'ausheben', 'derheben', 'herumheben', 'herunterheben', 'umheben', 'zusammenheben']"
Schlange,"['Beinschlänger', 'schlängeln']"
Sterz,"['Beinsterzer', 'Erdbirnsterz', 'Flügelsterzer', 'Storzen']"
sägen,"['Beinsäge', 'Gesäg', 'Holzsäger', 'Kreissäge', 'Schrotsäge', 'Sägkleiwe', 'Zugsäge', 'absägen', 'durchsägen', 'einsägen', 'heruntersägen', 'umsägen', 'zusammensägen']"
Zeit,"['Beizeite', 'Dorfzeitung', 'Erdbirnengrabeszeit', 'Erdbirnenzeit', 'Erdäpfelzeit', 'Gemeindezeitung', 'Hochzeitauto', 'Hochzeiter', 'Hochzeitmann', 'Notzeiten', 'Unternzeit', 'Versperzeit', 'Vorweihnachtszeit', 'Wurfzeitung', 'Zeit sein', 'Zeit werden', 'Zeiten', 'Zeiting', 'Zeitling', 'Zeitung', 'Zwischenmahlzeit', 'Zwischenzeit', 'alle Zeit lang', 'beizeit', 'beizeiten', 'böse Zeiten', 'dererzeit', 'derzeit', 'frühzeitig', 'hungrige Zeiten', 'lausige Zeiten', 'lumpete Zeiten', 'miese Zeiten', 'neuzeitlich', 'schlecht Zeiten', 'schlechte Zeiten', 'teuere Zeiten', 'teure Zeit,  wie', 'teure Zeit, ausschauen wie', 'teure Zeit, aussehen wie', 'teure Zeit, wie', 'unzeitig', 'vor derer Zeit', 'vorzeitig', 'zeitig', 'zeitlich', 'zurzeit', 'zwischenzeitig', 'zwischenzeitlich']"
braten,"['Beißbraten', 'Brater', 'Bratwurstbrater', 'Bratwürstebrater', 'Bräter', 'Brätling', 'Fischbrater', 'Gebratene', 'Gebratenes', 'Gebrates', 'Heringsbrater', 'Straßenwurstbrater', 'Wurstbrater', 'Würstebrater', 'Würstelbrater', 'Würstleinsbrater', 'anbraten', 'anbratsen', 'anbräteln', 'angebraten', 'angebratig', 'ausgebraten', 'gebraten', 'gebratig']"
Eisen,"['Beißeisen', 'Beschlageisen', 'Dengeleisen', 'Eisener', 'Eisengällrig', 'Eiser Berta', 'Eiseriger', 'Eisiger', 'Erdäpfelreibeisen', 'Reibeisen', 'Reibeisig', 'Riebeisig', 'eiser', 'eiserig', 'eisern', 'eisrig', 'gusseisig']"
Wickel,"['Beißigwickel', 'Eingewickelte', 'Einwickelpappe', 'Wickelkusche', 'Wickler', 'Zornwicksel', 'abwickeln', 'aufwickeln', 'aufwickeln, sich', 'durchwickeln', 'eingewickelt', 'einwickeln', 'einwickeln, sich', 'gewickeln', 'heraufwickeln', 'herumwickeln', 'hinanwickeln', 'hinaufgewickeln', 'hinaufwickeln', 'hineinwickeln', 'hinhinterwickeln', 'hinterigwickeln', 'hinterwickeln', 'hintwickeln', 'hochwickeln', 'verwickeln', 'verwickelt', 'wickeln', 'zusammenwickeln']"
Knoppe,"['Beißknopperin', 'Bergknopper', 'Bergknoppern', 'Holzknopper', 'Hundsknopper', 'Knoppen', 'Knopper', 'Knopperer', 'Knopperin', 'Knoppern', 'Knöpper', 'abknöppeln', 'herumknöppen', 'knopperig', 'knoppig', 'knöppen', 'kopperet']"
Knute,['Beißknute']
Knüttel,['Beißknüttel']
Kopf,"['Beißkopf', 'Blasköpfige', 'Dengelkopf', 'Dickkopfeter', 'Erdbirnenkopf', 'Geschwollkopf', 'Glatzköpfeter', 'Glatzköpfiger', 'Großköpfeter', 'Kopfhaar', 'Käseköpper', 'Köpfer', 'Plattköpfiger', 'Schafkopfen', 'Stoßkopf machen', 'Vorkopf', 'Vorschussbalkenkopf', 'abkopfen', 'abköpfen', 'aufköpfen', 'barköpfig', 'bloßköpfig', 'dickkopfig', 'dickköpfig', 'dringelköpfig', 'dummköpfig', 'eigenköpfig', 'glatzkopfig', 'glatzköpfig', 'großkopfig', 'kahlköpfig', 'köpfen', 'neunköpfig', 'plattköpfig', 'starrköpfig']"
Teufel,"['Beißteufel', 'Präschteufel', 'Teufelseier', 'Teufelskappen', 'Teufelslicht', 'Verratteufel', 'Zerrteufel', 'Zornbäsel', 'dem Teufel sein Geldbeutel', 'dem Teufel sein Schnupftabak', 'derteufeln', 'einteufeln', 'hineinteufeln', 'teufeln', 'verteufeln']"
Zange,"['Beißzanga', 'Beißzange', 'abzangeln']"
Kraft,"['Bekräftigung', 'Kräftige', 'kräftig', 'tatkräftig', 'verkraften']"
langen,"['Belang', 'Getreidlangen', 'Strohlanger', 'Verlangen', 'ablangen', 'abverlangen', 'anlangen', 'auflangen', 'belangen', 'belangig', 'belangig (sein)', 'derlangen', 'gelangig', 'gelangisch', 'gelängisch', 'herlangen', 'herumlangen', 'herunterlangen', 'hinterlangen', 'verlangen', 'zulängen']"
leiden,"['Beleidigter', 'Brandleider', 'Hungerleider', 'Mitleid', 'Notleider', 'Unleid', 'beleidigen', 'beleidigt', 'leidenschaftlich', 'maßleidig', 'unleidig', 'unleidlich', 'wehleidig', 'zu Leide tun']"
belfern,"['Belferer', 'Belferin', 'Gebelfer', 'anbelfern', 'hinteranderbelfern', 'losbelfern']"
lieben,"['Beliebter', 'geliebt']"
Libelle,['Belle']
bellen,"['Beller', 'Gebell', 'Hundsgebell', 'anbellen', 'bellern', 'losbellen']"
Fuß,"['Bellfuß', 'Dengelfuß', 'Füße', 'Gänsefüße', 'Gänsfüßler', 'Hasefüßler', 'Hinkefuß', 'Hähnfüße', 'Katzenfüße', 'Kniefüßler', 'Krackenfüße', 'Kratzfüßer', 'Krähenfüße', 'Spinnenfüße', 'Stelzenfüßler', 'abfußeln', 'abfußen', 'abfüßeln', 'auffußen', 'barfüßig', 'breitfüßig', 'daherfußeln', 'dahinfußeln', 'fußeln', 'fußen', 'füßeln', 'gefüßelt', 'zu Fuß']"
Bambes,['Bempes']
Spinat,"['Benet', 'Spinaterer', 'spinatig', 'spinatzig']"
Bernhard,"['Benze', 'Bernd', 'Genaschbenz', 'Hurenbenz', 'Katzenbenz']"
Benzin,['Benziner']
rechnen,"['Berechnung', 'Kästlein-Rechnne', 'Kästleinrechnung', 'Milchmädchenrechnung', 'Rechering', 'Rechnung', 'ausgerechnet', 'ausrechnen', 'berechnen', 'unberechenbar', 'zusammenrechnen']"
Berg,"['Berger', 'Bergerer', 'Bergweg', 'Drückeberger', 'Faulenberger', 'Faulerberger', 'Fichtelgebirge', 'Geberger', 'Gebirge', 'Gebirger', 'Gebirgler', 'Haßberge', 'Königsberger', 'Plattenberger', 'Schwarze Berge', 'Streitberger', 'Streiteberger', 'Streitenberger', 'Windbeutelbergerer', 'faulenberger', 'zu Berg', 'zu Berge']"
Wacht,['Bergwachtporter']
weiß,"['Berliner Weiße', 'Kohlweißling', 'Stubenweißen', 'Weiße', 'Weiße Blume', 'Weiße Rüben', 'Weißer', 'anweißeln', 'anweißen', 'ausweißen', 'gewießen', 'herabweißen', 'herausweißen', 'weiße Pfiffer', 'weißeln', 'weißen', 'weißig']"
Bernheim,['Bernheimer']
Burgbernheim,['Bernheimerisch']
Keil,"['Berstkeil', 'Donnerkeiler', 'Gewirrekeil', 'abkeilen', 'angekeilt', 'ankeilen', 'aufkeilen', 'donnerkeilen', 'einkeilen', 'gekeilt', 'herumkeilen', 'hineinkeilen', 'keilen', 'keilern']"
gammeln,"['Berufsgammler', 'Gammler', 'vergammeln']"
Schart,['Beschart']
bescheren,['Bescherung']
Besen,"['Beseritis', 'abbeseln']"
Sinn,"['Besinnung', 'Blödsinniger', 'Irrsinniger', 'Leichtsinniger', 'Sinner', 'Sinnierer', 'Stumpfsinniger', 'Unsinn', 'Unsinniger', 'Wahnsinniger', 'ansinnen', 'aussinnen', 'aussinnen, sich', 'besinnen', 'blödsinnig', 'eigensinnig', 'gesinnt', 'gesonnen', 'hineinsinnen', 'irrsinnig', 'leichtsinnig', 'sinnelieren', 'sinnieren', 'stumpfsinnig', 'tiefsinnig', 'unsinnig', 'unversonnen', 'versonnen', 'wahnsinnig']"
Sohle,"['Besohlung', 'Sohler', 'angesohlt', 'ansohlen', 'ansohlen, sich', 'aufsohlen', 'ausgesohlt', 'draufsohlen', 'durchsohlen', 'eingesohlt', 'herabsohlen', 'hinansohlen', 'hineinsohlen', 'sohlen', 'versohlen', 'vollsohlen']"
sonder,"['Besondere', 'Besonderer', 'Besonderes', 'Sonderling', 'absonderlich', 'absondern', 'absondern, sich', 'aussondern', 'besonder', 'besonders', 'sonderbar', 'sonderlich']"
sorgen,"['Besorgung', 'Kriegsgräbervorsorge', 'Sorge', 'Versorgerin', 'Versorgung', 'absorgen', 'absorgen, sich', 'besorgen', 'unversorgt', 'versorgen']"
bestellen,"['Bestellung', 'bestellt', 'zusammenbestellen', 'zusammenbestellt']"
Ritz,"['Besucherritze', 'Besuchsritze', 'Bettritze', 'Ritze', 'Türritze', 'anritzen', 'einritzen', 'hineinritzen']"
Bethmann,['Bethmänner']
läuten,"['Betläuter', 'Geläut', 'Hemdenläuter', 'Hemdläuter', 'Hemdläuterer', 'Hemdläuterich', 'Hemdsläuter', 'Läuter', 'Mittagläuten', 'Zusammenläuten', 'anläuten', 'ausläuten', 'hemdläuterig']"
trügen,['Betrogener']
Brei,"['Bettelbrei', 'Dentschenbrei', 'Erdapfelbrei', 'Erdbirnbrei', 'Erdbirnenbrei', 'Erdäpfelbrei', 'Erdäpfelsbrei']"
fechten,"['Bettelfechter', 'Fechter', 'Gefecht', 'abfechten', 'anfechten', 'ausfechten']"
Hamper,"['Bettelhamperer', 'hämpeln', 'hämpern']"
Instrument,"['Bettelinstrument', 'Instrumentarium']"
Lapp,"['Bettellappes', 'Hungerlappen', 'Lappen', 'Lapperer', 'Lappeter', 'Läpper', 'Läppere', 'Läpperer', 'Läppern', 'Läppsche', 'Läppscher', 'Maulläppse', 'Waschlappen', 'luppern']"
Pflock,"['Bettelpflock', 'Pflocke', 'Pflocken', 'Pflocker', 'Pflöckel schnitzen', 'Pflöcker', 'Wäschepflöcke', 'auf dem Pflock', 'pflocken', 'verpflocken']"
Vogel,"['Bettelvogel', 'Gespassvogel', 'Vogelbeerbäume', 'Vogelsbeeren', 'Vögelbutzen', 'vögeln']"
Vogt,"['Bettelvogt', 'Genaschvogt', 'taubenvogten', 'vogten']"
Bett,"['Bettschwinge', 'Kindbetterin', 'Unterbett', 'anbetten', 'umbetten']"
Statt,"['Bettstätte', 'Brandstätter', 'Himmelbettstätte', 'Kindsstätte', 'Stätte', 'Wendestätte']"
#Wange,['Bettwange']
Zipf,"['Bettzipfer', 'Zipefete', 'Zipfe', 'Zipfer', 'Zipfete', 'Zipfeter', 'dreizipfelig', 'herabzipfen', 'herumzipfen', 'herumzipfern', 'sauere Zipfel', 'umeinanderzipfen', 'zipfeln', 'zipfen', 'zipfern']"
beugen,"['Beugeis', 'verbeugen, sich']"
deutsch,"['Beutedeutscher', 'Deutsche', 'Rucksackdeutscher', 'Sudetendeutsche', 'Sudetendeutscher']"
Germane,"['Beutegermanen', 'Schrumpfgermanen']"
Beutel,"['Beutelhaar', 'Gebeutel', 'Genaschbeutel', 'Genäschbeutel', 'Herzabbeutler', 'Sprüchbeute', 'abbeuteln', 'abherbeuteln', 'anbeuteln', 'ausbeuteln', 'ausgebeutelt', 'beuteln', 'herunterbeuteln', 'hinabbeuteln', 'verdummbeuteln', 'verwindbeuteln', 'zusammenbeuteln', 'zusammengebeutelt']"
beweisen,['Beweis']
bibbern,"['Bibberer', 'Gebibber', 'Magenzerbibber', 'einbibbern', 'zubibbern']"
bib,"['Biberin', 'Gepieps', 'bi-bi', 'biben', 'bibern', 'bibsen', 'herumbibbeln', 'herumpiepsen', 'pfiepsen', 'piepe', 'piepen', 'piepern', 'piepsen', 'piepsern', 'wibern', 'wiebern']"
Gockel,"['Bibgöcker', 'Bibsgöcker', 'Bissgieker', 'Bissgöcker', 'Bläkgöcker', 'Brillengockerer', 'Bubengockerin', 'Bubensgockerer', 'Bubesgockerer', 'Bösgöcker', 'Danebenhinausgockerer', 'Dorfgieker', 'Drudgöcker', 'Fischgockerer', 'Fischgöker', 'Gocker', 'Gockerer', 'Gässleinsgöker', 'Göckelrose', 'Göckelsrose', 'Göcker', 'Göckerrose', 'Hahnengöcker', 'Hochmutsgöcker', 'Holzgöcker', 'Kampfgöcker', 'Kippelgöcker', 'Kirchweihgöker', 'Krachgöcker', 'Marktgiecker', 'Marktgockerer', 'Marktgöcker', 'Mistgöcker', 'Mostgöcker', 'Mädelsgockerer', 'Mädleingockerer', 'Mädleingöcker', 'Mädleinsgockerer', 'Müllgockerer', 'Nachtgöcker', 'Pipgöcker', 'Plattengöcker', 'Prozessgöcker', 'Streitgieker', 'Streitgocker', 'Streitgöcker', 'Streitgöckerer', 'Tannengöcker', 'Taubengocker', 'Taubengockerer', 'Taubengöcker', 'Taubengöckerer', 'Weibergockerer', 'Weibersgockerer', 'Weibetsgockerer', 'Weingöcker', 'Welschgöker', 'Zerrgöcker', 'Zorngöcker', 'Zwerggiecker', 'aufgegöckert', 'begöckern', 'gockeln', 'gockern', 'göckeln', 'göcken', 'gökern', 'herumgockern', 'hinaufgockeln', 'hingockeln']"
biegen,"['Biege', 'Biegung', 'Rohrbiegung', 'anlügen, dass sich die Balken biegen', 'bugern', 'durchbiegen', 'eingebogen', 'gebogen', 'hinbiegen', 'umbiegen', 'verbiegen', 'verbogen', 'zusammenbiegen']"
gokern,"['Bienengokerer', 'Briefmarkengokerer', 'Fischgokerer', 'Geflügelgokerer', 'Gokerer', 'Hasengoker', 'Hasengokerer', 'Hasengöker', 'Hühnergokerer', 'Hühnergöker', 'Mädleinsgokerer', 'Pferdsgokerer', 'Taubengoker', 'Taubengokerer', 'Taubengöker', 'Verratgöker', 'herumgoken', 'herumgokern']"
König,"['Bienenkönigin', 'Erlkönig', 'Königin']"
brauen,"['Bierbrauer', 'Gebräu', 'anbräunen, sich', 'aufbräunen', 'aufbräunen, sich', 'zusammenbrauen', 'zusammenbrauen, sich', 'zusammenbräuen', 'zusammenbräunen, sich']"
Knick,"['Bierknicker', 'Fröschknicker', 'Knicke(r)ter', 'Knicker', 'Knickerer', 'Knickerig', 'Knickriger', 'Lausknicker', 'Läuseknicker', 'Läusknicker', 'abknickeln', 'abknicken', 'abknickern', 'abknicksen', 'abknicksern', 'ausknicken', 'geknickt', 'knicken', 'knickerig', 'knickern', 'knickrig', 'nickrig', 'umgeknickt']"
neigen,"['Bierneige', 'Blitzneige', 'Neige', 'geneigt']"
Bier,"['Bierol', 'Nachtwächterbier']"
pressen,"['Bierpress', 'Erdäpfelpresse', 'Presse', 'Strohpresse', 'abgepraßt', 'abpressen', 'auspressen', 'durchpressen']"
rund,"['Bierrunde', 'Runde', 'rund werden', 'rundlich']"
schnullen,"['Bierschnuller', 'Brotschnuller', 'Brustschnuller', 'Flaschenschnuller', 'Fleckelschnuller', 'Fleckleinschnuller', 'Fleckleinsschnuller', 'Fleckschnuller', 'Lappenschnuller', 'Leinwandschnuller', 'Lumpenschnuller', 'Läppelschnuller', 'Männerschnuller', 'Nulle', 'Ringschnuller', 'Schnuller', 'Stoffschnuller', 'Zuckerschnuller', 'anschnullen', 'ausschnullen']"
Biest,"['Biestflinzen', 'biestern']"
Bifang,"['Bifling', 'Erdbirnenbifling']"
schalten,"['Billettschalter', 'einschalten']"
Billingshausen,['Billingshäuser']
Bimmel,"['Bimmler', 'Glockenbimmler', 'aufbimmeln', 'ausbimmeln', 'bimmeln']"
Bindlach,['Bindlacher']
Brigitta,"['Birger', 'Birgit', 'Brigitte']"
Birke,"['Birken', 'birker']"
Mai,"['Birkenmaie', 'Maie', 'Maien', 'Maigucker', 'Mailing', 'Maiochse', 'Pfingstmaie', 'Pfingstmaien']"
Pilz,"['Birkenpilze', 'Mistpilze', 'Pilze', 'Pilzling']"
Schwamm,"['Birkenschwammer', 'Bratschwammer', 'Butterschwämme', 'Eierschwammer', 'Feuchtschwammer', 'Fleischschwammer', 'Fliegenschwammer', 'Giftschwämme', 'Gummischwammer', 'Hachtenschwammer', 'Hirschenschwammer', 'Hirschschwammer', 'Jägerschwämme', 'Kuhschwammer', 'Maischwämme', 'Mehlschwammer', 'Milchschwammer', 'Mückenschwammer', 'Perlschwammer', 'Pulverschwammer', 'Pulverschwämme', 'Rainschwammer', 'Raucherschwammer', 'Rauchschwammer', 'Rotschwammer', 'Schieferschwammer', 'Schwamme', 'Schwammer', 'Schwammer, gelber', 'Schwammerling', 'Schwämmerling', 'Semmelschwammer', 'Stockschwammer', 'Stockschwammerling', 'Stöckleinschwammer', 'Stöckleinschwämme', 'Stöckleinsschwämme', 'Stöckschwammer', 'Tafelschwammer', 'Teufelschwammer', 'Wiesenschwämme', 'gelber Schwammer', 'gelbes Schwämmlein', 'schwammelig', 'schwammig']"
Bischberg,['Bischberger']
Bischofsheim,['Bischofsheimer']
blank,"['Blanke', 'blankreiben', 'blankscheuern']"
blass,"['Blasche', 'Blascheter', 'Bless', 'Blesse', 'Bläsche', 'Blässe', 'blasstig', 'verblasst']"
blau,"['Blaue', 'bleuen', 'brüllen', 'das Blaue vom Himmel heruntergucken']"
Heinrich,"['Blauer Heiner', 'Flohheiner', 'Glatzenheiner', 'Heiko', 'Heinzer', 'Heinzin', 'Hendrik', 'Hirnheiner', 'Katzenheiner', 'Krampfheiner', 'Möchte-gern-und-kann-nicht-Heiner', 'Plattenheiner', 'Schmarrenheiner', 'Schmarrheiner', 'Seichheiner', 'heinzen', 'heinzern']"
blecken,"['Blecker', 'Zungenblecker', 'anblecken', 'derblecken', 'herunterblecken']"
bleich,"['Bleiche', 'Bleichgesichtete', 'Hopfenbleiche', 'Wäschebleiche', 'abgebleicht', 'ausgebleicht', 'gebleicht', 'verbleicht']"
Gesicht,"['Bleichgesichtige', 'Erdapfelgesicht', 'Geistergesicht', 'Verbrechergesicht', 'Weißgesichtige']"
Schippe,"['Bleischneeschipper', 'Garbenschippen', 'Schippe, rutschen von', 'Schipper', 'Schneeschipper', 'abschippen', 'umschippen', 'weiterschippeln', 'zurückschippen']"
Drang,"['Bleistiftdrangsalierer', 'andrängen', 'aufdrängeln', 'aufdrängen', 'aufdränglich', 'aufgedrängt', 'drangsalieren', 'drängen', 'gedrängt', 'zudrängen']"
blenden,"['Blende', 'Blender', 'Schneeblende', 'Sonnenblende']"
Blenheim,['Blenheimer']
bleschen,"['Blesche', 'Blescher', 'Plesche', 'abbleschen', 'anbleschen', 'angeblescht', 'durchbleschen', 'herunterbleschen', 'herunterpläschen', 'verbleschen', 'wegbleschen', 'zusammenbleschen']"
blessieren,"['Blessierter', 'Blessur']"
bletzen,"['Bletze', 'Bletzer', 'Zigarettenbletzer', 'Zigarrensbletzer', 'anbletzen', 'einwegbletzen', 'verbletzen', 'zusammenbletzen']"
bleuen,"['Bleuer', 'Garnbleuer', 'Wäschebleuer', 'abbleuen', 'ausbleuen', 'durchbleuen', 'gebleut', 'herunterbleuen', 'verbleuen']"
blind,"['Blinde', 'Blinde Schleiche', 'Blinder', 'Blindeschleiche', 'Blindeschleicher', 'Blindschleiche', 'Blindschleicher', 'blindlings']"
Mücke,"['Blindemücken', 'Gemück', 'Gescheißmücke', 'Geschmeißmücke', 'Lausmucken', 'Lausmückengesicht', 'Losmücke', 'Losmücken', 'Mückenbibberla', 'Roßmücken', 'Rußmücketer', 'abmücken', 'blinde Mücklein', 'kleines Mücklein']"
Blindschleiche,"['Blindschleie', 'Blindschleier']"
Blitz,"['Blitzer', 'Eisblitze', 'Haselnussblitzer', 'Heideblitzen', 'Hitzeblitzer', 'abblitzen', 'abblitzen (lassen)', 'blitzen', 'blitzschnell', 'herunterblitzen', 'himmelblitzen']"
geschwind,"['Blitzgeschwindigkeit', 'Geschwinder', 'Geschwindigkeit', 'Hurtig-und-Geschwinder', 'Hurtiggeschwinde', 'Hurtiggeschwinder']"
Block,"['Blocker', 'blockieren']"
blond,['Blonde']
Blume,"['Blumenkönig', 'Geblümtes', 'Gefrierblume', 'Gergenblume', 'Gänsblumen', 'Gänseblumen', 'Heublumen', 'Himmelfahrtsblumen', 'Kirchhofblumen', 'Mohnblumma', 'Totenblumen', 'blümetig', 'geblümt']"
Scherbe,"['Blumenscherben', 'Brunzscherben', 'Hafenscherben', 'Hafnerscherben', 'Nachtscherben', 'Scherben', 'Schmeckenscherben', 'abscherbeln']"
Blunze,"['Blunzer', 'Blunzerer', 'blunzen']"
latent,['Blutlatenter']
verwandt,"['Blutsverwandte', 'Blutsverwandtschaft', 'Nahverwandte', 'Verwandte', 'Verwandter', 'Verwandtschaft', 'verwandte']"
blähen,"['Blähung', 'aufblähen', 'aufblähen, sich', 'aufgebläht', 'derblähen', 'gebläht', 'zerblähen']"
bläken,"['Bläke', 'Bläker', 'Bläkere', 'Bläkerer', 'Bläkse', 'Bläkser', 'Gebläk', 'Gebläke', 'Gebrüll', 'Gemeindebläke', 'Saubläker', 'anbläken', 'anbläksen', 'aufbläken', 'ausbläken', 'bläksen', 'derbläken', 'losbläken', 'pfläksen', 'umeinanderbläken', 'zubläken', 'zusammenbläken']"
bläschet,['Bläscheter']
blöd,"['Blöde', 'Blöder', 'Blödeste', 'Blödester', 'Blödian', 'Blödling', 'Blödrian', 'abblöden', 'anblödeln', 'blödeln', 'blöden', 'verblödeln']"
bloß,"['Blöße', 'Blößing', 'Blößling', 'Blößung', 'Schneeblöße', 'Waldblöße', 'Winterblöße', 'bloß so', 'bloßen']"
blühen,"['Blühe', 'Blüte', 'Eisblüte', 'Geblüh', 'Haselnussblüte', 'Hollerblühe', 'Hollerblüte', 'Lärchenblüter', 'Märzenbüschblüte', 'Pappelblüte', 'Ringleinsstöckblüte', 'Schlehenblühe', 'Schlehenblüte', 'Zuckerblüte', 'abgeblüht', 'aufblühen']"
Bob,['Bobber']
Horn,"['Bobhörner', 'Gehörn', 'Gehörnter', 'Hirschhörner', 'Hörner', 'Schneckenhörner', 'Tasche', 'gehörnt', 'hornig', 'hörnerig']"
hart,"['Bockelharter', 'Brett, wie', 'Bummer, hart wie', 'Euterverhärtung', 'Granit, wie', 'Harte', 'Harter', 'Hartmannshausen', 'Verhärtung', 'Wasserharter', 'hartnäckig', 'verhärtet']"
Schuh,"['Bockschuster', 'Handschuhe', 'Riemeleinsschuhe', 'Riemenschuhe', 'Schuhsahle', 'Schuhtapper', 'Schusterin', 'abschuhen', 'hölzerne Schuhe', 'schlittschuhfahren']"
starr,"['Bockstärriger', 'Nabelsterzerin', 'Starrener', 'Starzer', 'Sterze', 'Sterzer', 'abstarzen', 'absterzen', 'angestarrt', 'angestärrt', 'anstarren', 'bockstarrig', 'bockstärrig', 'davonstarzen', 'davonsterzen', 'derstarrt', 'erstarrt', 'heraussterzen', 'hinausstarren', 'hinausstarzen', 'hinaussterzen', 'hinstarren', 'starren', 'starrig', 'starrzig', 'starzen', 'sterzen', 'sterzern', 'storrig', 'stärrig', 'stärrnig', 'störrig', 'wegstarzen', 'wegsterzen']"
Bohle,"['Bohlen', 'Gebrückbohle']"
bohren,"['Bohrer', 'Bohrerer', 'Brettleinsbohrer', 'Brunnenbohrer', 'Dollenbohrer', 'Erdbirnenbohren', 'Gebohr', 'Kniebohrer', 'Knieböhrer', 'Leierbohrer', 'Mäusbohrer', 'Nagelbohrer', 'Nasebohrer', 'Nasenbohrer', 'Nebbohrer', 'Schneckenbohrer', 'Tollbohrer', 'Tollböhrer', 'Trillbohrer', 'anbohren', 'durchbohren', 'dünne-Brettchen Bohrer', 'herümbohren', 'verbohrt']"
Bollen,"['Boller', 'Bollerer', 'Bollerklöße', 'Böller', 'Böllerer', 'Erdäpfelsboller', 'Geboll', 'Grundbirnenboller', 'Grundbirnsboller', 'Hollerboller', 'Schneeboller', 'ausgebollet', 'bollerig', 'bollern', 'böllern', 'derböllern', 'einbollern', 'herabbollern', 'heraufbollern', 'herausbollern', 'herumbollern', 'herunterbollern', 'heruntergebollert', 'hinabbollern', 'hinanbollern', 'hineinbollern', 'losbollern', 'schneebollern', 'umbollern', 'verbollern', 'wegbollern', 'zusammenbollen', 'zusammenbollern', 'zusammengebollert', 'zusammengebollt']"
Bolzen,"['Bolzer', 'anbolzen', 'unterbolzen']"
Bord,['Bordwagen']
Borsdorf,"['Borsdorfer Äpfelein', 'Borstädter Äpfelchen']"
Borste,"['Borsten', 'Borster', 'Börsten', 'Bürsten', 'Maisborsten', 'Sauborsten', 'Saubörsten', 'Säuborsten', 'Säuborster', 'Weizenborsten', 'Widerborst', 'Widerborste', 'Widerborsten', 'Widerborster', 'Widerborstiger', 'aufborsten', 'borstig', 'börstig', 'saubortsig', 'widerborstig', 'widerbörstig']"
böse,"['Bosheit', 'Bosig', 'Böser', 'Bösig', 'Bützelböser', 'Gebös', 'abbösen', 'bosen', 'bösen', 'derbösen']"
oben,"['Bossoberste', 'Grün-Ober', 'obenan', 'obnenan']"
Boz,"['Botzer', 'Bozer', 'Butzen', 'Butzmann', 'Holleboze', 'Hollebozer', 'Hollebutzer', 'Nachtbozer', 'Pfändbutzen', 'Raubauziger', 'Tatterbutzen', 'Wozer', 'Wutze', 'Wutzer', 'aufbozen', 'aufbützen', 'bauzen', 'bozen', 'bözen', 'einbutzeln', 'einbutzen', 'einbözeln']"
boxen,"['Boxer', 'anboxen']"
Brabant,['Brabanter']
brabbeln,"['Brabbler', 'hinbrabbeln', 'hinbräbbeln']"
brach,"['Brache', 'Bracher', 'Brächling', 'Kleebrache', 'Maschinenbrache', 'Raubrache', 'Schafbrache', 'Zwiebrache', 'Zwiegebrachte', 'gebracht']"
Wurzel,"['Brachwurzeln', 'Eingewurzelter', 'Widerwurzel', 'Wurzler', 'Zuwiderwurz', 'Zuwiderwurze', 'Zuwiderwurzel', 'abwurzeln', 'abwürzeln', 'anwurzeln', 'wurzeln']"
brack,['Bracke']
Burg,['Brandburger']
Schaden,['Brandgeschädigter']
Wurst,"['Bratwurstbeilage', 'Coburger Bratwürste', 'Fichtenwürste', 'Gewurst', 'Rostbratwürste', 'Sauwurstler', 'Speckwürste', 'Weckbratwürste', 'Weckleinsbratwürste', 'Wurstler', 'Würste', 'Würster', 'Würsterich', 'beleidigte Bratwurst', 'beleidigte Leberwurst', 'beleidigte Wurst', 'darumwursteln', 'draufloswursteln', 'durcheinanderwursteln', 'durchwursteln', 'durchwursteln, sich', 'fortwursteln', 'herumwursteln', 'hinanwursteln', 'verwursteln', 'verwurstelt', 'voranwursteln', 'wursteln', 'wurstig', 'zusammengewurstelt', 'zusammenwursteln', 'zuwursteln']"
brauchen,"['Braucher', 'aufbrauchem', 'aufbrauchen', 'aufgebraucht', 'ausgebraucht', 'brauchbar', 'gebrauchen', 'missbrauchen', 'verbrauchen', 'verbraucht']"
Schleim,"['Braunschleimer', 'Reitschleim', 'Schleimer', 'Weißschleimer', 'abschleimen', 'ausschleimen', 'schleimen', 'schleimig']"
quellen,"['Brauquelle', 'Gequollenes', 'Märzenquell', 'Märzenquelle', 'Märzquelle', 'Nassquelle', 'Quell', 'Quelle', 'anquellen', 'aufgequellter Weizen', 'aufquellen', 'einquellen', 'quellig']"
Braut,"['Brautaufhalten', 'Brautjunker', 'Brautstellen', 'Bräutchaiseaufhalten', 'Bräutelaufhalten', 'Bräutkutsche', 'Weißes Bräutlein']"
brav,"['Brave', 'Braven', 'Braver']"
Quatsch,"['Brechadelmannsquatsche', 'Dauerquatscher', 'Gequatsch', 'Nettquatscher', 'Quatsche', 'Quatscher', 'Quatscherin', 'Watsche', 'Watscher']"
breit,"['Breite', 'Breiting', 'Dengelbreiting', 'Drillbreite', 'Mahndenbreite', 'Maschinenbreite', 'Maschinenbreiting', 'Mistbreiten', 'Mähbreite', 'Saatbreite', 'Spurbreite', 'Säbreite', 'Säbreiting', 'Sämaschinenbreite', 'Sämaschinenbreiting', 'Wurfbreite', 'Wurfbreiting', 'aufbreiten', 'ausbreiten', 'auseinanderbreiten', 'breiten', 'breitig', 'einbreiten', 'verbreiten', 'voneinanderbreiten']"
schiech,"['Breitschiecher', 'Geschiech', 'Knieschiecher', 'Krummschiecher', 'Schiecher', 'zusammenschiecheln']"
Spur,"['Breitspuriger', 'Gespur', 'Großspuriger', 'Weitspurer', 'breitspurig', 'großspurig', 'spuren', 'zweispurig']"
Pfiffer,"['Bremenpfifferling', 'Eierpfifferling', 'Erdäpfelpfiffer', 'Gelbe Pfiffer', 'Gelben Pfiffer', 'Mückenpfifferling', 'Pfifferling', 'Pfifferlinge', 'Pfifferlling', 'Rain', 'Rauchpfifferling', 'Weißpfifferige', 'gelbes Pfifferlein', 'pfifferlich', 'weißpfifferig']"
tot,"['Brementöter', 'Halbtoter', 'Laustöter', 'Lungentöter', 'Mückentöter', 'Nerventöter', 'Neuntöter', 'Rachentöter', 'Toter', 'töten']"
Breme,"['Bremer', 'Geschmeißbreme', 'bremsen', 'bremsig', 'große Bremenmücke', 'großer Bremer']"
scheren,"['Brennschere', 'Deichselschere', 'Dreischürig', 'Federschere', 'Gescherter', 'Geschorener', 'Großvaterleinsschere', 'Hinterschere', 'Hochgeschorener', 'Leuchsenschere', 'Lockenschere', 'Lockschere', 'Putzschere', 'Schafschere', 'Schere', 'Scherer', 'Scherig', 'Schur', 'Vorderschere', 'Waagschere', 'Wagenschere', 'abscheren', 'alles über einen Kamm scheren', 'ausscheren', 'fortscheren, sich', 'geschert', 'geschorener Rammel', 'herunterscheren']"
Last,"['Bretterlaster', 'Laster', 'anlasten', 'belästigen', 'lästern', 'lästig', 'zusammenlästern']"
Breze,"['Brezen', 'Fastenbrezen', 'Laugenbrezen', 'Salzbrezen']"
Brief,['Brief und Siegel']
Brille,"['Brilland', 'Brillen', 'Brilleter']"
brillant,['Brillantine']
Fuchs,"['Brillenfüchsin', 'Federfuchserin', 'Federnfuchser', 'Fuchser', 'Fuchsiger', 'Füchsin', 'Geldfuchser', 'Genaschfuchs', 'Pfennigfuchser', 'Rainleinfuchser', 'Weiherfuchser', 'abfuchsen', 'fuchsen', 'fuchsenig', 'fuchsig']"
glupschen,['Brillenglupscher']
broches,['Brocherung']
schlucken,"['Brockenschlucker', 'Müllschlucker', 'Schlucker', 'Wasserschlucker', 'armer Schlucker', 'schlucksen', 'schlückleinweise', 'schnucksen', 'verschlucken', 'verschlucken, sich']"
Brosam,"['Brosamen', 'Brosen', 'abbröseln', 'bröseln', 'derbröseln', 'hinbröseln', 'zerbröseln']"
Brot,"['Brotbissen', 'Brotkratze', 'Brotzuller', 'Eigenbrötler', 'Nachmittagbrot', 'belegtes Brot', 'geschmalzenes Brot']"
Krume,"['Brotkrumen', 'Krumpen', 'Krümpelein-Krampelein', 'Krümper', 'krümeln', 'krümen', 'krümmen', 'verkrümeln', 'verkrümeln, sich']"
Lade,"['Brotladen', 'Laden', 'Tischladen']"
lutschen,"['Brotlutscher', 'Fleckellutscher', 'Flecklutscher', 'Honiglutscher', 'Lappenlutscher', 'Lutsche', 'Lutscher', 'Wasserlutsche', 'Zuckerlutscher', 'ablutschen']"
Rank,['Brotranken']
schnippen,"['Brotschnippe', 'Eisschnipper', 'Schnipper', 'geröstete Schnippelein', 'geschnippelt', 'schnippsen', 'schnupsen', 'verschnippelt', 'zusammengeschnippert']"
Wacke,"['Brotwacken', 'Facken', 'Wacken']"
Weck,"['Brotwecken', 'Butterwecken', 'Eierwecken', 'Milchwecken', 'Mohnwecken geflochtene', 'Schnittwecken', 'Totenwecken', 'Weckeln', 'Wecken', 'geflochtene Weck', 'geteilte Weck', 'mürbe Wecklei']"
brotzen,"['Brotzeler', 'Brotzler', 'Brutzler', 'abbrotzeln', 'hinbrotzeln', 'wegbrotzeln']"
Huber,"['Brotzelhuberin', 'Geschaftelhuber', 'Geschaftlhuber']"
tanzen,"['Brucktanz', 'Brücktanz', 'Freitanz', 'Hexentanz', 'Maientanz', 'Plantanz', 'Röhrentänzer', 'Schäfflertanz', 'Tanz', 'Veitstanz', 'austanzen']"
brummen,"['Brumme', 'Brummer', 'Brummler', 'Gebrumm', 'Gänsebrummer', 'Hinabbrummer', 'Hineinbrummer', 'Wuchtbrumme', 'abbrummen', 'anbrummen', 'aufbrummen', 'herbrümmeln', 'herunterbrummen', 'hinbrummeln', 'hinbrummen', 'kleine Brummfliege', 'losbrummen', 'umeinanderbrummen']"
Brunft,"['Brunftzeit', 'brünftig']"
Schiff,"['Brunnenschiffer', 'Kochschiff', 'Straßenschiffer', 'angeschifft', 'schiffen', 'verratschiffern']"
Karl,['Brunzkarlina']
Brust,"['Brusthaar', 'Mordsbrustur', 'ausbrüsten', 'eingezogene Brust', 'es auf der Brust haben', 'herausbrüsten']"
bräschen,"['Bräschegasse', 'anbräschen']"
Meister,"['Bräumeisterin', 'Bürgermeisterin', 'Hausmeisterin', 'Meisterin', 'Schulhausmeisterin', 'meistern']"
brüllen,"['Brüllat', 'Brüller', 'Brüllerer', 'Gemeindebrüller', 'Marktbrüller', 'anbrüllen', 'aufbrüllen', 'losbrüllen', 'zubrüllen', 'zusammenbrüllen']"
brüten,"['Brüter', 'Gebrüt', 'Nachbrut', 'angebrütet', 'ausbruten', 'ausbrüten', 'bebrütet', 'brutig', 'brütig', 'eierbrütig', 'verbrutet', 'verbrüten', 'verbrütet']"
rollen,"['Bubenroller', 'Döller', 'Gerolles', 'Geröll', 'Haarrolle', 'Klorolle', 'Lawinerolle', 'Nudelrolle', 'Nudelroller', 'Rolle', 'Roller', 'Rollerboller', 'Rollern', 'Röller', 'Röllern', 'Schneedöller', 'Schneerolle', 'Schustersrolle', 'Wälgerrolle', 'aufrollen', 'ausgerollt', 'ausrollen', 'ausrollern', 'einrollen', 'einrollern', 'fortröllern', 'gerollen', 'herumrollen', 'herumrollern', 'herunterrollen', 'herümrollen', 'hinterrollen', 'rollern', 'rollig', 'verrollen', 'verrollen, sich', 'wegrollen', 'wegrollern', 'zusammenrollen']"
kriegen,"['Bubenskrieger', 'Weiberskrieger', 'abkriegen', 'herunterkriegen', 'hinkriegen', 'innekriegen', 'mitkriegen', 'unterkriegen', 'wegkriegen', 'zerkriegen, sich', 'zukriegen', 'zusammenkriegen']"
Schleife,"['Bubi-magst-mein-Schleiflein', 'herumschleifen']"
Buch,"['Buch Mose', 'Bucher', 'Gebetbuch', 'Gesangbuch', 'Hagebüchener', 'Hainbücher', 'Hainebüchener']"
Ecker,['Bucheckernkern']
Buche,"['Buchenecker', 'Hagebüchiger', 'Hainbuche, wie', 'Hainbuchener', 'Hainbuchiger', 'Hainbüchener', 'Hainbüchiger', 'Hornbuchiger', 'Steinbuchiger', 'buchig', 'büchig', 'hainbuchern', 'hainbuchig', 'hainbücher', 'steinbuchig']"
Buchschwabach,['Buchschwabacher']
Dompteur,['Buchstaben-Dompteurin']
Buchti,['Buchting']
Heinkel,"['Buckelhanker', 'Hankerreiter machen', 'Heinker', 'heikeln', 'heinkeln', 'heinkseln']"
Buckel,"['Buckelter', 'Bucker', 'Bucklete', 'Katzbuckler', 'aufbuckeln', 'buckelig', 'buckeln', 'bucklig', 'einbuckeln', 'gebuckelt', 'herumbuckeln', 'katzbuckeln', 'katzenbuckeln', 'katzgebuckeln', 'kratzbuckeln']"
Thomas,"['Buckelthomaszeit', 'Thomas Buckel']"
Buckenreuth,['Buckenreuther']
Bude,"['Budler', 'Losbude', 'Wurstbudenbesitzer']"
put,"['Bula', 'putten']"
bummeln,"['Bummberling', 'Marktbummler', 'verbummeln']"
Bummel,"['Bummer', 'Säubummer']"
Bumpel,"['Bumpelhaar', 'Bumper', 'Pumperer']"
Bumser,"['Bumsernudeln', 'Bumserschelfe']"
Schurz,"['Buselschürze', 'Kirchweihschürze', 'Platzschürze', 'Schürze', 'Schürzer', 'Unterschurz', 'Unterschurze', 'Unterschürze', 'hinaufschürzeln', 'hinaufschürzen', 'schürzen']"
Freund,"['Busenfreundin', 'Freunde', 'Freundin', 'Freundlichkeit', 'Freundschaft', 'Herzfreundin', 'Katzenfreundlich', 'Leib-und-Magen-Freundin', 'Schulfreundin', 'anfreunden', 'anfreunden, sich', 'befreundet', 'freundlich', 'freundschaftlich', 'katzenfreundlich', 'saufreundlich', 'scheißfreundlich']"
Buttel,['Buttelbatzer']
Butte,"['Buttenband', 'Bütterer', 'Hagelbutten', 'Schleißenbittner', 'Sprutzbüttner']"
Butter,"['Buttererstollen', 'Butterwähe', 'Rahmbutterig', 'einbuttern', 'gebuttert', 'herumbuttern', 'in Butter', 'zusammenbuttern']"
bäffen,"['Bäffe', 'Bäffer', 'Gebäff', 'herbäffen', 'hinbäffen']"
bägen,"['Bäge', 'Bäger', 'Bägse', 'Gebäg', 'anbägen', 'aufbägen', 'bägig', 'bägsen', 'bängsen']"
bammeln,['Bämperer']
gebären,"['Bäre', 'angeboren', 'bartig']"
Bär,"['Bärenklaubern', 'Bärin', 'bärenmäßig', 'bärig']"
Bätz,"['Bätze', 'Bätzen', 'Bätzer', 'Bätzerleinshaar', 'Fichtenbätzer', 'Hausbätzer', 'Herzebätzer', 'Kieferbätzer', 'Maisbätzer', 'Mutterbätzer', 'Märzenbätzer', 'Realbätz', 'Saubätzer', 'Schneckenbätzer', 'Stubenbätzen', 'Tannenbätzer', 'Weißtannenbätzer', 'bätzern']"
Mark,"['Bätzenmarke', 'Fellmarke', 'Flurmarkung', 'Gemark', 'Gemarker', 'Gemarkung', 'Gemeindemarkung', 'Grenzenmarkung', 'Grenzgemarkung', 'Grenzmarkung', 'Hausmarke', 'Marker', 'Markung', 'Märke', 'Märker', 'Ohrenmarke', 'Ohrmarke', 'Ortsmarkung', 'Schafmarke', 'Vermarkung', 'Viermarker', 'abgemarkt', 'abmarken', 'abmarkten', 'abmärken', 'ausmarken', 'ausmarkten', 'ausmärken', 'einmarken', 'gemärkt', 'herausmarkten', 'marken', 'markieren', 'markten', 'vermarken', 'vermärken']"
Böhme,"['Böhmen', 'Böhmische', 'Böhmischer', 'böhmakeln', 'böhmaken', 'böhmeln']"
Wald,"['Böhmerwälder', 'Fichtelgebirgswäldler', 'Hinterwäldler', 'Urwald', 'Waldler', 'Waldschleuse', 'Waldung', 'Wäldler', 'hinterwäldisch', 'walden']"
Bilmes,['Bölmesschneider']
Maul,"['Bösmaulete', 'Gemaul', 'Geschreimaul', 'Geschreimaulete', 'Lätschmauleter', 'Maulen', 'Mauler', 'Plärrmäuler', 'Schlappmäuler', 'Schreimäuler', 'Verratmaul', 'anmaulen', 'aufmaulen', 'aufmaulieren', 'ausmaulen, sich', 'dagegenmaulen', 'hinanmaulen', 'hinmaulen', 'langmäulig', 'maulen', 'maulieren', 'mäulern', 'weitermaulen']"
Muck,"['Bösmucke', 'Mucker']"
Bote,"['Bötin', 'Vorbote', 'anboteln']"
bücken,"['Bückling', 'Umbück', 'einbücken', 'umbücken']"
Bügel,"['Bügeln', 'Schneebügeln', 'aufbügeln', 'bügeln', 'gebügelt', 'hinabbügeln', 'hinanbügeln', 'kleinbügeln']"
Hengst,['Bürohengstin']
Büro,['Bürokratin']
Madmoiselle,"['Büromamsell', 'Schreibmamsell', 'Schreibtischmamsell', 'Tippermamsell', 'Tippmamsell']"
Bürste,"['Bürster', 'Schwarzbürster', 'abbürsten', 'aufbürsten', 'aufbürsten, sich', 'aufhinbürsten', 'bürsten', 'bürstig', 'gebürstet', 'glattbürsten', 'hinanbürsten', 'hinbürsten', 'kratzbürstig']"
Busch,"['Büsche', 'Büschig', 'Erlbusch', 'Gebüsch', 'Milchbüsche', 'Tropfbüsche', 'Widerbusch', 'aufbuscheln', 'büschelig', 'büschig', 'herumbuscheln', 'verbuschelt']"
Waldbüttelbrunn,['Büttelbrunner']
büßen,"['Büßer', 'Zubuße', 'abbüßen']"
Karacho,['Caracciola']
Christian,['Carsten']
Chapeau,['Chapeau Claque']
Chef,['Chefin']
Christiana,"['Christiane', 'Kerstin']"
Christina,"['Christine', 'Kristin', 'Tine']"
Christopherus,['Christopher']
Christ,"['Christusschlappen', 'Leiden Christi']"
Coburg,['Coburger']
Cousin,['Cousine']
Crispinus,"['Crispe', 'Crispin']"
Dachau,['Dachauer']
dachteln,"['Dacheler', 'Dächter', 'abdachteln', 'abduchteln', 'zusammendachteln']"
Dach,"['Dacher', 'Dacherer', 'Vordach']"
Pfatte,"['Dachpfette', 'Firstpfette', 'Firstpfetten', 'Freipfette', 'Fußpfette', 'Giebelpfette', 'Pfatten', 'Pfette', 'Pfetten', 'Ränderpfette', 'Stuhlpfette']"
Dachs,['Dachser']
Trauf,"['Dachtraufe', 'Dachträufig', 'Regentraufe', 'Traufe', 'Träufe']"
tropfen,"['Dachtropfe', 'Dachtropfig', 'Tropfer', 'Trüpfe', 'hintropfen']"
Dalk,"['Dalke', 'Dalker', 'Dalkerter', 'Dalketer', 'dalkig']"
damisch,"['Damian', 'Damische', 'Damischer', 'Damjan', 'dämlich']"
Dampf,"['Dampf machen', 'Dampfer', 'Dampferer', 'Dampferin', 'Dreschdampfer', 'Dämpfer', 'Gedämpfte', 'Gedämpftes', 'Heudampfer', 'Rohgedämpfte', 'abdampfen', 'andampfen', 'dampen', 'dampfen', 'dampfern', 'dampfig', 'dämpfen', 'dämpfig', 'eindämpfen', 'eingedämpft', 'gedämpft', 'verdampfen', 'wegdampfen', 'zusammendampfen']"
Datz,['Datzer']
Rauch,"['Dauerraucher', 'Gerauchertes', 'Gerauchtes', 'Geräucherter', 'Geräuchertes', 'Geräuchtes', 'Hasenraucher', 'Kettenraucher', 'Luftgeräucherter', 'Stangenraucher', 'Wiesenpuffer', 'Wiesenraucher', 'abräuchern', 'angeraucht', 'ausräuchern', 'einräuchern', 'geraucht', 'geräuchert', 'geräucht', 'höhenrauchig', 'raucheln', 'rauchig', 'räuchern', 'verraucht', 'verräucheln', 'verräuchern', 'verräuchert', 'vollräuchern', 'zusammengeraucht']"
Dausch,['Dausche']
Ohr,"['Dauschenohren', 'Dauschohren', 'Hasenohren', 'Katzenohren', 'Ohren', 'Schlacköhreter', 'Sterzohren', 'ohren', 'spitz-die-Ohren']"
Davos,['Davoser']
Fell,"['Deckfell', 'dickfellig', 'fellen']"
dehnen,"['Dehneis', 'andehnen', 'ausdehnen', 'ausdehnen, sich', 'ausgedehnt', 'gedehnen']"
Teich,"['Deich', 'Deicht', 'Deichte', 'Ententeich', 'Kälberdeicht', 'Teichstecher', 'Teichte']"
Deichsel,"['Deichselarme', 'Deichseln', 'Deisel', 'Deiseln', 'deichseln', 'deiseln']"
Deisem,['Deisen']
Delle,"['Delling', 'andellen', 'angedellt', 'ausgedellt', 'eingedellt']"
Amboss,['Dengelamboss']
Galgen,['Dengelgalgen']
Geschirr,"['Dengelgeschirr', 'Geschirre', 'Geschirrhaufen', 'Kochgeschirr']"
Hamme,['Dengelhamme']
Klotz,"['Dengelklotz', 'Klotzen', 'Klotzer', 'Reibklotz', 'klotzen', 'klotzig']"
Pfahl,"['Dengelpfahl', 'Pfahlen', 'anpfählen', 'pfahlen']"
dengeln,"['Dengler', 'Schlappendengler', 'durchdengeln', 'gedengeln', 'hindengeln']"
Zettel,['Denkzettel']
denunzieren,['Denunziant']
Depp,"['Deppeter', 'Erzdepp', 'bedeppert', 'bedeppet', 'bedeppst', 'deppig', 'derdeppet', 'verdeppeln', 'verdeppelt', 'verdeppert', 'verdeppet']"
barmen,"['Derbarmen', 'Erbarmen', 'barmherzig', 'derbarmen', 'derbarmen, sich', 'derbärmlich', 'erbarmen', 'erbärmlich', 'gotterbärmlich']"
würgen,"['Derwürgen', 'Gewurg', 'Gewürg', 'Gewürge', 'Gewürges', 'Gewürgige', 'Gewürgiger', 'Gewürgler', 'Gewürgs', 'Gänsewürger', 'Mordsgewürge', 'Strohgewürge', 'Würge', 'Würgel machen', 'Würger', 'Würgler', 'abgewürgt', 'abhinwürgen', 'abwürgen', 'abwürgen, sich', 'anwürgen', 'aufwürgen', 'auswürgeln', 'auswürgen', 'derwürgeln', 'derwürgen, sich', 'durcheinanderwürgeln', 'durcheinanderwürgen', 'durchwürgen, sich', 'eingewürgt', 'einwürgen', 'fortgewürgeln', 'fortwürgeln', 'fortwürgen', 'gewürgeln', 'herumwürgern', 'herümwürgeln', 'hinabwurgeln', 'hineingewürgen', 'hinterwürgeln', 'umeinanderwürgen', 'umwürgeln', 'untereinander würgen', 'verwirken', 'verwurgen', 'verwurgt', 'verwürgeln', 'verwürgelt', 'verwürgen', 'verwürgt', 'wegwürgeln', 'wegwürgen', 'zerwürgen', 'zerwürgt', 'zusammengewürgt', 'zusammenwürgeln', 'zusammenwürgen']"
zwerch,"['Derzwerches', 'Zwerchrrain', 'Zwergweg', 'derzwerch', 'verzwerchelt', 'zuzwerch', 'Überzwercher', 'überzwerch eggen']"
dicht,"['Dichtung', 'dichthalten']"
dick,"['Dicke', 'Dicker', 'Dickicht', 'dicker werden', 'dicktun']"
Mast,"['Dickmaster', 'Gemästeter', 'Gänsemästen', 'Master', 'gemästet', 'mästen']"
Stiel,"['Dickstieler', 'Köhlstielgemüse', 'Recherstiel', 'Rechestiel']"
Wampe,"['Dickwampeter', 'Gewams', 'Gewamsig', 'Wampen', 'Wamper', 'Wampeter', 'Wampo', 'anwampen', 'einwampern', 'wampig']"
Diespeck,['Diespecker']
dillen,"['Dilladalla', 'Dilledalle', 'dillern', 'herumdillern', 'herumdällern']"
Ding,"['Dingens', 'Dingin', 'Eingedungener', 'Riesendinger', 'Unding', 'rechte Dinge']"
Diskurs,"['Diskursführer', 'diskurieren', 'diskutieren']"
diskutieren,['Diskutierer']
Disput,"['Disputat', 'Disputierer', 'abdisputieren', 'aufdisputieren', 'disputieren', 'herumdisputieren', 'wegdisputieren']"
Docht,"['Dochter', 'Döchter', 'dochteln']"
Dohle,['Dohler']
Dolde,"['Dolden', 'Maisdoldenhaar']"
Doldi,"['Dolderin', 'Doldiger']"
Dol,"['Dole', 'Steindole', 'Wiesendole', 'abdolen', 'andolen', 'ausdolen', 'ausdolern', 'dolen', 'eindolen', 'hinausdolen', 'verdolen']"
knärfen,"['Donnersknärfe', 'Geknarf', 'Geknärf', 'Knärfe', 'Knärfer']"
doof,['Doofer']
Johannes,"['Dooferjan', 'Hann', 'Jan', 'Jean', 'Jens', 'Johann', 'hanseln', 'verhänseln']"
doppel,"['Doppeln', 'Doppelte', 'Doppelter', 'Hatschendoppeln', 'Strümpfedoppeln']"
gemein,"['Dorfgemeinschaft', 'Familiengemeinschaft', 'Gemeidebläke', 'Gemeinde', 'Gemeindewasche', 'Hundsgemeinheit', 'Zonengrenzgemeinde', 'gemeindearbeiten']"
Dorf,"['Dorfheiliger', 'Drosendorfer', 'Drückendorfer', 'dörflich']"
treten,"['Dornentreter', 'Ententreter', 'Fehltritt', 'Kommisstreter', 'Kurztreter', 'Lehmentreter', 'Lehmetreter', 'Lehmtreter', 'Leimtreter', 'Pedaletreter', 'Pedaltreter', 'Pflastertreter', 'Treter', 'Treterer', 'Tretware', 'Wegtreter', 'Wiesenzertreter', 'Zwiebeltreter', 'abtreten', 'antreten', 'antreten, sich', 'auftreten', 'auftreten, sich', 'austreten', 'durchtreten', 'eintreten', 'hintreten', 'tretern', 'wegtreten', 'zusammengetreten', 'zusammentreten']"
dos,"['Doser', 'Traumduse', 'Zerrduse', 'alte Traumduse', 'dösen', 'dösig', 'hindösen', 'rahmdösig']"
dosen,['Dosige']
Dot,"['Dote', 'Dotin', 'Döte']"
Drache,['Drachenfutter']
Draht,['Drahtiger']
drainieren,"['Drainierte', 'abdrainieren']"
latschen,"['Dralatsche', 'Gelatsch', 'Gelatsche', 'Getreidelatsche', 'Latschkocher', 'Lätscher', 'Lätscherer', 'Lätscherter', 'Plätsche', 'durchlatschen', 'zusammenlatschen']"
drall,"['Dralle', 'aufdrollen']"
Kaff,['Dreckkaffer']
Katze,"['Dreckkatzer', 'Genaschkatze', 'Hollekatzer', 'Katzenkatzer', 'Katzenscherben', 'Katzer', 'Katzger', 'Katzpfoten', 'Kitzin', 'Kätzer', 'Kätzin', 'Mehlkatzer', 'Verratkatze', 'Verratkatzen', 'Verratskatze', 'abderkatzen', 'abkatzen', 'abkatzen, sich', 'derkatzen', 'katzern', 'katzig', 'kätzern']"
Laus,"['Drecklauser', 'Erzlauser', 'Hemdlauser', 'Lausblume', 'Lausbuben', 'Lauser', 'Lauserin', 'Laushänge', 'Lausige', 'Lausiger', 'Lauspatzerin', 'Laustreppe', 'Laustöter, sein wie', 'Lauszeiten', 'Läusebande', 'Läusebüsche', 'Läuseknickriger', 'Läuser', 'ablausen', 'auslausen', 'lauseln', 'lausen', 'verlaust']"
Matsch,"['Dreckmatscher', 'Gematsch', 'Gemätsch', 'Matsche', 'Matscher', 'Matschig', 'Schneematschig', 'Tenngematsche', 'Tenngemätsche', 'abgematscht', 'dermatscht', 'einmatschen, sich', 'gematscht', 'matschern', 'matschig', 'zermatscht', 'zermätscht']"
panschen,"['Dreckpanscher', 'Gepansch', 'Gepantsch', 'Herumgepansche', 'Kaltwasserpanscher', 'Panscher', 'Talpanscher', 'Wasserpantscher', 'Weinpanscher', 'abpanschen', 'gepanscht', 'umherpanschen', 'verpanschen', 'zusammengepanscht', 'zusammenpanschen', 'zusammenpantschen']"
Russe,"['Dreckrussen', 'Russer', 'Russischer', 'Russland', 'zusammenrussen']"
sappen,"['Drecksapper', 'Gesapp', 'Gesapperig', 'Sapper', 'Sapperer', 'Vollsapper', 'absappen', 'hersappen', 'hinterher sappen', 'versappeln', 'versappt', 'zusammensappen']"
schlarren,"['Dreckschlarrer', 'Geschlärr', 'Schlarre']"
schlattern,"['Dreckschlatter', 'Dreckschlätte', 'Schlatter', 'Schlattere', 'Schlatterer', 'Schlättere']"
Schleuder,"['Dreckschleudere', 'Dreckschleuderin', 'Erdbirnenschleuder', 'Erdbirnenschleuderer', 'Erdbirnenschleuderin', 'Erdäpfelschleuder', 'Erdäpfelschleuderer', 'Erdäpfelsschleuder', 'Erdäpfelsschleuderer', 'Hemdschleudin', 'Schlaude', 'Schleudere', 'abhinschleudern', 'abschleudern', 'ausschlaudern', 'ausschleudern', 'geschleudert', 'herabschleudern', 'herausschleudern', 'herunterschleudern', 'schleudern']"
Dreck,"['Dreckschmarre', 'Dreckstürer', 'Erdäpfeldreck', 'Hammelsdrecker', 'Hundsdrecker', 'Kühdrecker', 'Kühdreckete', 'Kühebatzen', 'andrecken', 'aufdrecken', 'aufdrecken, sich', 'aufgestellter Geißdreck', 'aufgestelltes Mausdrecklein', 'dreckbuddeln', 'dreckeln', 'drecken', 'dreckig', 'dreckig machen', 'dreckspielen', 'hundsdreckig', 'katzendreckeln', 'katzendreckig', 'saudreckig', 'verdreckt']"
tappen,"['Drecktapper', 'Drecktapser', 'Fußtapfer', 'Fußtapper', 'Fußtapse', 'Hundstapper', 'Katzentapper', 'Menschentapper', 'Pfützentapper', 'Pritschentäpper', 'Schneetapper', 'Schuhtapser', 'Tapper', 'Tapperer', 'Tapperte', 'Tapsen', 'Tapser', 'Täppeter', 'antappen', 'antapsen', 'dertappen', 'ertappen', 'hertappeln', 'hineintapsen', 'hinterdrein tappen', 'hinterher tappen', 'hintäppeln', 'nachtapsen', 'tappelig', 'tappig', 'täpsig', 'umeinandertappen', 'vertappeln', 'zusammentappen']"
trappen,"['Drecktrapper', 'Fußtrapper', 'Jesustrapper', 'Schneetrapper', 'Traber', 'Trappe', 'Trapper', 'Trapperer', 'Trappler', 'Trapser', 'Träppe', 'hintrappeln', 'nachtrappen', 'umträppt']"
schreiben,"['Drei-Kreuzleins-Schreiber', 'Füllschreiber', 'Geschriebenes', 'Schaukelschreiber', 'Schreibens', 'Schreiber', 'Unterschreiben', 'Zuschreiben', 'abschreiben', 'angeschrieben', 'anschreiben', 'aufschreiben', 'ausschreiben', 'durcheinanderschreiben', 'verschreiben', 'zusammenschreiben', 'zuschreiben']"
drei,"['Dreie', 'Dreier', 'Dreifaltigkeit', 'Dreiling', 'Dritter', 'Gehörtsichdreier', 'Krezerdreier', 'dreidrähtig', 'dreie']"
Jahr,"['Dreijährig', 'Einjähriger', 'Einjähriges', 'Halbjähriger', 'Hammeljährling', 'Jahre', 'Jahresreifen', 'Jahrling', 'Jährig', 'Jähriger', 'Jährling', 'Kälbeljährling', 'Kälberjährling', 'Mutterjährling', 'Neujahrsfeiertage', 'Neujahrsingen', 'Wachsjahre', 'Zwanzigjähriger', 'Zweijährig', 'Zweijähriger', 'Zwiejährer', 'Zwiejähriger', 'die Jahre', 'diesjährig', 'dreijährig', 'driejährig', 'einjährig', 'feinjährig', 'ganzjährig', 'ganzjährlich', 'grobjährig', 'in dem Jahr', 'jahrein', 'jährig', 'jährlig', 'zweijährig', 'zwiejährig', 'zwischen die Jahre']"
Kante,"['Dreikant', 'Kanter', 'abkanten', 'einkanteln', 'einkänteln', 'kantig', 'umkanten']"
Zinken,"['Dreizinkete', 'Fünfzinkete', 'Zehnzinketer', 'Zweizinker', 'Zweizinkete', 'Zweizinkige', 'dreizinkig', 'zweizinkig']"
Genosse,['Dreschgenossenschaft']
drillen,"['Driller', 'Haardrillerer', 'aufdrillern', 'drillern', 'verdrillern', 'verdrillert', 'verdrillt']"
fehlen,"['Druckfehler', 'Fehler', 'Fehlling', 'Säfehler']"
drucken,"['Druckser', 'Gedrucke', 'Gedrucktes', 'herumdrucksen']"
Drude,"['Drudensteig', 'Druder', 'andrudern', 'druden', 'drudern', 'vertruden', 'vertrudern']"
zxy,"['Duchte', 'Magenzehrbibber', 'Stango', 'flendern', 'gezunden', 'herabflendern', 'herunterfledern']"
Maus,"['Duckmauser', 'Duckmauserin', 'Holzmauser', 'Linksmauser', 'Mausen', 'Mauser', 'Mausgraber', 'Mäuse', 'Mäusen', 'gemaust', 'mausen', 'mausig']"
Duckmäuser,['Duckmäuserin']
ducken,"['Duckser', 'Geduck', 'ducksen', 'fortducken', 'fortduckseln', 'herumducksen', 'herunterducken', 'verduckeln', 'verducken', 'verducksen, sich', 'wegducken, sich']"
dudern,['Duderer']
dulden,"['Duldige', 'Hundsdulder']"
pappeln,"['Dummpappler', 'Dummpäpper', 'Dummpäppler', 'Froschlackelpappe', 'Gepapper', 'Pappeler', 'Pappern', 'Papplaner', 'Pappler', 'Papplerer', 'Päppeler', 'Päpperer', 'Päpperich', 'Päppler', 'Schlechtpappler', 'aufpappeln', 'auspappeln', 'auspappern', 'herpappern', 'hinanpappern', 'hinpappern', 'hinpäppern', 'pappern', 'verpappeln', 'zusammenpappeln']"
Hurde,"['Dunghurdenwagen', 'Dunghurdwagen', 'Hurdenwagen']"
schwarz,"['Dunkelhäutiger', 'Kohlrabenschwarzer', 'Kohlschwarzer', 'Schuhschwärze', 'Schwarze', 'Schwarzer', 'Schwarzko', 'Schwärze', 'Schwärzing', 'Schühschwärze', 'anschwärzen', 'dunkelhäutig', 'kohlrabenschwarz', 'kohlrappelschwarz', 'kohlschwarz', 'schwarze Schnecke', 'schwarzer', 'schwarzer Dorn', 'schwärzen', 'verschwärzen']"
dunkel,['Dunkler']
einander,"['Durcheinander', 'Untereinander', 'aneinander', 'aufeinander', 'auseinander', 'auseinandergetrieben', 'auseinanderklaffen', 'beieinander', 'die-umeinander-ein', 'durcheinander', 'durcheinanderkneten', 'durchereinander', 'gegeneinander', 'hintereinander', 'hintigeinander', 'ineinander', 'miteinander', 'miteinander unterinander', 'nacheinander', 'umeinander drücken', 'umeinander treiben', 'umeinanderdrehen', 'umeinanderfahren', 'umeinanderfliegen', 'umeinanderquaken', 'umeinanderwühlen', 'untereinander', 'voneinanderreißen', 'voneinanderziehen', 'zueinander', 'übereinander sein']"
Fahrt,"['Durchfahrt', 'Fährte', 'Wallfahrter', 'Wallfahrterer', 'hoffartig', 'hoffärtig']"
quick,['Durchgequixter']
riechen,"['Durchgerochener', 'derriechen']"
wichsen,"['Durchgewichster', 'Gewichster', 'Plattenwichser', 'Schuhwichse', 'Schwarzwichse', 'Schühwichse', 'Stiefelwichse', 'Wichse', 'abwichsen', 'aufgewichst', 'aufwichsen', 'durchwichsen', 'gewichst', 'herunterwichsen', 'hinwichsen', 'zusammengewichst']"
Marsch,"['Durchmarsch', 'allons-marsch-marsch', 'marschieren']"
messen,"['Durchmesser', 'Holzaufmesser', 'Messbecher Maßbecher', 'Radlersbier', 'abmessen', 'abmessnen', 'angemessen', 'ausmessen', 'ausmessnen', 'gemessen', 'nachmessen', 'vermessen', 'vermessnen', 'wegmessen', 'zumessen', 'zumesstnen']"
durch,"['Durchseihen', 'durch', 'durch sein', 'durch und durch', 'durchräufen', 'hintendurchdurchhauen', 'zwischendurch']"
löschen,"['Durstlöscher', 'Löscher', 'ablöschen', 'auslöschen', 'verlischen', 'verlöschen']"
Dusche,['Duscherer']
Dusel,"['Dusler', 'alter Taumdusel', 'angeduselt', 'beduselt', 'duslig']"
Dutte,"['Dutten', 'Dutter', 'Dütten', 'Dütter', 'Flaschenduttler', 'Hundsdütten', 'Superdütten', 'Taubendudderer']"
Dutzel,"['Dutze', 'Dutzer', 'Dützer', 'Zuckerdützel', 'dützen']"
Dämmer,"['Dämmerung', 'Morgendämmerung', 'dammen', 'dämmern', 'dämmrig', 'heraufdämmern']"
Darm,"['Därme', 'Eingedärm', 'Gedärm', 'Gedärme', 'därmig']"
Daumen,"['Däumeling', 'Däumerling', 'Däumling', 'alle Daumen lang', 'alle Daumens lang']"
Dorn,"['Dörner', 'Schlehdorner', 'Schlehdörner', 'schwarze Dornen', 'zwiedornig']"
dünn,"['Dünne', 'Dünne Pfannkuchen', 'Dünner', 'verdünnen', 'verdünnen, sich', 'verdünnisieren', 'verdünnisieren, sich', 'verdünnisiert', 'verdünnitisieren']"
Topf,"['Düppen', 'Eintopf', 'Henkeltöpfe', 'Rahmtöpfe', 'Salztöpfe', 'Steintöpfe', 'Töpfgrundbirnen']"
Bein,"['Dürrbeineter', 'Hinkebein', 'Hochbeinete', 'Hochbeineter', 'Krummbeineter', 'Krähenbeine', 'Langbeinete', 'Langbeineter', 'Leben hinein die Beine machen', 'O-Beine', 'O-Beinlein', 'Raubeiniger', 'Spreitzbeine', 'Steckeleinsbeine', 'Storchbeinete', 'Storchenbeineter', 'X-Beine', 'Zuckbein', 'abbeinen', 'ausbeinen', 'beinern', 'beinig', 'bockbeinig', 'breitbeinig', 'buchsbeinern', 'fassbeinig', 'gratschbeinig', 'gratschebeinig', 'hochbeinig', 'langbeinig', 'o-beinig', 'stockbeinig']"
leben,"['Dürrleber', 'Einsiedlerleben', 'Lebendiger', 'abgelebt', 'auseinanderleben', 'derleben', 'für mein Leben gern', 'im Leben', 'lebendig', 'lebig', 'lempig', 'löblich', 'mein Leben gern', 'quicklebendig', 'von meinem Leben gern', 'zusammenleben', 'zählebig']"
Leim,"['Dürrleimer', 'Leimen', 'Leimentreter', 'Leimer', 'Leimerer', 'Leimetreter', 'ausleimen', 'leimen', 'zusammenleimen']"
Lackel,"['Dürrläckigeter', 'lackeln']"
jagen,"['Düsenjäger', 'Fallschirmjäger', 'Gejag', 'Gewitterjager', 'Gänsejäger', 'Jager', 'Jäger', 'Mädchenjäger', 'Mädleinjäger', 'Postleinsjäger', 'Schürzenjager', 'Schürzenjäger', 'Schürzjäger', 'Speckjäger', 'Weiberjäger', 'Wilder Jäger', 'Wildes Jägerlein', 'Wildjäger', 'abgejagt', 'abjagen', 'abjagen, sich', 'anjagen', 'aufjagen', 'dergägt', 'durcheinanderjagen', 'einjagen', 'fortjagen', 'hin- und herjagen', 'losjagen', 'verjagen', 'wegjagen', 'zusammenjagen, sich']"
tützen,['Dütze']
eben,"['Ebending', 'Ebene', 'Ebening', 'Ebenung', 'Ebig', 'Einebene', 'Einebig', 'Einebne', 'Einebnet', 'Eingeebnete', 'Eingeebnetes', 'Eingeebnig', 'Fränkische Ebene', 'Mainebene', 'abebnen', 'ebenig', 'ebent', 'ebig', 'einebnen', 'einebnig', 'eingeebnen', 'eingeebnet', 'schnurebig']"
Ebersdorf,['Ebersdorfer']
Ebrach,['Ebracher']
hocken,"['Eckenhocker', 'Federnhocker', 'Fetthöcker', 'Fußhocker', 'Gehock', 'Grenzhocker', 'Hockender', 'Hocker', 'Hocketer', 'Höcker', 'Klassenhocker', 'Nesthocker', 'Ofenhocker', 'Schulhocker', 'Stadthocker', 'Stubenhocker', 'Taschenhocker', 'Verhockter', 'abhocken', 'anhocken', 'aufhocken', 'aufhocken, sich', 'ausgehockt', 'derniederhocken', 'durchgehockt', 'durchhocken', 'einhocken', 'gehocken', 'herunterhocken', 'hinhocken', 'hocketig', 'höckern', 'nachhocken', 'unterhocken', 'verhocken', 'verhockt', 'zuhocken']"
Pfeil,['Eckpfeile']
Stall,"['Eckstaller', 'Hinkeleinsstall', 'Hinkelsstall', 'Hinkelstall', 'Hinkenstall', 'Schweinstallbrücke', 'Stalling', 'abstallen', 'abstallieren', 'stallen', 'stallieren']"
Eckstein,['Eckstein-Bronzer']
Effeltrich,['Effeltrer']
Egge,"['Eggen', 'Egger', 'Erdäpfelegge', 'Nachegge', 'Nacheggen', 'Nachhineggen', 'Niedereggen', 'Reiß-egge', 'Reißegge', 'Saateggen', 'Voreggen', 'Zusammeneggen', 'abeggen', 'aneggen', 'aufeggen', 'auseggen', 'breiteggen', 'durcheggen', 'ebeneggen', 'eggen', 'eineggen', 'gleicheggen', 'herabeggen', 'herumeggen', 'heruntereggen', 'hinaneggen', 'hineineggen', 'nacheggen', 'niedereggen', 'saateggen', 'schareggen', 'voreggen', 'zueggen', 'zusammeneggen', 'übereggen', 'überzwercheggen']"
Ei,"['Ei', 'Eieriger', 'Eierlinger', 'Eierzemmete', 'Eirener', 'Eiriger', 'Fauleneier', 'Fischeier', 'Froschei', 'Froscheier', 'Fröschei', 'Fröschelei', 'Glotzei', 'Glücksei', 'Grünhasenei', 'Gänsei', 'Hasenei', 'Hexenei', 'Hitschei', 'Hitschenei', 'Hitscheneier', 'Hitschenwabbelei', 'Hühnereier', 'Krottenei', 'Krähenei', 'Krötenei', 'Kröteneier', 'Kuckucksei', 'Ochsei', 'Ochsenei', 'Osterei', 'Osterhasenei', 'Rasenei', 'Rothasenei', 'Rötelei', 'Rötleinsei', 'Schlangenei', 'Spiegelei', 'Storchsei', 'Taubeneier', 'Teufelsei', 'Vögelseier', 'Windei', 'ausgeschlagene Eier', 'ausgeschlagenes Ei', 'ausschlagen, Ei', 'dahereiern', 'eiern', 'gebackenes Ei', 'stinketes Ei', 'verfaultes Hasenei']"
steigern,"['Eichenholzversteigerung', 'versteigern']"
schlottern,"['Eiergeschlatter', 'Schlotter', 'Schlottere', 'Schlotterer', 'Schluderer', 'schlotterig', 'schluderig']"
Bild,"['Eigebildeter', 'Einbilder', 'Einbildung', 'Eingebild', 'Eingebildete', 'Eingebildeter', 'Eingebildetes', 'Gebilde', 'Mannbilder', 'Mannsbilder', 'Müllmannsbilder', 'Weibsbilder', 'einbilden', 'einbilden, sich', 'einbilderisch', 'einbildisch', 'eingebildet', 'vorbildlich']"
eigen,"['Eigene', 'Eigener', 'Eigenheit', 'Eigentümer', 'eigenmächtig', 'eigentümlich']"
Trödel,"['Eigentrödler', 'Trödeler', 'Trödler', 'auftrödeln', 'dahintrödeln', 'herumtrödeln', 'trödeln', 'vertrödeln']"
Griebe,"['Eigrieben', 'Schmalzgrieben', 'Speckgrieben', 'griebern', 'griebesen']"
eilen,"['Eile', 'Eiliger', 'Geeile', 'beeilen, sich', 'beeilig', 'eilig', 'voreilig']"
stark,"['Ein-PS', 'Starke', 'Starker', 'Stärke', 'Stärkemehlspatzen', 'stärken', 'stärker werden']"
schleppen,"['Einachs-Schlepper', 'Geschlepp', 'Heuschleppe', 'Holzschleppe', 'Schleppe', 'Schlepper', 'Schlepperanhänger', 'Schleppig', 'Steinschleppe', 'Zusammenschleppig', 'abgeschleppen', 'abschleppen', 'einschleppen', 'verschleppen', 'verschleppt', 'wegschleppen', 'zusammenschleppen']"
Straße,['Einbahnstraße']
Kissen,"['Einbindkiss', 'Kissen machen', 'Wickelkissig']"
Schlüssel,"['Einbrecherschlüssel', 'Nachschlüssel']"
Hafen,"['Einbrockhafen', 'Hafenhadern', 'ein Hafen']"
Ernte,"['Einernten', 'Erdbirnenernte', 'Erdäpfelernte', 'Erdäpfelsernte', 'Gesamternte', 'Heuernten', 'Heuing', 'Schnittieren', 'aufernten', 'eingeerntet', 'ernten']"
ein,"['Eines', 'Eintreiber', 'Mehleinlage', 'Neueinsaat', 'Wochenmarkteinkäufer', 'ein', 'ein(e)', 'eine aufhinbinden', 'eine aufhucken', 'eine auflättern', 'eine aufseilen', 'eine aufsäumen', 'eine hinaufbinden', 'eine hinaufluschen', 'eine hinaufschnallen', 'einen hinaufbinden', 'einer', 'eines', 'einfädeln', 'einfältig', 'eingerückt', 'einherig', 'eins und eins', 'einsam', 'einschleimen, sich', 'einspännet', 'eintröckeln', 'einwöhnen', 'schenken', 'so eine']"
fassen,"['Einfass', 'Einfassung', 'Eingefasstes', 'Gefäß', 'Knopfeinfassung', 'Knopflocheinfassung', 'abfassen', 'allez fass', 'anfassen', 'einfassen', 'eingefasst', 'erfassen', 'umfassen', 'unterfassen']"
Furt,"['Einfurt', 'Furtweg', 'Gefurt', 'Zufurt']"
Faden,"['Einfädler', 'auffädeln']"
Einfalt,"['Einfältige', 'Einfältiger']"
kochen,"['Eingekochtes', 'Erdbirnenkoch', 'Häfenleinskocher', 'Kaffeekocher', 'ausgekocht', 'auskochen', 'eingekocht', 'gekocht', 'gekochter Haber', 'ungekocht']"
lenken,"['Eingelenk', 'Fahrradlenker', 'Lenker', 'einlenken', 'lenkbar']"
Nest,"['Eingenisteter', 'Genist', 'Geniste', 'Hühnernester', 'Nestling', 'Nestwerfen', 'einnisten, sich', 'gemachtes Nest']"
nähen,"['Eingenähig', 'abnähen', 'annähen', 'ausnähen', 'eingenäht', 'einnähen', 'zunähen', 'zusammennähen']"
placken,"['Eingeplackter', 'Hereingeplackte', 'Hereingeplackter', 'Hineingeplackter', 'Placke']"
schleusen,"['Eingeschleuster', 'Schleuse', 'Stauschleuse']"
schneien,"['Eingeschneite', 'Hereingeschneiter', 'anschneien', 'hereingeschneit', 'schneierig']"
weich,"['Eingeweichtes', 'Eingeweichtig', 'Einweichig', 'Weiche', 'Weichliche', 'Weichwerden', 'aufgeweicht', 'eingeweicht', 'verweichlicht']"
Geweide,"['Eingeweide', 'Geweid', 'Ingeweid', 'Ingeweide']"
einher,"['Einhergeschneite', 'zuendest einher']"
Heu,"['Einheuen', 'Heue', 'Heuen', 'Heuhäufen', 'Heuschnäpfer', 'Heuschupfen', 'Heuschwaden', 'Nachheu', 'Zusammenheuig', 'aufheuen', 'einheuen', 'herumheuen', 'umeinander heuen', 'umheuen']"
einig,"['Einigkeit', 'Uneinigkeit', 'einig werden', 'einigwürgen', 'stadteinigwärts', 'uneinig']"
Kerbe,"['Einkerbe', 'abkirfeln', 'ankerben', 'auskerbeln', 'auskerben', 'auskerfeln', 'auskerfen', 'einkerben', 'kerbeln', 'kerben', 'kerfeln', 'kerfen']"
Suppe,"['Einlaufsuppe', 'Erdäpfelsuppe', 'Gerstleinssuppe', 'Gerstleinsuppe', 'Geschmälzsuppe', 'Gesupp', 'Peterlein auf allen Suppen', 'suppig']"
Schwein,"['Einlegschwein', 'Schweinauer', 'schweinern', 'schweinig']"
Gurke,"['Einmachgurke', 'Einschneidegurke']"
Kummer,"['Einmachkümmerling', 'Kreuzkümmerling', 'Kummerling', 'Kümerling', 'Kümmerin', 'Kümmerling', 'Kümmernis', 'Salatkümmere', 'Salatkümmerling', 'Schlangenkümmerling', 'abkümmern', 'abkümmern, sich', 'bekümmern, sich', 'kummern', 'kümmerlich', 'kümmern', 'unbekümmert', 'verkümmert']"
Schicht,"['Einschichtige', 'Einschichtiger', 'Einschichtiges', 'einschichtig', 'hineinschichten', 'zweischichtig']"
Schifft,"['Einschifftiger', 'Einschiftige', 'Einschiftiger', 'Einschiftiges', 'Scheiftung', 'einschiftig', 'schifftig', 'windschiftig']"
schmeicheln,"['Einschmeichler', 'Schmeichelhaar', 'Schmeichler', 'abschmeicheln', 'anschmeicheln', 'einschmeicheln', 'einschmeicheln, sich']"
Zwetschge,"['Einschmeißzwetschge', 'Fallzwetschig', 'Queckster', 'Zwetschgen', 'Zwetschgerer', 'Zwetschgern']"
Schraube,"['Einschraube', 'Hubschrauber', 'Schrauber', 'Schraubig', 'Verschraubung', 'ausschrauben', 'einschrauben', 'geschraubt', 'hinaufschrauben', 'hochschrauben', 'schrauben', 'verschraubt']"
Segen,"['Einsegnen', 'Einsegnung', 'Gesegneter', 'Sen', 'absegnen', 'einsegnen', 'gesegnen', 'segern', 'versegnen', 'versenen']"
siedeln,"['Einsiedler', 'ansiedeln']"
Streu,"['Einstreus', 'Erdbirnenstreu', 'Gestreu', 'Gestreute', 'Rechstreu', 'Streubätze', 'Streue', 'Streuhacken', 'Streuicht', 'Tannenstreubätze', 'verstreut']"
Zahn,"['Einzahner', 'Kälberzahne', 'Rechenzähne', 'Zähne', 'abzahnen', 'auszahnen', 'gezähnt', 'herumzahnen', 'zahnen', 'zähnen']"
einzel,"['Einzeling', 'Einzelner', 'Einzelter', 'einzeln', 'vereinzelt']"
einzig,"['Einzige', 'Einziger', 'Einzing', 'Einzliche']"
öde,"['Einöder', 'anöden', 'Öder', 'Ödung']"
Eis,"['Eischlitten', 'Eiser', 'Eisriger', 'angeeist', 'eisig', 'gleißeisen', 'glitteisen']"
klieben,"['Eisenkliebe', 'Holzklieber', 'Kliebe', 'aufklieben', 'zerklieben']"
Kufe,"['Eiskufer', 'Kufen', 'Kufer', 'Transportkufer']"
schrapfen,"['Eisschrapper', 'Schneeschrapper']"
Schub,"['Eisschuber', 'schübeln']"
stampfen,"['Eisstamper', 'Erdapfelstampf', 'Erdbirnenstampf', 'Erdbirnenstampfer', 'Erdbirnstampfer', 'Grundbirnenstampfer', 'Grundbirnenstämpfer', 'Kartoffelstampfer', 'Kotelettstampfer', 'Krautstampfer', 'Schneestampfer', 'Stamper', 'Stamperer', 'Stampfer', 'Stampfere', 'Stämper', 'Stämperer', 'Stämpfer', 'Unterstamper', 'Wäschestampfer', 'Zwergstamper', 'abstampfen', 'davonstampern', 'durchstampfeln', 'durchstampfen', 'einstämpfeln', 'fortstampern', 'gestampft', 'hinanstampern', 'hineinstampern', 'hinstampern', 'nachstampern', 'stämpern', 'zerstampfen', 'zusammenstampern', 'zusammenstampfen', 'zusammenstrampfen']"
stanzen,"['Eisstanzer', 'zusammenstanzen']"
elegant,['Eleganter']
elf,"['Elfeläuten', 'Elfer', 'elfe', 'elfundneunzig']"
Helena,"['Eline', 'Helene']"
Adelheid,['Elke']
Ell,['Ell']
Politik,['Ellbogenpolitiker']
Elle,"['Elle', 'Ellenmann']"
Eller,['Ellerling']
Emilia,['Emilie']
empfinden,"['Empfindlicher', 'empfindlich', 'überempfindlich']"
emsig,"['Emsige', 'Emsiger']"
krank,"['Englische Krankheit', 'Fischkrankheit', 'Geisteskranker', 'Heimkrankheit', 'Hinfallete-Krankheit', 'Hühnerkrankheit', 'Kranke', 'Kranker', 'Krankheit', 'Kränke', 'Schlafkrankheit', 'Schulkrankheit', 'gekränkt', 'krankern', 'kränkeln']"
England,['Engländer']
Antrach,['Ententracher']
schließen,"['Entschluss', 'Verschluss', 'Waagschließe', 'abschließen', 'geschlossen', 'schließlich', 'verschlossen', 'zusammenschließen']"
Franse,"['Erbirnfransen', 'Erdbirnfransen', 'Fransen', 'Franser', 'Fransmann', 'Gefrans', 'Simpelfransen', 'aufgefranst', 'ausfransen', 'ausgefranst', 'franselich', 'fransig', 'verfransen', 'verfranst']"
Onkel,['Erbonkel']
Tante,['Erbtante']
Rebe,"['Erdapfelreben', 'Erdbirnenreben', 'Erdäpfelreben', 'Reben', 'Träubleinreben', 'Träubleinsreben', 'abreben']"
Schrot,"['Erdapfelschrot', 'Geschröt', 'Kuhschroten', 'Schröter', 'Schrötiger', 'Vierschröter', 'Vierschrötige', 'Vierschrötigen', 'Vierschrötiger', 'Zwieschrötiger', 'anschroten', 'ausschroten', 'ausschröteln', 'dreischrötig', 'hineinschroten', 'schroten', 'vierschrötig', 'zusammenschroten']"
trinken,"['Erdapfelstrinken', 'Flaschentrinker', 'Freibiertrinker', 'Gelegenheitstrinker', 'Ludeltrinker', 'Taglohntrinker', 'Trinker', 'angetrunken', 'auftränken', 'austrinken', 'betrunken', 'eintränken']"
Biene,['Erdbiene']
Birne,"['Erdbirnbaunze', 'Erdbirne', 'Erdbirnenbifang', 'Erdbirnendätscher', 'Erdbirneneinklauben', 'Erdbirnengrabzeit', 'Erdbirnenlesen', 'Erdbirnenwagen', 'Erdbirnenzusammenlesen', 'Erdbirnkräuter', 'Erdbirnkräuterig', 'Erdbirnschindeln', 'Gewürgelbirne', 'Grundbirndotsche', 'Grundbirnekräutig', 'Grundbirnen', 'Grundbirnen-Pfankel', 'Grundbirnendätscher', 'Grundbirnenstopfer', 'Grundbirnenstöcke', 'Grundbirnnereiber', 'Grundbirnskeller', 'Grundbirnstätscher', 'Grundbirnstücke', 'Knödeleinerdbirnen', 'Knödeleinserdbirnen', 'Knödelerdbirnen', 'Reibgundbirne', 'Schälerdbirnen', 'Stopferdbirnen', 'Stopfererdbirnen', 'französische Erdbirnen', 'gebletzte Erdbirnen', 'gebratene Erdbirnen', 'gebratene Grundbirnen', 'gedämpfte Erdbirnen', 'gedämpfte Grundbirnen', 'gedämpfte Grunderdbirnen', 'gedünstete Erdbirnen', 'geröstete Erdbirnen', 'geröstete Grundbirnen', 'geschmalzene Erdbirnen', 'rohe Erdbirnen']"
Bovist,"['Erdbirnenbovist', 'Erdäpfelbovist']"
Fetzen,"['Erdbirnenfetzen', 'Fetzenhunger', 'Fitze', 'Futzer', 'Gefetz', 'Mädleinsfetzer', 'abfetzen', 'abfinzen', 'fetzgern', 'fetzig', 'herunterfetzen', 'losfetzen', 'zerfetzt']"
Gabel,"['Erdbirnengabel', 'Gabelleiste', 'Gabelung', 'Gabler', 'Garbengabeln', 'Getreidespießer', 'Getreidgabel', 'Getreidsgabel', 'Getreidspießer', 'Getreidstecher', 'Hinaufgabeln', 'Hinterachsgabel', 'Hintergabel', 'Reutgabel', 'Strohgabler', 'Verladgabel', 'Weggabel', 'abgabeln', 'abgabeln, sich', 'aufgabeln', 'gabeln', 'herabgabeln', 'heraufgabeln', 'hinaufgabeln', 'hinaufgegabelt', 'tu es schön abgabeln']"
Grube,"['Erdbirnengrube', 'Erdgrube', 'Grubenweg', 'Grübleein', 'grübeln']"
Horde,['Erdbirnenhorde']
Keller,"['Erdbirnenkeller', 'Erdäpfelkeller', 'Erdäpfelskeller']"
Knopf,"['Erdbirnenknopf', 'Knöpfer', 'Pfingstknöpfe', 'Vater-unser-Knöpflein', 'abknopfen', 'abknöpfen', 'abknüpfen']"
Knödel,"['Erdbirnenknödel', 'Knödeleinerdbirne', 'Knödeleinserdbirne', 'Reiberknödel', 'knödelig', 'weizen']"
Kobe,"['Erdbirnenkoben', 'Kober']"
Loch,"['Erdbirnenloch', 'Erdloch', 'Erdäpfelloch', 'Fahrkartenlocher', 'Hinkelsloch', 'Kipfstocklöcher', 'Locher', 'Lochstecher', 'Löcher', 'Rangeslöcher', 'Rübenlöcher', 'Zugloch', 'ablöchern', 'derlöchern', 'durchlöchern', 'eingelocht', 'in ein Loch', 'verkehrtes Loch', 'verkehrtes Löchel', 'verkehrtes Löchlein']"
Mus,"['Erdbirnenmus', 'Muserig', 'Musig', 'Zwetschgenmuserig', 'gemust']"
Nudel,"['Erdbirnennudel', 'Erdbirnnudel', 'Erdäpfelnudel', 'Gedrehtnudel', 'Genüdel', 'Geschnittnudelsuppe', 'Kartoffelnudeln', 'Nudeln', 'Nudelscharre', 'Pumsernudeln', 'Rohrnudeln', 'Röhrleinnudeln', 'Röhrleinsnudeln', 'aufnudeln', 'ausnudeln', 'nudeln']"
puffen,"['Erdbirnenpuffer', 'Erdbirnpuffer', 'Erdäpfelpuffer', 'Erdäpfelspuffer', 'Gepuff', 'Grundbirn-Puffer', 'Grundbirnenpuffer', 'Grundbirnenspuffer', 'Grundbirnpuffer', 'Grundbirnspuffer', 'Hexenpuffer', 'Hollerpuffe', 'Hollerpuffer', 'Kartoffelpuffer', 'Krötenpuffer', 'Patakenpuffer', 'Puffer', 'Schmuspuffer', 'Spritzpuffer', 'Teufelspuffer', 'abpuffen', 'ausgepufft', 'derpuffen', 'verpuffen']"
roden,"['Erdbirnenroder', 'Erdbirnenroderer', 'Erdäpfelroder', 'Erdäpfelroderer', 'Erdäpfelsroder', 'Grundbirnenroder', 'Grundbirnenroderer', 'Kartoffelroder', 'Kartoffelroderer', 'Kartoffelsroder', 'Patakenroder', 'Rode', 'Roderer', 'Rodler', 'Rodung', 'Rohhaue', 'Schleuderroder', 'Waldrodung', 'ausroden', 'gerodet', 'rodern', 'umroden']"
Scheibe,"['Erdbirnenscheiben', 'Erdbirnknödeleinscheiben', 'Kniescheiben', 'Leuchsenscheiben', 'eingeschnittene Scheiblein', 'geröstete Schäufelein', 'scheibeln', 'trockene Scheibelein']"
Schelfe,"['Erdbirnenschelfe', 'Erdbirnschelfe', 'Erdäpfelschelfe', 'Geschelfe', 'Geschelferig', 'Reppelschelfe', 'abschelfen', 'abschelfern', 'ausschelfen', 'ausschelfern', 'schelfen']"
Schelze,"['Erdbirnenschelze', 'Erdäpfelschelze']"
schlenkern,"['Erdbirnenschlenkerer', 'Erdbirnenschlenkerin', 'Erdäpfelschlenkerer', 'Geschlenk', 'Geschlenker', 'Schlenker', 'Schlenkerer', 'Schlunker', 'Schlunkere', 'abschlenkeln', 'abschlenkern', 'ausschlenkern', 'herunterschlenkern', 'schlenken']"
schnitzen,"['Erdbirnenschnitz', 'Erdbirnschnitz', 'Erdäpfelschnitz', 'Erdäpfelsschnitz', 'Geschnitzelte(r?)', 'Geschnitzter', 'Griffelschnitzer', 'Grundbirnenschnitze', 'Holzgeschnitzter', 'Kartoffelklößschnitze', 'Katzenschnitzer', 'Knöpfeschnitze', 'Kässchnitzer', 'Pemperschnitzer', 'Schlappenschnitzer', 'Schleißenschnitzer', 'Schnitzer', 'Spanschnitzer', 'Verschnitzte', 'anschnitzen', 'geschnitzt', 'verschnitzt', 'zusammengeschnitzt', 'zusammenschnitzen']"
Staude,"['Erdbirnenstaude', 'Gewürzstaude']"
stopfen,"['Erdbirnenstopfer', 'Erdäpfelstopfer', 'Flaschenstopfer', 'Gestopfe', 'Gestopfig', 'Grundbirnenstöpfer', 'Grundbirnestopfer', 'Kartoffelstopfer', 'Rübenstopfer', 'Stopfer', 'Stopfig', 'Stopper', 'Stopse', 'Stopser', 'Stöpfer', 'Säustopfig', 'Viehstopfig', 'abstopfen', 'angestöpft', 'ausgestopft', 'ausstopfen', 'durchstopfen', 'einstopfen', 'gestopft', 'verstopft', 'zusammenstopfeln', 'zusammenstopseln', 'zustopfen']"
Strauch,"['Erdbirnenstrauch', 'Gesträuch', 'Gesträucher', 'Sträucher']"
Stengel,"['Erdbirnenstängel', 'abstängeln', 'stängeln']"
wühlen,"['Erdbirnenwühler', 'Wühler', 'abwühlen, sich', 'anwühlig', 'aufwühlen', 'durchwühlen', 'herumwuhlern', 'unterwühlen', 'verwühlen', 'zusammengewühlt']"
Zemmete,"['Erdbirnenzammet', 'Erdbirnzemmete', 'Erdäpfelszemmete', 'Erdäpfelzemmet', 'Erdäpfelzemmete', 'Erdäpfelzämmete', 'Grundbirnenzemmten']"
Schindel,"['Erdbirnschindel', 'Schindeln']"
Schock,"['Erdbirnschock', 'Geschock', 'Milchschocken', 'Milchschöcke', 'Nehmschöcke']"
Strudel,"['Erdbirnstrudel', 'Strudeln', 'strudeln']"
Stumpen,"['Erdbirnstömpen', 'Schwanzstumper', 'Stumper', 'Stumpern', 'Stümper', 'abstumpen', 'abstümpeln', 'anstumpen']"
Boden,"['Erdboden', 'Reutboden', 'Schwarzböder', 'auf dem Boden', 'bödig', 'schlechtbödig', 'seichtbödig', 'säurerbödenig', 'tiefbödenig', 'tiefbödig']"
Floh,"['Erdfloh', 'Flöhe', 'abflohen', 'abflöhen', 'ausflöhen', 'flohen', 'flöhen']"
häl,"['Erdhahl', 'Gehalerzeug', 'Hahle', 'Häler', 'Häling']"
Nuss,"['Erdnuss', 'Haselnussblühte', 'Haselnussstaude', 'Haselnüsser', 'Pfeffernüsse', 'abnussen', 'abnüsseln', 'annussen', 'ausnussen', 'hinaus in die Nüsse gehen', 'nussen', 'nüssen']"
reich,"['Erdreich', 'Reichtum', 'Schnellreicher', 'reichlich']"
Schanze,"['Erdschanze', 'Schneeschanzer', 'schanzen', 'zuschanzen']"
Schaufel,"['Erdschaufel', 'Grabschaufeln', 'Reutstecken', 'Schaufler', 'Zugschaufel', 'ausschaufeln', 'ausschäufeln', 'heraufschaufeln', 'herausschaufeln', 'hinaufschaufeln', 'kleine Schäufellein', 'schaufeln', 'zurückschaufeln', 'zusammenschäufeln']"
Schrolle,"['Erdschrolle', 'Schrolben', 'Schrollenhüpfer', 'schrollen', 'schrollig', 'schröllen', 'schröllnen', 'zerschröllen']"
Specht,"['Erdspecht', 'abspechten', 'gesprenkelter Specht', 'herumspechten', 'spechten']"
Stamm,"['Erdstamm', 'Stamm, langer', 'Stammbauer', 'Stauser', 'Stemmige', 'Stämmbauern', 'Stämmige', 'Stämmiger', 'Stämmling', 'abstämmig', 'stammen', 'stammig', 'stämmig']"
Bumbes,"['Erdäpfelbumbes', 'abbumben', 'bumben', 'verbumben']"
wölben,"['Erdäpfelgewölbe', 'Gewölb', 'Gewölbe', 'Rübengewölbe', 'aufgewölbt', 'auswölben']"
Kotelett,['Erdäpfelkotelett']
Miete,"['Erdäpfelmiete', 'Erdäpfelsmiete', 'eingemietet', 'einmieten']"
Pamper,"['Erdäpfelpamper', 'Gepamper', 'Pämperin']"
Quirl,"['Erdäpfelquirl', 'Quirle', 'Quirler', 'quirlen', 'quirlig', 'zusammenquirlen']"
Reihe,"['Erdäpfelreihe', 'Erdäpfelsreihe', 'Heureihen', 'Kartoffelreihen', 'Rechreihe', 'Reihen', 'anreihen', 'aufreihen', 'gereiht', 'in der Reihe', 'reihen']"
schwimmen,"['Erdäpfelschwimmer', 'Hereingeschwommene', 'Schwimmer', 'schwummerant', 'schwummerig', 'schwummlig', 'schwummrig']"
Semmel,"['Erdäpfelsemmel', 'Kaisersemmeln', 'Semmelstölle']"
Sieb,"['Erdäpfelsieb', 'Gesieb', 'Reit-Sieb', 'durchsieben', 'sieben', 'versieben']"
Silo,"['Erdäpfelsilo', 'eingesilt', 'einsiliert']"
Krätze,['Erdäpfelskrätze']
Riefe,"['Erdäpfelsriefe', 'anriefen', 'rieben', 'riefeln', 'riefen']"
füllen,"['Erfüllung', 'Flaschenfüller', 'Fülle', 'Füller', 'Gefüll', 'Schulfüller', 'Tintenfüller', 'abfüllen', 'auffüllen', 'füllig', 'gefüllt', 'gefülltes Hörnlein', 'umfüllen', 'vollfüllern']"
Urlaub,['Erholungsurlaub']
Erich,['Erich']
er,"['Eriger', 'er', 'ha']"
Marke,"['Erkennungsmarken', 'Hausmarken', 'Körungsmarken', 'Reklamemarke']"
Elritze,['Erlitze']
Ern,"['Ern', 'Hausern']"
Ernestine,['Ernestina']
Kommunion,"['ErstKommunikant', 'Erstkommunikant', 'Kommunikant', 'Kommunizieren', 'kommlizieren', 'kommunizieren']"
Bischof,"['Erzbischof', 'bischöflich']"
Pole,"['Erzpolacke', 'Fress-und-Sauf-Polake', 'Polacke', 'Polacker', 'Polatscher', 'Polatscherer', 'Polen', 'Verreckbalgpolack', 'Wasserpolake', 'aufpolacken', 'polacken', 'polen', 'polenen', 'polzen']"
schwadronieren,"['Erzschwader', 'abschwadrieren', 'aufschwadronieren']"
Eschenbach,['Eschenbacher']
Esel,"['Eselreiten', 'Eselshaar', 'Eselshafer', 'abeseln']"
Knolle,"['Euterknollen', 'knöllen', 'verknülln']"
Evangelium,"['Evangelischer', 'Evangelist']"
ewig,"['Ewigkeit', 'verewigen, sich']"
extra,"['Exterer', 'Exteres', 'Extraiger', 'Extrasinn', 'Extrige', 'Extriger', 'Extriges', 'exterig', 'extrig']"
Fabrik,"['Fabriker', 'Pöpelfabrikanten']"
Fach,"['Fach', 'Riegelfach']"
Fachoze,['Fachozen']
Fack,"['Facke', 'Gratschfacke', 'Säufacken', 'fackeln', 'fäckeln']"
fade,['Fadling']
falsch,['Falscher']
Tipp,"['Falschtipper', 'tippen']"
Farnbach,['Farnbacher']
Farn,['Farnling']
Faselein,['Fasen']
Fasnacht,"['Fasenachter', 'Fasenächter']"
Fase,"['Faser', 'abfasen', 'ausfasen', 'fasen', 'fäsen']"
Kaspar,"['Fasnachtskasper', 'Fußballkasper', 'Gekäsper', 'Hampelkasper', 'Hanskasper', 'Herzkasper', 'Holzkasper', 'Hörnleinskasper', 'Kasper', 'Kasperin', 'Klassenkasper', 'Köpper', 'Narrenkasper', 'Pomadenkasper', 'Rasselkasper', 'Schläppenkasper', 'Schulkasper', 'Suppenkasper', 'Wurstkasper', 'Zappelkasper', 'Ziehkasper', 'auskäspern', 'herumkaspern', 'kaspern', 'käspeln', 'käspern', 'verkaspern', 'verkäspern', 'zukaspern', 'Ölkasper']"
Fass,"['Fassständerling', 'Fasstrichter', 'Fasswein', 'Fasszapfen']"
fatzen,"['Fatzer', 'Fatzke', 'Gefatzer', 'Klassenfatzer', 'Stadtfatzke']"
Faust,"['Fauster', 'Fäuster', 'Fäustling', 'auf eigene Faust']"
Faxe,"['Faxen', 'Sputzenfaxen', 'Zuchthausfaxer', 'fäxen']"
Fechheim,['Fechheimer']
Feder,"['Federig', 'Frau-Holle-Federlein', 'Göckersfedern', 'Hollefedern', 'federig', 'federn', 'fiederig', 'gefiederig', 'gefiedert']"
Lein,"['Federleinen', 'Leimat', 'Lein', 'Leinerne', 'leinern']"
vernichten,['Fehlervernichter']
Geburt,"['Fehlgeburt', 'Missgeburt', 'Nachgeburt']"
Stelle,"['Fehlstelle', 'auf der Stelle']"
Garten,"['Feierabendgärtler', 'Gartenraupe', 'Gärtner', 'Vorgarten', 'gartnern', 'gärtlern', 'gärtnerieren', 'gärtnern']"
Ranch,"['Feierabendsrancher', 'Geißrancher', 'Kleinrancher', 'Mondscheinrancher']"
feige,"['Feiger', 'Feigling']"
Feind,"['Feindschaft', 'anfeinden', 'feindlich', 'feindselig', 'spinnenfeindlich', 'verfeindet', 'zerfeinden']"
fein,"['Feine', 'Feiner', 'fein wirklich', 'feinig']"
naschen,"['Feinnascher', 'Genasch', 'Genäsch', 'Genäschige', 'Genäschiger', 'Nascher', 'Nascherer', 'Näsche', 'Näscher', 'Näscherer', 'Vernaschter', 'Zuckernäscher', 'genaschet', 'genaschig', 'genäschen', 'genäscheret', 'genäschet', 'genäschig', 'naschig', 'näschig', 'vergenäscheln', 'vernaschen', 'vernascht', 'vernäscht']"
Feld,"['Felderin', 'Feldfuhre', 'Feldknacker', 'Feldscher', 'querfeldein']"
Flur,"['Feldflurer', 'Flurer', 'Flurerer', 'abfluren']"
schwören,"['Feldgeschworener', 'Geschworener', 'Schwöre', 'beschwören', 'geschworen', 'verschwören']"
hüten,"['Feldhüter', 'Gehüt', 'Hirschenhüter', 'Hüter', 'Ladenhüter', 'Ochsenhüter', 'Säuhüter', 'Träubleinhüter', 'Vorhut', 'Waldhüter', 'Wasserhüter', 'Weiherhüter', 'abbehüten', 'abbehüten, sich', 'behüt dich', 'behüten']"
scheuchen,"['Feldscheuche', 'Göckelscheuche', 'Krautscheuche', 'Krautscheucher', 'Scheucher', 'Spinnenscheucher', 'Tatterscheuche', 'Vogelscheuche', 'aufgescheucht', 'den Buckel hinaufscheuchen', 'fortscheuchen', 'verscheuchen', 'verscheucht', 'wegscheuchen']"
scheu,"['Feldscheue', 'Krautscheue', 'Scheuer', 'anscheusalen', 'scheuen', 'scheuerig', 'zurückscheuen']"
schnurren,"['Feldschnurre', 'Kaiser-Wilhelm-Schnurre', 'Maisschnurre', 'Schnurre', 'Schnurrer', 'Schnurrios', 'Schnürrer', 'Wasserschnurrer', 'abschnorren', 'auf die Schnurre gehen', 'blinde Schnurrer', 'schnurrig', 'zusammengeschnurrt', 'zusammenschnurren']"
spinnen,"['Feldspinne', 'Haberspinne', 'Heuspinne', 'Hornspinne', 'Kreuzspinne', 'Meerspinne', 'Mähspinne', 'Schneiderspinne', 'Seidenspinne', 'Spinne', 'Spinnenböcke', 'Spinner', 'Spinneter', 'Spinnisierer', 'Spintisierer', 'Vogelspinne', 'Weberspinne', 'anspinnen', 'anspinnen, sich', 'spinstig', 'spintisieren', 'verspinnen', 'zusammenspinnen']"
Felge,"['Felgung', 'felgig', 'felgnig']"
Fels,"['Felsen', 'felsig']"
Fenster,"['Fensterln', 'Fenstern', 'Festersims', 'Vorfenster', 'fensterln', 'fenstern', 'kammerfensterln', 'kammerfenstern']"
Gas,"['Fersenvergaser', 'Schweißtropfenvergaser', 'aufgasen', 'vergasen']"
Fessel,"['Fesseln', 'fesseln']"
Fest,['Fest']
Chaise,"['Festchaise', 'chaisen', 'daherchaisen']"
Meter,"['Festmeter', 'alle paar Meter', 'aufmetern', 'metern']"
lösen,['Fettlöser']
fetzen,"['Fetze', 'Fetzer']"
feucht,"['Feuchte', 'feuchteln']"
Esse,['Feueresse']
Feuer,"['Feuerich', 'Feuermann', 'Feurige', 'anfeuern', 'durchfeuern', 'feuern', 'feurig', 'herabfeuern', 'hinausfeuern', 'hineinfeuern', 'nachfeuern']"
Klitsch,"['Feuerklitsche', 'Hemdklitsche', 'Klitsche', 'Klitscher', 'Kornklitsche', 'Maurersklitsche']"
Fichtelgebirge,['Fichtelgebirgler']
Nadel,"['Fichtennadeln', 'Graßletnadeln', 'Kiefernnadeln', 'Nadeln', 'Streunadeln', 'Tannenadeln', 'abnadeln', 'aufnadeln', 'nadeln']"
Zitze,"['Fichtenzitzen', 'Zitzen', 'zitzen']"
Fichte,"['Fichtig', 'Kirchweihfichten', 'fichten', 'fichtern', 'fichtig']"
ficken,"['Ficker', 'Fickler', 'Katzenficker', 'Katzerficker', 'Ratzenficker', 'Schnakenfickler', 'abfickeln', 'fickerig']"
Fiedel,"['Fiedeln', 'Fiedler', 'Gefiedel', 'abfiedeln', 'durchfiedeln', 'fiedeln', 'herumfiedeln', 'umeinanderfiedeln', 'zurechtfiedeln', 'zusammenfiedeln']"
Filz,"['Filzer', 'Filzhaar', 'Filzhaareter', 'Filziger', 'abfilzen', 'ausfilzen', 'derfilzen', 'eingefilzt', 'filzen', 'filzig', 'gefilzt', 'kniefilzen', 'verfilzen', 'verfilzt', 'zusammengefilzt']"
Finesse,['Finessen']
Finger,"['Fingerdippen', 'abfingern', 'alle Finger lang', 'alle Fingers lang', 'alle drei Finger lang', 'alle fünf Finger lang', 'anfingern', 'herabfingern', 'herausfingern', 'herumfingern', 'herunterfingern', 'zusammenfingern']"
Plätze,"['Fingerplätzen', 'Plätzer', 'Plätzerer', 'abhinplätzen', 'angeplätzt', 'anplätzen', 'daraufplätzen', 'herabplätzen', 'herplätzen', 'herunterplätzen', 'hinplätzen', 'plätzen']"
Tatze,"['Fingertatzen', 'Tatzeln', 'Tatzen', 'Tatzer', 'Tätzer', 'antatzen']"
Firma,['Firmenschilder']
firm,"['Firmung', 'firmen', 'unfirm']"
First,['Firster']
Fischbach,['Fischbacher']
Sott,['Fischsutte']
Fittich,['Fittiche']
Furz,"['Fitzefurze', 'Furze', 'Fürze', 'Fürzemacher', 'Fürzer', 'Fürzerin', 'Judenfurzer', 'Pfurzerin', 'Pfürzerin', 'Staatspfurzer', 'Stadtfurzer', 'alle Furz lang', 'alle Furzlänge', 'alle Fürze', 'alle Fürze lang', 'furzen']"
fitzen,"['Fitzer', 'Geißfitzer', 'Peitschenfitze', 'Putzfitzer', 'abfitzen', 'herunterfitzen', 'verfitzen', 'von der Fitze', 'zusammengefitzt']"
fix,"['Fixer', 'Schlappfixe']"
fertig,"['Fixundfertiger', 'abfertigen', 'bezugsfertig', 'fertig haben', 'fertig werden']"
hurtig,"['Fixundhurtiger', 'Hurtiger', 'hurtig machen', 'hurtlich', 'hurtlig machen']"
Tirol,"['Flachlandtiroler', 'Galgenbuckstiroler', 'Gänsebergtiroler', 'Haidbergtiroler', 'Heidenbergtiroler', 'Hesselbergtiroler', 'Kapellbucktiroler', 'Kirchbergtiroler', 'Kniehosentiroler', 'Raiffeisentiroler', 'Rangautiroler', 'Rangentiroler', 'Rucksacktiroler', 'Salontiroler', 'Schmausenbuck-Tiroler', 'Schmausenbucktiroler', 'Schoberthsbergtiroler', 'Seegrastiroler', 'Staffelbergtiroler', 'Säusteigetiroler', 'Tieflandtiroler', 'Tiroler', 'Tracholer', 'Turmbergtiroler', 'Weingartsteigtiroler']"
Flachs,"['Flachsreisten', 'flachsen', 'verflachsen']"
flandern,"['Fladerer', 'Flander', 'Flandere', 'Fläderer', 'Fländere', 'gefländern']"
flanieren,['Flanierer']
Flank,"['Flanke', 'Flanken', 'Flankine', 'Rotzflanken', 'abflanken', 'abgeflanket', 'abgeflankt', 'abherflankern', 'ausflanken', 'eingeflankt', 'flankeln', 'herumflanken', 'hinanflanken', 'hinflankern', 'umeinanderflankeln']"
Papp,"['Flaschenaufpapper', 'Mückenpapper', 'Papfer', 'Papperer', 'Pappig', 'Päppe', 'Päpper', 'Traumpappete', 'Zuckerpäpper', 'anpappen, sich', 'anpäppeln', 'aufgepäppelt', 'aufpappen', 'aufpäppeln', 'aufpäppen', 'daraufpappeln', 'dranpappen', 'draufpappen', 'draufpäppen', 'hinanpappen', 'hinanpäppen', 'hinaufpappen', 'hochpäppeln', 'pappeln', 'pappen', 'pappig', 'papprig', 'päpperig', 'päppsen', 'verpappt', 'widerpappen', 'zusammengepappt', 'zusammenpäppeln']"
Kork,"['Flaschenkorken', 'Korken', 'Kronenkorken', 'Kronkorken', 'verkorkelt', 'verkorksen', 'verkorksen, sich', 'verkorkst']"
nutschen,"['Flaschennutscher', 'Fleckelnutscher', 'Hudelnutscher', 'Natsche', 'Notscher', 'Nulscher', 'Nultscher', 'Nutscher', 'Tuchnutscher', 'abnutschen', 'abnütschen']"
Pfropf,"['Flaschenpfropfen', 'Krötenpfropfer', 'Pfopfer', 'Pfopferhafen', 'Pfropfen', 'Pfropfer', 'Propf', 'Propfen', 'aufpfropfen', 'gepfropft', 'hineinpfropfen', 'pfropfen', 'propfen', 'umpfropfen', 'vollpfropfen']"
Flasche,['Flaschenöffner']
flattern,"['Flattere', 'Flatterer', 'Flättere', 'verflattern', 'wegflattern']"
Flaum,"['Flaumfedern', 'Flaumhaar']"
flausen,"['Flause', 'abflausen']"
Fleisch,"['Fleischkalter', 'eingefleischt']"
krabbeln,"['Fleischkrabbler', 'Krabbeler', 'Krabbler', 'abkrabbeln', 'aufkrabbeln', 'krabbelig', 'vorkrabbeln', 'zusammenkrabbeln']"
Kugel,"['Fleischkugeln', 'Kogel', 'Kugelschaber', 'Mangkugeln', 'herabkugeln', 'herauskugeln', 'herumkugeln', 'herümkugeln', 'hinumkugeln', 'hinunterkugeln', 'kugelig', 'kugeln', 'rote Kügelein', 'schneekugeln', 'umeinanderkugeln', 'umeinanderkügeln', 'umhererkugeln', 'umherkugeln', 'ümherkugeln']"
frais,"['Fleischling', 'Fraislich', 'Gefrais', 'fraislich', 'gefraislich']"
schmeiß,"['Fleischschmeiße', 'Schmeiße', 'Schmeißer', 'Schweißer']"
wund,"['Fleischwunde', 'Glatzwunde', 'Klaffwunde', 'Platzwunde', 'Wunde']"
Fleiß,"['Fleißige', 'Fleißiger', 'Zufleiß', 'fleißig']"
pfletschen,"['Fletsche', 'Fletscher', 'Flotsche', 'Flötsche', 'Flötscher', 'Flötschgosche', 'Geflentsch', 'Gefletsch', 'Geflutsch', 'Geflötsch', 'Gelötsch', 'Gepflentsch', 'Gepfletsch', 'Gepfletsche', 'Gepflunsch', 'Gepflutsch', 'Gepflötsch', 'Lötscher', 'Lötschfeige', 'Pflentsche', 'Pfletsche', 'Pfletscher', 'Pflotsche', 'Pfluntsche', 'Pflunze', 'Pflutsche', 'Pflötsche', 'Pletsche', 'Plietsche']"
klatsch,"['Fliegenklatsche', 'Klätsche', 'Verklatscher', 'Verklatscherin']"
platsch,"['Fliegenplatsche', 'Mistplatsche', 'Mückenplatsche', 'Platsche', 'Säckeplatsche', 'Wäscheplatsche', 'Wäscheplatscher', 'Wäscheplätscher', 'ausgeplatscht']"
flink,"['Flinker', 'Flinkser', 'Flixer']"
Flint,['Flinte']
Flitsch,"['Flitsche', 'Flitze', 'Flitzer']"
flott,"['Flotte', 'Flotten', 'Flotter', 'flotter']"
Floß,"['Floße', 'angeflößt']"
fluchen,"['Flucher', 'Gefluch', 'entzweifluchen', 'herunterfluchen', 'losfluchen', 'verflucht']"
Flucht,"['Fluchter', 'Flüchtiger', 'Flüchtling', 'Nestflüchter', 'flüchten', 'flüchtig']"
flunkern,['Flunkerer']
Flunsch,"['Flunsche', 'Flutsche', 'Flünsche', 'Pflünsche']"
Kandel,['Flusskarre']
flutschen,"['Flutscher', 'abflutschen']"
flach,"['Fläche', 'Handtuchfläche', 'Kahlfläche', 'Ladenfläche', 'Lauffläche', 'Oberflächlicher', 'Rasenfläche', 'Schlittschuhlauffläche', 'Sitzfläche', 'Tanzfläche', 'oberflächlich']"
fläuen,"['Fläudern', 'Wäschefläudern', 'Wäschfläue', 'abflauen', 'abfläuen', 'ausfläuen', 'durchflauen', 'durchfläuen', 'fläudern', 'nachfläuen', 'verfläuen']"
fließen,"['Flößer', 'ausgeflößt', 'überflüssig']"
focken,"['Focker', 'Fockerer', 'Mädleinsfockerer']"
Föhre,"['Fohrenzapfen', 'Föhrener', 'Föhring', 'Föhrling', 'fohren', 'föhren', 'föhrig']"
Alfons,['Fonser']
foppen,"['Fopper', 'Taubenfopper', 'ausfoppen', 'foppern', 'föppern', 'verföppeln']"
Forchheim,['Forchheimer']
Foul,['Fouler']
Frack,['Fracktasche']
fragen,"['Frage', 'Gefräg', 'ausfragen', 'ausfragen, sich', 'fraglich', 'weggefragt']"
Frankenwald,"['Frankenwälder', 'Frankenwäldler']"
Frankfurt,['Frankfurter']
Franzose,"['Frankreich', 'Franzeuse', 'Franzosen', 'Franzoser']"
Franziskaner,['Franziskanerschlappen']
frei,"['Freie', 'Freien', 'Freier', 'Freitung', 'Freiung', 'Obergefreiter', 'einwandfrei', 'freien', 'freistehen', 'freiweg', 'im Freien']"
fremd,"['Fremde', 'Fremden', 'Fremder', 'Fremdler', 'Fremdling']"
Ranzen,"['Fressranze', 'Gesottranzen', 'Ranze', 'Säuranze', 'Wansen']"
fretten,"['Frette', 'Fretter', 'Frettler', 'Gefrett', 'abfretten', 'abfretten, sich', 'abfrettsen', 'abgefretten', 'derfretten', 'durchfretten', 'durchfretten, sich', 'durchgefretten', 'durchgefretten, sich', 'gefretten', 'hinfretten']"
Freudenberg,['Freundenbergsche']
Elfriede,['Frieda']
Friederike,['Friederika']
jodeln,"['Friedhofsjodler', 'Hosenjodler', 'Jodler', 'Oschenbergjodler', 'aufjodeln']"
Briesel,['Friesling']
frisch,"['Frischling', 'Sommerfrische', 'Winterfrische', 'frischeln']"
operieren,['Frischoperierter']
Frisur,"['Frisöse', 'auffrisieren', 'frisieren', 'zurecht frisieren']"
Fron,"['Froner', 'Fröner', 'Waldfroner', 'abfronen', 'fronen']"
Auge,"['Froschaugen', 'Glotzaugen', 'Glupschaugen', 'Hohlaugeter', 'Katzenaugen', 'Kuhaugen', 'Kulleraugen', 'Schlafzimmeraugen', 'Stielaugen', 'Vieraugeter', 'alle Augblick', 'fußäugeln', 'liebäugeln']"
Rogen,"['Froschgeröge', 'Rogener', 'Roger', 'Rogler', 'Rogner', 'Rögiger', 'Rögler', 'Rögner']"
Frosch,"['Froschgeschwämme', 'Froschhände', 'Froschweiher', 'Fröschegieker', 'Fröscher', 'Grafschaftsfrosch']"
gieken,"['Froschgieker', 'Froschgiekser', 'Fröschgieker', 'Fröschgiekser', 'Gieker', 'Giekser', 'Gänsgieker', 'Krottengiekser', 'Krötengieker', 'Käsgiekser', 'Mädleinsgieker', 'Mäusegieker', 'Mäusegiekser', 'Rattengieker', 'Ratzengieker', 'Schnakengieker', 'Schnakengiekser', 'Schnappgieker', 'Schwabengieker', 'Schwabengiekser', 'Spinnengieker', 'Wassergieker', 'herumgegiekelt', 'herumgiekern', 'herumgieksen']"
knicken,"['Froschknicker', 'Käsknicker']"
quack,"['Froschquackerer', 'Furzquackster', 'Hitschenquackerer', 'Nestquacker', 'Nestquackerer', 'Quacker', 'Quackere', 'Quackerer', 'Quackerig', 'Quackern', 'Quackig', 'Quatterer', 'Quäcker', 'Quätter', 'quackern', 'quaqua', 'quattern']"
Schwegel,['Froschschwegeln']
zittern,"['Froschzitter', 'Zitterer', 'zittrig']"
frotzeln,"['Frotze', 'anfrotzeln']"
Franke,"['Fränkische', 'Mainfranken', 'Oberfranken', 'Untergefränkische']"
Franz,['Fränzer']
Pike,"['Fröschpiker', 'Hirnpiker']"
Frucht,"['Früchte', 'Früchtler', 'Nachfrucht', 'Schluttenfruchtsuppe', 'Zwischenfrucht', 'fruchtbar']"
Schwanz,"['Fuchsschwänzer', 'Gehst-hinterig-Schwanzer', 'Hemdschwänzer', 'Jährlingsschwänzer', 'Katzenschwänze', 'Knieschwuzen', 'Schwanzer', 'Schwanzkuppen', 'Schwunze', 'Schwuze', 'Schwänzer', 'Zeitschwänzer', 'abschwänzen', 'aufgeschwänzt', 'aufschwanzen', 'aufschwänzen', 'drumherumschwänzeln', 'gezwickter Schwanz', 'herumschwänzeln', 'hinaufschwänzen', 'hinterher schwanzen', 'nachschwänzen', 'schwanzeln', 'schwanzen', 'schwuzen', 'schwänzeln']"
Fulda,['Fulder']
Funke,"['Funken', 'funken', 'fünkeln']"
pfitzern,"['Furchenpfitzer', 'Gepfitzer']"
Furcht,"['Furchthase', 'Fürchten', 'furchtbar', 'furchterbar', 'furchtig', 'furchtsam', 'furchtsig', 'fürchelich', 'fürcherlich', 'fürchetig', 'fürchig', 'fürchten', 'fürchterig', 'fürchterlich', 'fürchtig', 'gefürchtig', 'zum Fürchen', 'zum Fürchten']"
Faser,"['Fusen', 'auffasen', 'fasern', 'fusen']"
Angel,['Fußangeln']
schneiten,"['Fußschneite', 'Geschneitetes', 'Schneite', 'eingeschneiten', 'geschneiten', 'zurückschneiten', 'zuschneiten']"
stapfen,"['Fußstapfer', 'Hundsstapfer', 'Kellerstapfe', 'Schneestapfer', 'Stapfer']"
Falge,"['Fälgen', 'fälgen']"
fühlen,"['Fühler', 'Fühlung', 'Gefühl', 'Tuchfühlung', 'abfühlen', 'feinfühlig']"
vor,"['Fürende', 'Fürrain', 'Fürsprung', 'Vore', 'Voreggung', 'fürackern', 'fürfallen', 'fürige Woche', 'fürkaufen', 'vor', 'vor (sein)', 'vorabeiten, sich', 'vordem', 'vorig']"
für,"['Fürweihnachtszeit', 'fürstecken', 'fürwärts']"
Leiste,"['Gabelleist', 'Setzleistenring']"
gach,['Gacherer']
gacken,"['Gacker', 'Gackere', 'Gackerer', 'Gackern', 'Gackse', 'Gegacker', 'Gäckerer', 'Schuttgackerer', 'Schuttgockerer', 'angacksen', 'ausgacken', 'ausgackern', 'dergackert', 'dergackt', 'eingackern', 'gackern', 'gäckern', 'gäcksen', 'herumgackern', 'herumgacksen', 'hinausgackern', 'vergackern']"
gacksen,['Gackser']
gallen,"['Galliere', 'aufgallieren', 'gallesieren', 'gallieren', 'gallisieren']"
Galle,"['Galling', 'Gallung', 'Nassgallig', 'Nassgalling', 'Nassgallung', 'Nassgälling', 'Nassgällung', 'gallig', 'nassgallig']"
Galopp,"['Galoppierende', 'angaloppieren', 'vergaloppieren']"
Ganef,"['Ganefer', 'derganefen', 'ganefen', 'ganfen']"
gankeln,"['Ganker', 'Gankerer', 'Gankler', 'gankern', 'herumgankern', 'hin- und hergankeln']"
Gans,"['Ganser', 'Ganserer', 'Gansgraben', 'Ganter', 'Gänsefüßler', 'Gänsekrägen', 'Gänser', 'Gänserich', 'Gänsesee', 'Gänsewasen-Quaser', 'Gänsracker', 'Meckergänse', 'Nachbrutgans', 'Nachgans', 'Prachtganser', 'Wasserganserer', 'ein Gänsel', 'gansdreckiggrün', 'gänsig', 'herumgansern', 'kleine Gänsel']"
Gant,['Gantrer']
ganz,"['Ganze', 'ganz ein', 'ganz so', 'ganze', 'ganzer Teufel', 'im Ganzen', 'im Großen und Ganzen']"
Garbe,"['Garberig', 'aufgarben', 'garben']"
nicht,"['Garnichter', 'Vergissmeinnicht', 'nichte', 'nichts wie']"
garstig,"['Garstigkeit', 'garsten']"
Tor_2,"['Garteltor', 'Hoftor', 'Pferchtor', 'Scheuertor', 'Scheunentor', 'Stadelstor', 'Stadtstor', 'Tor']"
Zwerg,"['Gartenzwergin', 'Vorgartenzwerg', 'Zwergeter', 'Zwergin', 'Zwetschger']"
lachen,"['Gassenlacher', 'Gelach', 'Gelächter', 'anlachen', 'anlachen, sich', 'lächerlich']"
gatschen,"['Gatsche', 'Gatscher']"
Gattern,['Gatterich']
Gatter,"['Gatterwagen', 'Schoßgarde', 'dergattern', 'egg-gattern']"
gatzen,"['Gatzer', 'Gatzere', 'Gegatz', 'Gätze', 'Gätzere', 'Heckengatzer', 'Heckengätzer', 'Staudengatzer', 'Töpfleinsgatzer', 'Vergatscher', 'angatzen', 'aufgatzen', 'ausgatzen', 'begatzen', 'gatzern', 'nachgatzen', 'vergatzen', 'zusammengatzen']"
gauken,['Gauge']
gaukeln,"['Gauker', 'Gaukler', 'Langgaukleter', 'gaukelig', 'gauker', 'gaukig', 'umgaukeln', 'vergaukeln']"
Gaul,"['Gaulbreme', 'Getschegaul', 'Hoppe-Gäulein', 'Postgaul', 'Reitergaul', 'Reitergäulein machen', 'Reitergäuleins machen', 'Reitergäulleins', 'hoppa-hoppa-Gäulein', 'vergaulen', 'vergault']"
gautschen,"['Gautscher', 'gautschern']"
gauzen,"['Gauze', 'Gauzer', 'angauzen', 'angäuzen', 'gaunsen']"
Atzel,"['Geatzel', 'veratzeln']"
Balg,"['Gebalg', 'Inzuchtsbalg', 'Verreckbalg', 'abbalgen', 'balgen', 'balgern', 'bälgen', 'herumbalgen', 'herumbalgern']"
bamsen,['Gebams']
Bast,"['Gebaste', 'basteln', 'bastig']"
baugetzen,"['Gebaunz', 'baugsen', 'baungsen', 'bäungsen']"
blansen,"['Geblänster', 'abblansern', 'blansern', 'blanstern', 'blanzern', 'blänsern', 'blänstern']"
blöken,"['Geblök', 'anblöken', 'zublöken']"
Blut,"['Geblüt', 'Weißbluten', 'bluten', 'blutig', 'blutleer', 'heißblütig', 'vollblütig']"
borgen,"['Geborgter', 'anborgen', 'geborgt', 'zusammenborgen']"
Bund,"['Gebund', 'bündeln', 'einbündeln, sich', 'zusammengebündelt']"
bähen,"['Gebäh', 'aufbähen', 'gebäht']"
Geck,"['Gecke', 'gecken', 'geckrig', 'gecksen']"
Gedanken,"['Gedanken, wie', 'ungedanks']"
zusammen,"['Gedanken, zusammenkriegen', 'Reiß-mich-zusammen', 'Reiß-zusammen', 'Zusammengelesen', 'Zusammengerechere', 'Zusammengezogenes', 'Zusammenheue', 'Zusammenkunft', 'Zusammenrechere', 'Zusammenschaber', 'Zusammenähren', 'zammschächtern', 'zusammen haben', 'zusammen machen', 'zusammenacheln', 'zusammenfingern, sich', 'zusammengebutzt', 'zusammengekrümpft', 'zusammengeschleifen', 'zusammengestreift', 'zusammengezogen', 'zusammenjuchzen', 'zusammenknüllen', 'zusammenreissen', 'zusammenrüfflen', 'zusammensammeln', 'zusammenschneckeln, sich', 'zusammenschnärpfen', 'zusammenschärren', 'zusammenschübeln', 'zusammenträumen, sich', 'zusammenzählen', 'zusammenähren', 'zusammmenheißen']"
dichten,"['Gedicht', 'andichten']"
gedeihen,['Gediegene']
spucken,"['Geduld und Spucke', 'Spucke', 'Spucker', 'ausspucken']"
Dose,['Gedös']
Eiß,"['Geeiß', 'Geeiße']"
fispern,"['Gefisper', 'zufispern']"
flennen,"['Geflenn', 'Geflennsche', 'abflennen', 'anflennen', 'ausflennen', 'nachflennen']"
flicken,"['Geflick', 'Hatschenflicker', 'Hereingeflickte', 'Hereingeflickter', 'Lappenflicker', 'Pfannenflicker', 'Schlappenflicker', 'durchflicken', 'durchflicken, sich', 'einflicken', 'geflickt', 'hinflicken', 'verflickt', 'zusammengeflickt']"
flechten,"['Geflochtenes', 'Haarflechter', 'durchflechten', 'geflochten']"
Flöte,"['Geflöt', 'abflöten', 'flöten']"
Flügel,['Geflügel']
Protsche,"['Gefrotsche', 'Pfrotscher', 'Protze', 'protzen']"
frutzen,['Gefrutz']
Fusel,['Gefusel']
Gefahr,"['Gefährliche', 'Gefährlicher', 'gefährlich']"
gefallen,['Gefälligkeit']
fänzig,"['Gefänzige', 'Gefänziger', 'gefänzig']"
Geifer,"['Gegeifer', 'Geifere', 'Geiferin', 'abgeifern', 'angeifern', 'nachgeifern']"
gilfen,"['Gegilf', 'Gegilfe', 'Gegilfer', 'Gekilfe', 'Gelferer', 'Gilfe', 'Gilfer', 'Gilferer', 'gelfen', 'gelfern', 'gilfern', 'losgilfern']"
gillen,['Gegiller']
kerren,"['Gegirre', 'Gekerr', 'Gekirr', 'Kerrer', 'kerrsauer']"
gratschen,"['Gegratsch', 'Gegrätsch', 'Gerätsche', 'Gratscheit', 'Gritsche', 'Gritscher', 'Grutscher', 'Grätscheit', 'Grätscher', 'begratschen', 'dergratschen', 'dergrätscht', 'ergrätschen', 'gegrätscht', 'gratschig', 'vergratschen', 'vergratscht', 'vergrätschen', 'zergratscht']"
greinen,"['Gegrein', 'abgreinen', 'abgreinen, sich', 'angreinen', 'ausgreinen', 'ausgreinen, sich', 'hingreinen', 'nachgreinen']"
grellen,['Gegrell']
grinsen,"['Gegrinse', 'Obergrinser']"
Grubs,"['Gegrubs', 'Gegrubse', 'Gegrübs', 'Grubse', 'Grubsen', 'Grubser', 'Grübser', 'grübsig']"
grunzen,"['Gegrunz', 'Grünzler']"
kruschen,"['Gegrusch', 'Gerust', 'Kruschtler', 'herabgruschen']"
grölzen,"['Gegrölz', 'Grölzer', 'aufgrölzen']"
grötzen,['Gegrötz']
gurren,"['Gegurr', 'Taubengurrer', 'Tubengurrer']"
göcken,"['Gegöck', 'Göcke', 'Köcke', 'Köcker', 'abgöcken', 'göchsen', 'göcksen']"
hinter,"['Geh-hinterig', 'Gehst-du-hinter', 'Gehst-du-hinterig', 'Gehst-hinter', 'Gehst-hinterer', 'Gehst-hinterig', 'Gehst-hintrig', 'Gehst-mich-hinhinter', 'Gehst-mich-hinter', 'Gehst-mir-hinhinter', 'HInterwagen', 'Hinterachsstock', 'Hinterer', 'Hintereschere', 'Hinterfuß', 'Hinterhältiger', 'Hinterkipfe', 'Hinterwaage', 'hinhinterstreichen', 'hinter [gehen]', 'hinteres', 'hinterhin', 'hinterhältig', 'hinterigfahren', 'hinterisch', 'hinterkünftig', 'hintern', 'hinternig', 'hinterst', 'hintersthin', 'hinterwärtlich', 'hinterwärts', 'hinterwärtslich', 'zuendest-nacheinander-hinhinter']"
Halm,"['Gehalm', 'Getreidehalme', 'Halme', 'Halmen', 'Halmer', 'Hälbing', 'Hälmen', 'Lesehalme', 'Schachtelhalme', 'Strohhalme', 'gehälmen', 'halmen', 'herumhalmen', 'hälmen', 'häufeln']"
Wand,"['Gehalterrückwand', 'dunkelwandig', 'vier Wände']"
Hecke,"['Geheck', 'Hecken', 'Holzhecken']"
hegen,['Geheg']
heichen,"['Geheich', 'Heicher', 'geheichen']"
heißen,"['Geheiße', 'abheißen', 'angeheißen', 'aufheißen', 'ausheißen', 'geheißen', 'herunterheißen', 'hintereinanderheißen', 'verheißen', 'zusammenheißen']"
henken,"['Gehenkter', 'Gänsehenker', 'derhenken', 'einhenken']"
heulen,"['Geheul', 'Geheule', 'Geuler', 'Geulerin', 'Heuler', 'abheulen', 'aufheulen', 'ausheulen', 'geulen', 'mitheulen', 'verheult']"
Hirn,['Gehirn']
Rock,"['Gehrock', 'Gevatterrock', 'Schneeflöcklein-Weißröcklein', 'Unterrock']"
du,['Gehst-du']
mich,"['Gehst-du-hinter-mich', 'Gehst-hinter-mich', 'Magst-du-mich-Tüchlein', 'Magst-mich-Tüchelein', 'Magst-mich-Tüchlein', 'Verstehst-du-mich', 'Verstehstdumich']"
weg,"['Gehst-du-weg', 'Gehst-weg', 'Gehstduweg', 'Hinter-gehst-weg', 'Strohwegräumer', 'Wegbinden', 'einweg', 'garstig weggehen', 'strümpfet weggehen', 'stur weggehen', 'vorderweg', 'weg', 'wegblasen', 'wegfleigen', 'wegloder', 'wegwärts', 'wegwärtsich']"
hinhinter,['Gehst-hinhinter']
mir,"['Gehst-hinter-mir', 'komm-schon-gib-mir-schon', 'mit']"
hinum,"['Gehst-hinum', 'Hintersichhinum']"
hinten,"['Gehst-mich-hintig', 'Hintern', 'hint', 'hint hinein', 'hint und vorne', 'hintdrauß hängen', 'hintdurch hauen', 'hinten dran', 'hinten und vorne', 'hinter', 'hintherum', 'nach hinten']"
Steig,"['Gehsteig', 'Hasensteige', 'Jägersteige', 'Rehsteige', 'Steige', 'Steigweg']"
mehr,"['Geht-nichts-mehr', 'mehr sein', 'mehr werden', 'mehrer', 'mehrere', 'mehrig', 'nimmer', 'vermehren, sich']"
humpfen,"['Gehumpfe', 'gehumpfet', 'zusammengehumpfet']"
husten,"['Gehust', 'anhusten', 'hinhusten']"
hätschen,"['Gehätsche', 'derhätschen, sich']"
Geier,"['Geierkralle', 'dergeiern', 'herumgeiern']"
Kralle,"['Geierskralle', 'abkrallen', 'abkrällen, sich', 'ankrallen', 'bekrallen', 'derkrallen', 'herumkrallen', 'krallen', 'krällen']"
geil,"['Geile', 'Geiler', 'ausgeilen', 'geilern', 'geilig']"
Geilsheim,['Geilsheimer']
voll,"['Geiselvoll', 'Ranzen vollhaben', 'Volleule', 'abarmvollen', 'anarmvollen', 'armvollen', 'aufarmvollen', 'aufmundvollen', 'gedrücktvoll', 'gehauftsvoll', 'handvollen', 'herumhandvollen', 'proppenvoll', 'umarmvollen', 'umärmvollen', 'voll werden', 'volle', 'voller', 'voller werden', 'vollessen', 'vollraunzen', 'vollscheißen', 'vollwamsen', 'völlig', 'zusammenarmvollen', 'Ärmvollen', 'ärmvollen']"
stören,"['Geistesgestörter', 'Gestörter', 'Ruhestörer', 'Störer', 'zerstören']"
Geiz,"['Geizer', 'Geizhausen', 'Geizzacken', 'abgeizen', 'ausgeizen', 'ehrgeizig', 'entgeizen', 'geizeln', 'geizen', 'geizig']"
Geiß,"['Geiße', 'Geißen', 'Geß', 'die jungen Geißlein', 'geißeln', 'geißen', 'junge Geißchen', 'junge Geißlein']"
schnalzen,"['Geißelschnalze', 'Hirnschnalzer', 'Ohrenschnalzer', 'Ohrenschnälzer', 'Schnalze', 'Schnalzer', 'Schneeschnalze', 'Schnelzer', 'Schnälze', 'Schnälzer', 'Steinschnelze', 'Steinschnelzer', 'Wasserschnalze', 'Wasserschnalzer', 'Wasserschnälze', 'abschnälzen', 'anschnalzen', 'aufschnalzen', 'aufschnälzen', 'herunterschnälzen', 'hinschnälzen']"
zetern,"['Geißgezeter', 'Gezeten', 'Gezeter', 'Zeter', 'zetieren']"
Glocke,"['Geißglocken', 'Glocken', 'Glockenputzer', 'Pfundsglocken', 'glockenputzen']"
Locke,"['Geißlocken', 'Haarlocken', 'Keuschheitslocken', 'auflocken', 'gelockt', 'herlocken', 'lockeln', 'locken']"
moppen,"['Geißmöpper', 'angemoppt', 'anmoppen']"
streiten,"['Geißstreit', 'Gestreite', 'Streitsüchtiger', 'Weiberstreit', 'anstreiten', 'streitig', 'streitsüchtig']"
Trolle,"['Geißtrollen', 'Trollen', 'Troller']"
jammern,"['Gejammer', 'Jammer', 'Jammerer', 'Katzengejammer', 'Katzenjammer', 'abjammern', 'anjammern', 'gottsjämmerlich', 'jammen', 'jammertieren', 'jämmerlich', 'vorjammern']"
japsen,['Gejapse']
jaunen,"['Gejau', 'Gejaun', 'Gejauze', 'jauern']"
jaulen,['Gejaul']
jucken,"['Gejuck', 'abjuckeln', 'abjucken', 'durchjuckeln', 'durchjucken']"
jäten,['Gejätig']
kachzen,"['Gekachz', 'Gekachze']"
Kalfaktor,"['Gekalfakter', 'Kalfaktorin', 'kalfaktern', 'verkalfaktern']"
keifen,"['Gekeif', 'Keife', 'ankeifen']"
kichern,"['Gekicher', 'Kicherer']"
klagen,"['Geklag', 'Klager', 'Totenklage', 'Wehklage', 'anklagen', 'beklagen', 'beklagen, sich', 'verklagen', 'vorklagen']"
kleckern,['Geklecker']
klimpern,"['Geklimper', 'Klimpere', 'Klimperer', 'verklimpern']"
klirren,"['Geklirr', 'klirrern']"
kluppen,"['Gekluppter', 'Kluppe', 'Klupper', 'Kluppser', 'Nasenklupper', 'Wäscheklupper', 'abkluppen', 'abkluppern', 'auskluppen', 'gekluppt', 'kluppieren', 'verkluppen', 'verkluppt']"
knarzen,"['Geknarz', 'Knarze', 'Knarzer', 'abknarzen']"
knaunzen,"['Geknauntsch', 'Geknaunz', 'Knaunze', 'Knaunzer', 'Knauze', 'abknaunzen', 'abknauzen']"
knotschen,"['Geknautsch', 'Geknitsch', 'Knautsche', 'Knautscher', 'Knautscherer', 'Knitscher', 'Knotscher', 'Knötscher', 'Knütscher', 'Nestknitscher', 'abknitschen', 'abknotschen', 'abknutschen', 'abknötschen', 'ausgeknitscht', 'ausknitschen', 'ausknötschen', 'durchknatschen', 'durchknitschen', 'durchknötschen', 'geknietscht', 'geknötschen', 'herabknitschen', 'herausknitschen', 'herumknautschen', 'hinüberknötschen', 'verknitscht', 'verknötscht', 'zerknötschen', 'zusammengeknietscht', 'zusammengeknötscht', 'zusammenknatschen', 'zusammenknitschen', 'zusammenknotschen', 'zusammenknötschen']"
kneifen,"['Gekneif', 'Kneifer']"
knottern,"['Geknotter', 'Genotter', 'Knotterdippen', 'Knotterdüppe', 'Knotterdüppen', 'Knotterer', 'Knotterkäthe', 'losknottern']"
knurren,"['Geknurr', 'hinknurren', 'verknurren']"
quenken,"['Geknäng', 'Knängerer', 'Quenkser', 'knängern', 'quenkern', 'quenksgern', 'quenkstern']"
Knatsch,['Geknätsche']
knören,"['Geknör', 'abknöreln', 'abknören', 'abknörgeln', 'aufknören', 'durchgeknört', 'durchknören', 'umherknören', 'wegknören', 'zusammenknören']"
Knorpel,"['Geknürpf', 'verknörpelt']"
kotzen,"['Gekotz', 'Gekutz', 'Großkotzeter', 'Großkotzige', 'Kotze', 'Kotzer', 'Kotzers', 'Kutze', 'Kutzer', 'abkutzen', 'ankotzen', 'ankotzen, sich', 'ankutzen', 'auskotzen, sich', 'gekotzt', 'kotzen, wie', 'kotzerig', 'kotzet', 'kotzig', 'verkotzen', 'verkotzt']"
krakel,"['Gekrakel', 'Gekraks', 'Gekraksel', 'Hennenkrakseln', 'Krake', 'Krakser', 'Kräkler', 'aufgekralt', 'hinankrakseln', 'krakelig', 'krakeln', 'kraksel']"
kreischen,"['Gekreisch', 'Krischlene', 'Marktkreischer', 'abkreischen', 'ankreischen', 'aufkreischen', 'auskreischen', 'kreischne', 'loskreischen']"
kreißen,"['Gekreiß', 'Kreißtenjunge', 'Mainkrischer', 'kreißtern']"
Krempel,"['Gekrempel', 'Krempelage', 'Kremperer']"
Kritik,"['Gekritisier', 'Krikler', 'Kristikaster', 'Kritikaster', 'Kritikasterin', 'Kritisierer', 'Krittler', 'kritisieren', 'krittelich']"
krächsen,"['Gekräche', 'Gekrächs', 'Krächse']"
krächzen,"['Gekrächz', 'Gekrächzt', 'Krächzer', 'zusammenkrächzen']"
krähen,"['Gekräh', 'Hohlkrähe', 'Holzkrähe', 'Krähe', 'Krähenfürze', 'Krähenäste', 'Nebelkrähe', 'Streitkrähe', 'abkrähen, sich']"
Kropf,"['Gekröpf', 'Kröpfe', 'Kröpfer', 'Kröpferin', 'Kröpfeter', 'einkröpfen', 'gekropft', 'hinankröpfen', 'kröpfen', 'zusammenkröpfen']"
Gekröse,"['Gekrös', 'Kalbsgekrös']"
kulchen,"['Gekulch', 'Gekülch', 'Kulche', 'Kulcher', 'Külcher', 'ankülfern', 'kulchern']"
kuppeln,"['Gekuppelter', 'Heiratskuppler', 'Kniescheibenkupplung', 'Kuppelierer', 'Kuppler', 'Oberkuppler', 'Verkuppler', 'Verkupplerin', 'Verkupplung', 'Zusammengekuppelte', 'gekuppelt', 'verkuppeln', 'verkuppelt', 'zukuppeln', 'zusammengekuppelt', 'zusammenkuppeln', 'zusammenkuppeln, sich']"
kauen,"['Gekäu', 'Käuer', 'Spinnenkauer', 'Spinnenkäuer', 'abkauen', 'kausen', 'urkäuen']"
labern,"['Gelaber', 'Laberant', 'Laberer', 'auslabern']"
lamentieren,['Gelamentier']
gelb,"['Gelbe', 'Gelber', 'Gelber Schwammer', 'Gelberling', 'gelber Pfifferling', 'gelbes Zipperlein']"
gut,"['Geld und gute Worte', 'Gute', 'Guter', 'Gütler', 'Herzguter', 'Ungut', 'des Guten zu viel', 'eingütig', 'gut gemessen', 'gut können', 'gute Henne', 'guten Morgen', 'gutes Milchkühlein', 'gutschmekig', 'halbgütig', 'im Gute', 'sich Gutes tun', 'sich gütlich tun', 'ungut', 'wieder gut machen', 'zweigütig']"
lechen,"['Gelechz', 'derlechen', 'derlechent', 'derlechet', 'derlecht', 'derlechzet', 'verlechert']"
lecken,"['Geleck', 'Hirschlecke', 'Kuhlecke', 'Leckbatzer', 'Lecker', 'Mädleinslecker', 'Rahmlecker', 'Schneelecke', 'Speichellecker', 'Säugelecker', 'ablecken', 'anlecken', 'auflecken', 'auslecken', 'geleckt', 'leckern']"
gelegen,['Gelegenheit']
lehren,"['Gelehrter', 'Lehre', 'Lehrer', 'Lehrling', 'Schullehrer', 'anlehren', 'einlehren', 'gelehrt', 'ungelehrt']"
Leier,"['Geleier', 'Windleiere', 'abgeleiert', 'anleiern', 'ausgeleiert', 'ausleiern', 'durchgeleiert', 'durchleiern, sich', 'geleiert', 'herleiern', 'leiern', 'zusammengeleiert', 'zusammenleiern', 'zusammenleiern, sich']"
Leise,"['Geleis', 'Leist', 'Weitgleister', 'ausgleisen', 'breitleisig', 'einleisen', 'leistern']"
Stutz,"['Gelenkstutzer', 'Handstutze', 'Handstutzer', 'Stutzen', 'Stutzer', 'begriffsstutzig', 'gestutzt', 'stutzeln', 'stutzen', 'stutzig', 'zusammenstutzen', 'zustutzen']"
gellen,"['Gellin', 'angallen', 'gelstern', 'gillern']"
Lorbeer,"['Gelorbeer', 'Lolbere', 'Lorbeere', 'Lorbeeren', 'Lorbeerin', 'Lorben', 'ablorbeern', 'derlobelt', 'derlorbeert', 'lorbeeren', 'lorbeern', 'lorbern']"
gelt,"['Gelte', 'Gelter', 'Geltin', 'gelt stehen', 'gelte', 'gelten', 'geltendlaufen', 'geltig']"
schwänzen,"['Geltschwänzer', 'Schulschwänzer', 'Schulschwänzerer']"
Lust,"['Gelust', 'Geluste', 'Geluster', 'Gelusterer', 'Gelustiger', 'Gelüste', 'Gelüsterer', 'Gelüstiger', 'anlustieren', 'belustigen', 'derlustieren', 'derlustieren, sich', 'gelusten', 'gelustend', 'gelusteret', 'gelusterig', 'gelustet', 'gelustieren', 'gelustig', 'gelustret', 'gelustrig', 'gelüsten', 'gelüstend', 'gelüsteret', 'gelüsterig', 'gelüsterisch', 'gelüstig', 'hinangelusten', 'hingelusten', 'hingelüsten', 'hnangelusten', 'lustieren', 'lustig', 'lüstern', 'streitlustig', 'verlustieren', 'verlustieren, sich']"
Michael,"['Gelustmichel', 'Gewürgmichel', 'Mike', 'Mischa']"
Gelze,"['Gelzer', 'gelzen']"
lühen,"['Gelüfert', 'Lühe', 'auslühen']"
Lunge,"['Gelüng', 'Gelünge']"
Maische,"['Gemaisch', 'eingemaischt', 'gemaischt']"
malen,"['Gemalene', 'Gemalte', 'Maler', 'Malern', 'angemalt', 'anmalen', 'gemalen', 'gemalt', 'hinmalen', 'malern']"
mammern,['Gemammer']
mampf,"['Gemampf', 'Mampfe', 'anmampfen', 'einigmampfen', 'einmampfen, sich', 'hineinmampfeln', 'hineinmamsen', 'mampfeln', 'mampfen', 'mampfige']"
Mansch,"['Gemansch', 'Gemansche', 'zermanscht']"
maunken,"['Gemaunk', 'herummaunken', 'mauksen', 'maunkelig', 'maunkern', 'maunksen']"
meckern,"['Gemecker', 'Meckerer', 'anmeckern', 'bemeckern', 'gemeckern']"
Weisch,['Gemeisch']
melken,"['Gemelk', 'Hasenmelker', 'Katzenmelker', 'Mausmelker', 'Melker', 'Melkern', 'Neumelkete', 'abmelken', 'gemolken', 'wegmelken']"
Menge,"['Gemeng', 'Unmenge', 'einmengen', 'mengen', 'untergemengt', 'vermengen', 'zusammenmengen']"
meren,"['Gemer', 'abmeren', 'abmeren, sich', 'anmeren', 'dermeren', 'dermert', 'durchmeren', 'eingemeren', 'einmeren', 'gemeren', 'herausmeren', 'herummehren', 'herümmeren', 'ummeren', 'vermeren', 'vermert', 'wegmeren', 'zusammenmeren']"
Metze,"['Gemetz', 'Gemetzt', 'Metzen', 'Metzig', 'metzen']"
meutern,['Gemeuter']
miau,"['Gemiau', 'mauen', 'mia', 'miauen', 'miauken', 'miaunken', 'miaunzen', 'miauzen']"
mixen,"['Gemixtes', 'Mixtur', 'Weinmixer', 'gemixert', 'zusammengemixt']"
Mord,"['Gemordige', 'Kleidermörder', 'Mordio', 'Mordsmämme', 'Mörder', 'Mörderer', 'Selbstmörder', 'Vatermörder', 'Zetermordio', 'dermorden', 'morden', 'mordieren', 'mordsmäßig', 'mördern']"
Murks,"['Gemurks', 'Murkler', 'Murkser', 'Murkslerin', 'abmurksen', 'abmurksen, sich', 'dermurksen', 'gemurkst', 'herummurksen', 'murkeln', 'murksen', 'zusammenmurkeln', 'zusammenmurksen']"
Gemächt,['Gemächtshaar']
Magen,"['Gemäge', 'Magenläuse', 'Vormagen', 'ausgeschwemmter Magen', 'geruinierter Magen', 'herumgedrehter Magen', 'krankes Mägelein', 'unrechter Magen', 'verdorbener Magen', 'verdorbiger Magen', 'verdrehter Magen', 'verfressener Magen', 'vergrätschter Magen', 'verkorkster Magen', 'verkotzter Magen', 'verrenkter Magen', 'versauter Magen', 'verschissener Magen', 'versoffiger Magen', 'verstauchter Magen', 'verstimmeter Magen', 'verstimmter Magen', 'zergrätschter Magen']"
Maß,"['Gemäß', 'Saumäßig', 'Unmaß', 'dermäßig', 'gerichtsmäßig', 'gleichmäßig', 'herrenmäßig', 'saumäßig', 'ungleichmäßig', 'unmäßig', 'viehmäßig', 'zigeunermäßig', 'übemäßig', 'übermäßig']"
mühen,"['Gemüh', 'Liebesmühe', 'Mühsamer', 'abmühen', 'abmühen, sich', 'bemühen, sich', 'mühsam']"
Tand,"['Gemüsetandler', 'Tandler', 'Tandlerin', 'Tändler', 'herumtandeln', 'hintandeln', 'tandeln', 'tandern', 'tändeln']"
Genick,"['Genack', 'Genacke', 'Genacks', 'Genäck']"
Fink,['Genaschfink']
Gosche,"['Genaschgosche', 'Kühgoschevoll', 'Maulgoscher', 'Verpatschgosche', 'Verratgosche', 'Verratsgosche', 'Zugbeutelgosche', 'große Gosche haben', 'lose Gosche haben', 'verkehrte Göschel']"
Hammel,"['Genaschhammel', 'Reuthammel', 'gehammelt', 'gescherter Hammel', 'hammeln', 'verhammeln']"
genau,"['Genauer', 'Ungenauer', 'genauso', 'ungenau']"
rein,"['Generalreinigung', 'Großreinigung', 'Kalbreinig', 'Kalbreinige', 'Kalbreinigen', 'Kalbreinigung', 'Kalbsreinigen', 'Kälberreinigung', 'Luftreiniger', 'Nachreinigung', 'Nasenreiniger', 'Reinig', 'Reinigen', 'Reinigung', 'Reinung', 'hasenrein, nicht', 'reinigen', 'reiniglich', 'reinlich', 'unrein']"
genieren,"['Genieriger', 'genierig']"
genießen,"['Genießer', 'Genuss', 'Nutznießer', 'genüssig']"
nörgeln,"['Genörgler', 'Herumnörgler', 'Norgler', 'Nörgeldüppe', 'Nörgeler', 'Nörgler', 'abgenörgeln', 'abnörgeln']"
Georg,"['Geo', 'Georgina', 'Gerg', 'Gragorie', 'Jürgen']"
Asch,['Georg von Asch']
Orgel,"['Georgel', 'herunterorgeln', 'zuorgeln']"
Georgina,['Georgine']
Pelz,"['Gepelz', 'Pelzer', 'Pelzerer', 'Pelzig', 'Pelziger', 'Pelznickelpumpstein', 'derpelzen', 'gepelzt', 'herumpelzen', 'palzig', 'pelzen', 'pelzig', 'zusammenpelzen']"
pfitzen,"['Gepfatz', 'Peitschenpfitze', 'Pfetzschnur', 'Pfitze', 'Pfitzer', 'abpfetzen', 'abpfitzen', 'herausfetzen', 'hineinpfatzen', 'hineinpfitzen', 'zusammenpfatzen', 'zusammenpfetzen']"
pfumpfen,['Gepfumpfer']
Pfusch,"['Gepfusch', 'Kurpfuscher', 'Pfuscher', 'Pfuscherin', 'Pfuschter']"
pirtschen,['Gepirtsch']
plagen,"['Geplag', 'Landplage', 'Leutplager', 'Mutterplage', 'Mückenplage', 'Plager', 'abgeplagt', 'abplagen', 'abplagen, sich', 'herumplagen', 'herumplagen, sich']"
plappern,"['Geplapper', 'Plappere', 'Plapperer', 'ausplappern', 'verplappern', 'zusammenplappern']"
Plempel,"['Geplempel', 'Plempe', 'Plempler', 'anplempeln', 'daherplempeln', 'herumplempeln', 'plempeln', 'plempern', 'verplempeln', 'verplempern', 'vorplempeln']"
plärren,"['Geplärr', 'Plärrer', 'abplärren', 'anplärren', 'aufplärren', 'ausplärren', 'derplärren', 'hinplärren', 'losplärren', 'plärreter', 'zuplärren', 'zusammenplärren']"
poltern,"['Gepolter', 'Holterdiepolter', 'Holterpolter', 'Polterer', 'Seichpolter', 'anhinpoltern', 'holterpolter', 'lospoltern']"
Prozess,"['Geprozess', 'Prozesser', 'Prozessieren', 'Prozessierer', 'herumprozessen', 'prozessen', 'prozessieren', 'verprozessen', 'verprozessieren', 'zuprozessen']"
praschen,"['Gepräsch', 'Prasche', 'Präscher', 'Präschmacher', 'anpräschen', 'hinpräscheln', 'präschen']"
poppern,"['Gepöpper', 'Popperer']"
quak,"['Gequak', 'quäken']"
quaken,"['Gequake', 'Gequaker', 'Gequaks', 'Quaukser', 'Quäker', 'anquackeln', 'quakern', 'quaksen', 'quauksen', 'quäksen', 'quäksern']"
quenksen,"['Gequaunks', 'Quaunkse', 'Quenker']"
quetschen,"['Gequetschte', 'Hühnerquetsche', 'Quetsche', 'abquetschen', 'ausquetschen', 'durchquetschen', 'zerquetschen', 'zusammenquetschen']"
quietschen,"['Gequietsch', 'Gequietsche', 'Quietscher']"
quarzen,"['Gequärz', 'abquesen', 'gequarzen', 'gequärzen']"
gerade,"['Gerader', 'ausgeraden', 'eingerade', 'geradeweg', 'und gerade !']"
Hälfte,"['Geradhälfte', 'hälften']"
rampfen,"['Gerampfer', 'Gerampfler']"
Ramsch,"['Geramsch', 'Ramscher', 'Ramschin', 'auframsen', 'ramsen']"
Laden,"['Geramschladen', 'Geramschladner', 'Gerutschladen', 'Kramladner', 'Krempelladner', 'Krämerladner', 'Ladner', 'Saftlädler', 'Schublade']"
Geranie,['Geranium']
rankern,"['Geranker', 'Rankerer', 'herumrangern', 'herunterrankern']"
rattern,"['Geratter', 'Ratterer', 'losrattern']"
Rinde,"['Gerberrinde', 'Reppelrinde', 'abrinden']"
Hund,"['Gerbershund', 'Hundetatzen', 'Hundewetter', 'Hundling', 'Hundsbrunnzer', 'Hundsgesaiche', 'Hundsgeseichig', 'Hundskrallen', 'Hundskrücke', 'Hundstatze', 'Hunsdsfotze', 'Hündin', 'Hündling', 'Salz-und-Pfeffer-Hündlein', 'herumhunzen', 'hundemüde', 'hundmüde', 'hundshäutern', 'hundsmäßig', 'hundsnötig', 'hunzen', 'sparen, wie']"
Gerhard,['Gerd']
recht,"['Gerechter', 'Recht, haben wollen', 'Rechte', 'Rechterer', 'Rechthaber', 'Unrecht', 'Unrechtes', 'Unrechtiger', 'Zurechter', 'anrechten', 'gerecht', 'rechten', 'unrecht', 'unrechte Drossel', 'zurecht', 'zurechtfrisieren']"
Reff,"['Gereff', 'Reffen', 'abreffen', 'reffen']"
Reitel,"['Gereitel', 'anreiteln', 'aufreiteln', 'festreiteln', 'hinaufreiteln', 'reiteln', 'zusammenreiteln']"
rennen,"['Gerenn', 'Heckenrenner', 'Kinderrenner', 'Renntierholzschlitten', 'abderrennen', 'abrennen', 'abrennen, sich', 'anrennen', 'aufrennen', 'auseinanderrennen', 'derrennen', 'derrennen, sich', 'einrennen', 'fortrennen', 'herrennen', 'hinhinterrennen', 'hinrennen', 'hinterher rennen', 'hinterrennen', 'losrennen', 'nachrennen', 'rennet', 'umrennen', 'verrennen', 'vorrennen', 'zerrennen']"
Rose,"['Gergenrose', 'Rosen', 'Wildes Röslein', 'Winterig Röslein', 'rosig']"
gering,"['Geringe', 'Geringer', 'Geringler', 'Geringste', 'Geringster']"
Rippe,"['Gerippe', 'abrippeln', 'abrippen', 'ausrippeln']"
Gau,"['Gerolzhofer Gau', 'Gerolzhöfer Gau', 'Gäuer', 'Hummelgauer', 'Untergäuer']"
Rotz,"['Gerotz', 'Rotz bockeln', 'Rotzer', 'Rotzerer', 'Rotzling', 'Rötzer', 'alle Rotz lang', 'anrotzen', 'gerotzt', 'rotzen', 'rotzig', 'rötzen']"
Gerste,"['Gerstenböcke', 'gersten']"
Gräte,"['Gerstengräten', 'Gräten', 'heißgrätig']"
Gerte,['Gerten']
Welle,"['Gertwelle', 'Hundertwellen', 'Tannewellen', 'Well', 'Wellen', 'Weller', 'wellen']"
rücken,"['Gerucks', 'Rainsteinrucker', 'alle Ruck', 'anrücken', 'ausrücken', 'einrücken', 'herumrücken', 'verrücken', 'wegrücken', 'zurechtrücken', 'zusammenrucken', 'zusammenrücken']"
Ecke,"['Geruheck', 'Schindersecken', 'Verbotene Ecke', 'Winterecken', 'abecken', 'dreieckig', 'eckeln', 'eckig', 'ein Eck', 'eine Ecke', 'viereckig']"
Runzel,"['Gerunzel', 'Gerünzelte', 'Runze', 'abrunzeln', 'runzelig', 'runzlig', 'schrunzelich', 'verrunzelt', 'zusammengerunzelt']"
räbbern,"['Geräb', 'Geräber']"
Räson,"['Geräsonier', 'Räsonierer', 'herumräsonieren', 'räsonieren']"
rösten,"['Geröst', 'Geröste', 'Geröstene', 'Geröster', 'Geröstete', 'Geröstig', 'Mehlgeröste', 'Mehlgeröstig', 'Mehlröste', 'Mehlröster', 'Mehlröstig', 'Rohgeröstete', 'Rohgeröstig', 'Röste', 'Röstig', 'abgeröstet', 'angeröstet', 'anrösten', 'geröstet']"
rüllen,"['Gerüll', 'Grüller', 'Rülle', 'gerüllen']"
Kammer,['Gerümpelkammer']
Rüssel,"['Gerüssel', 'Rüsselspitze', 'Unterrüssel', 'herumrüsseln', 'hinanrüsseln', 'rüsen', 'rüsseln']"
Salbe,"['Gesalb', 'Salber', 'Salberer', 'Salberin', 'Zugsalbe', 'einsalben', 'salben']"
Salz,"['Gesalzene', 'Gesälz', 'Salze', 'Salzstölle', 'Sälze', 'Zwetschgensalze', 'absalzen', 'aufsalzen', 'einsalzen', 'gesalzen', 'salztrocken', 'ungesalzen', 'versalzen']"
Verein,['Gesangsverein']
Saufen,['Gesaufen']
Schecke,"['Gescheckete', 'Gescheckte', 'abschecken', 'geschecket', 'gescheckt', 'hellscheckig', 'scheckig', 'schecktig']"
Nase,"['Gescheitnäser', 'Hochnaseter', 'Hochnäsiger', 'Nasenweiser', 'Näser', 'Näsler', 'Nüssler', 'alle Nase lang', 'alle Nasen lang', 'alle drei Nasen lang', 'hochnäsig', 'näseln', 'nüseln', 'nüsseln']"
schenken,"['Geschenk', 'Geschenkter', 'Hereingeschenkte', 'Kindsschenke', 'Schenker', 'Schenkhausen', 'ausschenken', 'einschenken', 'geschenkt', 'herschenken', 'hinschenken', 'verschenken']"
scheppern,"['Geschepper', 'Schepperer', 'gescheppert']"
geschehen,"['Geschichte', 'gern geschehen']"
schicken,"['Geschick', 'abschicken', 'anschicken', 'ausschicken', 'fortschicken', 'geschickt', 'hineingeschicken', 'hineinschicken', 'hinschicken', 'zuschicken']"
Schimmel,"['Geschimmel', 'angeschimmelt', 'geschimmelt', 'schimmelig', 'schimmeln', 'schimmlig', 'verschimmeln', 'verschimmelt']"
Waage,"['Geschirrwaage', 'Zugwaage', 'Zuwaage']"
Geschlecht,"['Geschlechtshaar', 'ungeschlacht']"
schleudern,['Geschleuder']
schlingen,"['Geschling', 'Geschlinge', 'Hopfenschlinge', 'Knopflochschlinge', 'Schlinge', 'Schlung', 'schlingern', 'umschlingen', 'verschlingen', 'verschlungen', 'wanderschlingig', 'wasserschlingig']"
schludern,"['Geschluder', 'Geschludrig', 'Schludrige', 'schludrig']"
schmalgen,['Geschmalg']
schmorkel,['Geschmorkel']
schmoren,['Geschmorte(r?)']
schnarren,"['Geschnarr', 'anschnarren', 'herunterschnarren']"
schnattern,"['Geschnatter', 'Gänsegeschnatter', 'Schnatter', 'Schnatterant', 'Schnattere', 'Schnatterer', 'anschnattern', 'schnatterig', 'schnattern, ganz', 'schnattern, vor Kälte', 'schnattern, wie die Gänse']"
schniegeln,"['Geschniegelter', 'Hingeschniegelter', 'aufgeschniegelt', 'aufschniegeln', 'geschniegelt', 'herschniegeln', 'hingschniegelt', 'zusammenschniegeln', 'zusammenschniegelt']"
schnauben,"['Geschnäub', 'Schnäuber', 'schnäuberig', 'schnäubig']"
schnürpf,"['Geschnürpf', 'Schnürpfelhaar', 'geschnürpft', 'hinaufschnürpfen', 'schnürpfen', 'zusammengeschnürpfelt', 'zusammengeschnürpfen', 'zusammengeschnürpft', 'zusammenschnürpfeln', 'zusammenschnürpfen']"
schrackeln,"['Geschrackler', 'Schrackler']"
Schrein,"['Geschreinert', 'Geschreinetes', 'Schreiner', 'aufschreinen']"
Geschufe,['Geschufer']
schwadern,"['Geschwade', 'Geschwader', 'Schwadere', 'Schwädere']"
schwanken,"['Geschwankere', 'Schwanke', 'hin- und herschwanken', 'schwankig']"
Schwelle,"['Geschwell', 'Geschwelle', 'Sattelgeschwell', 'Schwellemacher', 'Türschwelling']"
schwenken,"['Geschwenkter', 'Schwenker', 'ausschwenken', 'geschwenket', 'nachschwenken']"
schwer,"['Geschwer', 'beschwerlich', 'schwerfällig', 'schwerlich']"
Sucht,"['Geschwindsucht', 'Schwindsüchtige', 'Schwindsüchtiger', 'Streitsüchter', 'Süchere', 'Süchtiger', 'Tobsüchtiger', 'bleichgesüchtig', 'bleichsüchtig', 'eifersüchtig', 'hasssüchtig', 'herrschsüchtig', 'händelsüchtig', 'klatschsüchtig', 'perlsüchtig', 'putzsüchtig', 'rachsüchtig', 'schwindsüchtig', 'sehnsüchtig', 'stiersüchtig', 'süchrig', 'süchtig', 'zanksüchtig']"
Schädel,"['Geschwollschädel', 'dickschädlig', 'seinen Bockschädel haben']"
schwären,"['Geschwär', 'Geschwären', 'Schwäre', 'ausschwären', 'geschwürig', 'schwäre', 'schwärig', 'schwürig']"
schwatzen,"['Geschwätz', 'Schwätze', 'Schwätzer', 'aufschwatzen', 'aufschwätzen', 'verschwatzen, sich']"
Geschäft,"['Geschäftige', 'Geschäftiger', 'Meistergeschäftig', 'Meistergeschäftiger', 'geschäftig', 'meistergeschäftig']"
schäkern,"['Geschäker', 'abschäkern']"
scharf,"['Geschärfte', 'Geschärfter', 'Scharfe', 'Scharfer', 'Schärfe', 'Spatenschärfe', 'scharf machen', 'schärfen']"
See,"['Gesee', 'Kieferseela']"
selchen,"['Geselchte', 'Geselchtes', 'geselcht']"
Geselle,"['Gesellschaft', 'Gesellschafter', 'Saugesellschaft', 'gesellig']"
seufzen,"['Geseufz', 'Seufzer', 'Seufzerer']"
Sims,['Gesims']
singen,"['Gesing', 'Opernsänger', 'Sänger', 'absingen', 'ansingen', 'aussingen', 'dersingen', 'einsingen']"
sottern,"['Gesotterer', 'Sötterer', 'hinsottern']"
Schlitten,"['Gespannschlitten', 'Reibschlitten', 'Rennrodelschlitten', 'Rennschlitten', 'Renntierschlitten', 'Zerrschlitten', 'Zugschlitten', 'schlittern']"
sparen,"['Gespartes', 'Sparhausen', 'Spärler', 'absparen', 'ansparen', 'aussparen', 'dersparen', 'einsparen', 'sparer', 'sparig', 'sparsam', 'spärlich', 'wegsparen', 'zusammensparen']"
Spaß,"['Gespaßiger', 'Gespaßiges', 'Spaßmacherin', 'gespaßig', 'gespäßig', 'spaßen', 'spaßig']"
speien,"['Gespeiter', 'anspeien', 'ausspeien', 'eingespeit', 'gespeien, sich', 'gespeit', 'gespien', 'hineingespeit']"
Spelze,"['Gespelz', 'Getreidespelze']"
Spenzer,['Gespenzer']
Spott,"['Gespott', 'Spötter', 'ausspotten', 'spotten', 'spötteln', 'verspotten']"
Spreu,"['Gespreu', 'Spreue']"
spratzen,"['Gesprätz', 'Spratze', 'Spratzer', 'Spratzig', 'Spratzler', 'Sprätzer', 'abspratzeln', 'gespratzt', 'spratzig']"
Staunze,"['Gestaunzer', 'Staunzer', 'Staunzerin']"
steif,"['Gesteifter', 'Halbsteifer', 'Hinübergesteifter', 'Steifer', 'Versteifte', 'ansteifen', 'steifen']"
Stellage,['Gestellage']
stemmen,"['Gestemm', 'Stemme', 'Stemmung', 'Stämmer', 'aufgestemmt', 'einstemmen', 'gestemmt']"
sticken,"['Gestickets', 'stickig']"
Kater,"['Gestiefelter-Kater-Stiefel', 'katern', 'katzenkatern']"
Storch,"['Gestorch', 'Storcher', 'Storchin']"
stottern,"['Gestotter', 'Stotterer', 'abstottern']"
Pfanne,"['Gestoßene Pfannkuchen', 'Gestoßener Pfankel', 'Pfangig', 'Pfannenrutscher', 'Rohe Pfannlein', 'rohe Erdäpfelspfannküchlein']"
strawanzen,"['Gestrawanz', 'Strawanser', 'Strawanzer']"
Striegel,"['Gestriegelter', 'Haarstriegeln', 'abstriegeln', 'durchstriegeln', 'gestriegelt', 'glattstriegeln', 'hinanstriegeln', 'hinhinterstriegeln', 'hinhinterstriegsen', 'hinstriegeln', 'hinterstriegeln', 'striegeln', 'zusammenstriegeln']"
strippen,"['Gestrippe', 'Quasselstrippe']"
drästen,"['Gesträst', 'drästern']"
Strauß,"['Gesträuß', 'straußen', 'straußig']"
stuttern,"['Gestutter', 'Stutterer', 'umeinander stuttern', 'umeinanderstuttern']"
stöhnen,"['Gestöhn', 'aufstöhnen', 'gestöhnen']"
Storren,['Gestörr']
Stücht,['Gestücht']
Sumpf,"['Gesumpf', 'Gesümpf', 'sumpfig', 'versumpft']"
gesund,"['Gesunde', 'Gesunder', 'Gesundheit', 'gesundheitlich', 'ungesund']"
sämern,"['Gesämer', 'Sämerung', 'ansämern', 'gesämern', 'hinsämern']"
sauer,"['Gesäuer', 'Kohlensäure', 'Sauere', 'Sauerling', 'Säuerling', 'Säuern', 'Säuerung', 'angesauert', 'aussäuern', 'eingesäuert', 'sauere Weichsel', 'säuern']"
Tasche,"['Gesäßtasche', 'Innereitasche']"
Gesocks,['Gesöck']
tatter,"['Getatter', 'Tatterich', 'derdattert', 'dertattert', 'tatterig', 'tattern', 'tattrig', 'tättern', 'verdattert', 'vertattern', 'vertattert']"
toll,"['Getoll', 'Hemdtoller', 'Holderi-Dolderi', 'Mannstolle', 'Manntolle', 'Männertolle', 'Tolle', 'Toller', 'Tollian', 'Tollneber', 'herumtollen', 'tolle', 'tollen', 'tollerieren', 'vertollern']"
Transch,"['Getranschtes', 'Rohe Trenschtlein', 'Tränscher']"
Fuder,['Getreidefuder']
Hütte,"['Getreidehütten', 'Hundshütten', 'aufhütten']"
schütten,"['Getreideschütte', 'Pfannenschüttler', 'Salzschütter', 'Schutterer', 'Schütter', 'Schütterer', 'abschütten', 'anschütten', 'aufgeschüttet', 'aufschütten', 'ausschütten', 'derschütten', 'einschütten', 'erschütten, sich', 'geschüttet', 'herschütteln', 'herunterschütteln', 'herunterschütten', 'verschütten', 'verschüttet', 'zusammengeschüttet', 'zusammenschütten']"
wächeln,"['Getreidewächler', 'Wichtler', 'Wächler', 'Wächlerer', 'Wächtler', 'abwachteln', 'abwächteln', 'auswachteln']"
worfeln,"['Getreidsensenworf', 'aufwörfeln']"
laschen,"['Getreidslasche', 'ablaschen']"
Gertrud,['Getrud']
hetschen,"['Getsche', 'Hetsche', 'Hetscher', 'Hitsche', 'Hitscher', 'Hotsche', 'Hutsche', 'Hutscher', 'Hötsche', 'Kinderhetsche', 'Kinderhutsche', 'Kinderhötsche', 'gehetschen', 'getschen', 'hetschern', 'hin- und herhetscheln']"
tosen,['Getös']
tuten,['Getüt']
verrecken,"['Geverreck', 'Hundsverrecker', 'Lausverrecker', 'Sauverrecker', 'Vereckling', 'Verreckeleins', 'Verrecker', 'Verreckerling', 'Verreckling', 'abgeverrecken', 'abverrecken', 'durchverrecken', 'gefreckt', 'geverrecken', 'geverreckt', 'verrecken lassen', 'verreckt']"
Busen,['Gewaltbusen']
Tat,"['Gewalttäter', 'auf der Tat', 'auf frischer Tat', 'Übeltäter']"
weben,"['Geweber', 'Gewebte', 'Leinenweber', 'Spinnenwebe', 'Spinnenwebending', 'Spinnenwebeter', 'Spinnewebe', 'Spinnwebe', 'Thiersteiner Weber', 'Weber', 'Weberer', 'dahingewebern', 'gewebern', 'spinnenwebig', 'verwebeln', 'weberig', 'webern']"
weh,"['Geweh', 'Heimwehten', 'Magenwehe', 'Wehding', 'Wehen', 'Wehtan', 'Wehtum', 'Wehtun', 'auwau', 'auwauwau', 'auwehzen', 'auweia', 'oh weialein', 'oweia', 'wehe', 'wehmern']"
Weichsel,['Geweichsel']
Rübe,"['Geweischrüben', 'Kraut und Rüben', 'Rübelsen', 'Rübenpflanzen', 'Rübenwagen']"
wellen,['Gewellfleisch']
welsch,"['Gewelsch', 'Welsche', 'Welschekorn', 'Welscher', 'Welscherin', 'Welschgieker', 'welsch werden', 'welschern']"
Wetter,"['Gewetter', 'Hinterwetter', 'Unwetter', 'Vorwinterwetter', 'Wetterin', 'Wettern', 'anwettern', 'aufwettern', 'donnerwettern', 'draufloswettern', 'herabwettern', 'herunterwettern', 'hinwettern', 'loswettern', 'schönes Wetter geben', 'schönes Wetter werden', 'verwettert', 'wettern', 'wetterwächsig']"
wief,"['Gewiefter', 'Wiefe', 'Wiefer']"
wiehern,"['Gewieher', 'Haha', 'Hihaha', 'Ihaha', 'Mihaha', 'hi ha']"
wimmern,"['Gewimmer', 'wimmerlich']"
wirr,"['Gewirr', 'Gewirre', 'Gewirret', 'Gewirrets', 'Gewirrisch', 'Wirrer', 'Zerwirretes', 'Zerwirrets', 'Zerwirrig', 'Zerwirrtes', 'Zusammengewirrtes', 'auswirren', 'durcheinanderwirren', 'eingewirrt', 'eingezwirrt', 'einwirrdeln', 'einwirreln', 'einwirren', 'einzerwirren', 'gewirrt', 'gezwirrt', 'verwirrdeln', 'verwirreln', 'verwirren', 'verwirren, sich', 'verwirrlen', 'verwirrt', 'verzerwirrdeln', 'verzerwirren', 'verzerwirrlen', 'verzwirren', 'verzwirrt', 'wirrdeln', 'wirren', 'wirrig', 'wirrlich', 'zerwirren', 'zusammenwirren', 'zusammenzerwirrlen']"
wispern,"['Gewisper', 'Zwisperer', 'zuwispeln', 'zuwispern', 'zuzwispern']"
gocken,"['Gewittergocker', 'Gocke', 'gocksen']"
Witz,"['Gewitzter', 'Vorwitz', 'Vorwitzige', 'Vorwitziger', 'Witzige', 'fürwitzig', 'vorwitzig', 'witzig']"
wollen,"['Gewolltes', 'Nichtgewollte', 'Nichtgewollter', 'Ungewolltes', 'eigenwillig', 'gewollt', 'ungewollt']"
wuchern,"['Gewucher', 'Wucherer']"
wulgern,"['Gewulge', 'Wulgerer', 'abgewulgen', 'abwulgern', 'fortwulgern', 'herumgewulgern', 'herumwulgen', 'herumwülgen', 'herumwülgern', 'verwülgert', 'wegwulgen']"
Wulst,['Gewulst']
walgen,"['Gewälger', 'Nudelwälger', 'Teigwälger', 'abwalgen', 'abwälgern', 'aufwälgern', 'auswalgeln', 'auswalgen', 'auswalgern', 'auswälgen', 'auswälgern', 'derwälgen', 'durchwalgen', 'fortwälgern', 'gewälgern', 'herumgewälgen', 'herumgewälgern', 'herumwargeln', 'herumwälgen', 'herumwälgern', 'herümwälgern', 'hinabwälgern', 'hinaufwälgern', 'umhinwalgern', 'umhinwälgern', 'umwälgern', 'verwalgen', 'verwälgern', 'walgern', 'weggewälgern', 'wegwälgern', 'wälgern', 'zusammenwälgern']"
Wolke,"['Gewölk', 'Rauchwolken', 'Schäferwolken']"
Würfel,"['Gewürfelter', 'gewürfelt', 'würflig', 'zusammengewürfelt', 'zusammenwürfeln']"
zanken,"['Gezank', 'Gezänk', 'Gezänke', 'Zanke', 'Zanker', 'Zänker', 'Zänkerer', 'abzanken', 'anzanken', 'auszanken']"
Zauber,"['Gezauber', 'verzaubern', 'zaubern']"
zerren,"['Gezerr', 'Zerrer', 'Zerres', 'anzerren', 'auseinanderzerren', 'einzerren', 'fortzerren', 'herzerren', 'hinzerren', 'zerfen', 'zerkelen', 'zusammenzerren', 'zusammenzerren, sich']"
Ziefer,"['Gezief', 'Geziefer', 'Ungeziefer', 'herumziefern', 'verziefern', 'ziefern']"
Zier,"['Gezier', 'geziert', 'zieren', 'zierlich']"
zirpen,"['Gezirp', 'zirpsen']"
Zores,['Gezores']
Zwirbel,"['Gezwirbelte', 'Gezwirbelter', 'Zwirbler', 'aufhinzwirbeln', 'aufzwirbeln', 'durcheinanderzwirbeln', 'gezwirbelt', 'hinaufzwirbeln', 'hineinzwirbeln', 'hochzwirbeln', 'umzwirbeln', 'verzwirbeln', 'verzwirbelt', 'zusammengezwirbelt', 'zusammenzwirbeln', 'zwirbeln', 'zwirblig']"
zwitschern,"['Gezwitscher', 'abzwitschern', 'zuzwitschern']"
Zorn,"['Gezürn', 'Jähzornig', 'Zürnen', 'jähzornig', 'zornen', 'zornig', 'zörnen', 'zürnen']"
Gift,"['Giftige', 'Giftigkeit', 'angiften', 'giften', 'giftig', 'giftlen', 'jähgiftig', 'vergiften']"
Gong,"['Ginker', 'Gonger', 'Gongerer', 'herausgongen']"
Gipfel,"['Gipfeling', 'Gipfling']"
Glas,"['Glaser', 'Glaskalter', 'Hollerglaser', 'glasig', 'gläsrig']"
Glatze,"['Glatzer', 'Glatzeter', 'Glätzer', 'Glätzerer', 'angeglatzt', 'angeglätzt', 'anglatzen']"
gleißen,"['Gleiße', 'dergleißen', 'ergleißen', 'vergleißen']"
gleißeln,['Gleißler']
glitsch,"['Glitscher', 'glitschig']"
Sturm,"['Glockenstürmer', 'Mordsstürmer', 'Stürmer', 'stürmen']"
Glotzofon,['Glotzofonträger']
glucken,"['Glucke', 'Gluckeling', 'Glucker', 'abglucken', 'gluckern', 'glucksen', 'glucksern', 'hereingluckern', 'hinabgluckern', 'hineingluckern', 'hinuntergluckern']"
Huhn,"['Gluckhühner', 'Hühner', 'Stadelhühner', 'Streithenne']"
glutzen,"['Glutze', 'glutzern', 'nachglutzen']"
glatt,"['Glätte', 'Spiegelglättung', 'glätten']"
Los,"['Glückslos', 'Los', 'Losen', 'Reisiglos', 'Wildsaulos', 'löseln']"
gnatzen,['Gnatze']
gnuppen,"['Gnupper', 'Gnupperer', 'angnuppen']"
Gocks,['Gockser']
Goj,['Goje']
Gold,"['Goldene Ruhe', 'Gülde', 'golden', 'goldig', 'gülden']"
Goppe,['Goppen']
gorzen,['Gorzer']
hinab,"['Gosche hinabschlappen', 'das Maul hinabhangen lassen', 'die Schläppe hinabhangen lassen', 'hinabgemant', 'hinabkommen', 'hinabschreiben']"
wohl,"['Gottwohlkeit', 'Wohlweddler', 'auf Geratewohl', 'aufs Geratewohl', 'denkwohl', 'unwohl']"
vier,"['Grabviering', 'Vier machen', 'Vierding', 'Viere', 'Viering', 'Vierling', 'Vierteling', 'Vierting', 'Viertling', 'Vierung', 'siebenundvierzig', 'viere', 'vierteln']"
Graf,"['Graf', 'Graf Giech', 'Graf Koks', 'Grafen', 'Grafschaft', 'Grafschaftler', 'Grafschäftler', 'Gräfin']"
Graf Gox,['Graf Gocks']
Pipper,['Graf Pippers']
Grant,"['Granteln', 'Grantige', 'Grantler', 'saugrantig']"
Schopf,"['Grasschopfe', 'Schopfe', 'Schopfen', 'Widerschopf', 'ausschopfen', 'geschopfte', 'geschoppt', 'schopfeln', 'schopfen', 'schopfern', 'schopflen', 'schöpfeln', 'schöpfen', 'zusammenschopfeln']"
Grat,"['Gratsche', 'Gratscher', 'Heißgräte', 'Heißgrätig', 'Heißgrätiger']"
Graupe,"['Graupeln', 'graupeln']"
Graus,"['Grausen', 'grausam', 'grausen', 'grausig', 'grauslig', 'gräuslich', 'gräuslig']"
Grawitschko,"['Grawitschker', 'Grawitschkoladen', 'am Grawitschko', 'auf Grawitschko', 'auf Rawitschko', 'auf dem Grawitschko', 'aufs Grawitschko', 'bei der Grawitsche', 'beim Grawitschko', 'in Grawitschko']"
Graßlet,['Graßlertnadeln']
Meichel,"['Greinmeichelen', 'aufmeicheln', 'meicheln']"
Margareta,"['Grete', 'Margarete', 'Margarethe', 'Margarte', 'Margit', 'Margrete', 'Margrethe', 'Meig', 'Reta', 'Rett', 'Retta']"
Gram,"['Griesgramer', 'abgrämen, sich', 'grämen', 'grämig', 'ingrämisch']"
gries,"['Griesgrämer', 'griesandieren', 'griesgrämig']"
Grieß,"['Grießer', 'Grießler', 'Grießner', 'grießeln']"
gripsen,['Gripser']
Grus,"['Griseling', 'Griserich', 'Grisling', 'Gruserich', 'Grusling', 'Grüsling']"
grob,"['Grobe', 'Groben', 'Grober', 'Grobheit', 'Grobheiten', 'Grobian', 'Grobreiter', 'Gröbste', 'Gröbsten', 'Gröbster', 'grobschlächtig', 'grobschächtig']"
gronen,"['Groner', 'abgronen', 'gromsen', 'grömsen']"
groß,"['Große', 'Große Mücke', 'Großer', 'Großerin', 'Großgöcker', 'Größe', 'Größenwahn', 'Größte', 'Vergrößerung', 'aufgroßen', 'groß werden', 'großörtig', 'größer werden', 'Übergröße']"
Stadt,"['Großstädter', 'Stadtdame', 'Stadter', 'Stadterer', 'Städter', 'Städterer', 'Städterin', 'Städterischer', 'Städtischer', 'Städtler']"
Grubber,"['Grubbler', 'abgrubbern', 'eingrubbern', 'grubben', 'grubbern']"
rucken,"['Gruckerer', 'Kuckerikutandler', 'Ruckerer', 'Ruckler', 'Taubengruckerer', 'Taubengruckser', 'Taubenruckerer', 'gruckern', 'ruckern']"
Tripsdrill,['Grucksgrillen']
grölen,['Gröler']
groppsen,['Gröppser']
grübeln,"['Grübler', 'Nasengruber', 'Nasengrubler', 'ergrübelt', 'gruben', 'nasengruben', 'vergrübelt']"
grün,"['Grüne Ware', 'Grüner', 'Grünling', 'grünes Allerlei']"
Grütze,"['Grützer', 'Grützgöcker']"
Kuckuck,['Gugaxn']
Gummi,"['Gummianhänger', 'Radiergummikein', 'Reibelgummi', 'Reibgummi']"
Kunigunde,"['Gunda', 'Kunigunda']"
buhlen,"['Gunstbuhler', 'Nestbuhle']"
Gurgel,"['Gurgeln', 'gurgeln', 'heruntergurgeln', 'hinabgurgeln', 'hineingurgeln', 'hinthingurgeln', 'hinuntergurgeln', 'unrechte Gurgel', 'verkehrte Gurgel']"
gurzen,['Gurzerer']
Mut,"['Gutmütige', 'Hochmütige', 'Mutwille', 'Unmut', 'anmutig', 'gutmütig', 'hochmütig', 'hundszipfelmutig', 'wankelmütig', 'übermütig', 'übermütiger']"
äbich,"['Gächete', 'Imächet', 'Lahmächer', 'Mächener', 'Mächete', 'Mächetseite', 'Mängete', 'gächeten', 'imäch', 'imächeten', 'Ächete', 'Ächetsig', 'Ächetsseite', 'Ächig', 'Ächseite', 'Äfig', 'äbicht', 'ächetig', 'ächetsig', 'äfetig', 'äfig']"
Gatze,['Gätzvoll']
Kamm,"['Gökerkämme', 'Gökerskämme', 'Haare kämmen', 'Hahnenkämme', 'Kammzähne', 'Kämme', 'Kämmen', 'Kämmer', 'abherkämmen', 'abkämmen', 'aufkämmen', 'auskämmen', 'breitkämmen', 'durchkämmen', 'gekämmt', 'glattkämmen', 'herabkämmen', 'hinankämmen', 'hinhinterkämmen', 'hinkämmen', 'hinterkämmen', 'kämbeln', 'kämben', 'kämmeln', 'kämmen', 'voeinanderkämmen', 'zurechtkämmen']"
Gör,['Göre']
Gunst,"['Günstling', 'günstig', 'missgünstig', 'ungünstig']"
Dutt,['Haardütter']
Haar,"['Haareraufen', 'Haareter', 'Haaretiger', 'Haariger', 'Haarschnecken', 'Haarschneide', 'Haarziher', 'Maiskolbenhaare', 'Maispoppehaare', 'Maispoppeleinhaare', 'Maispoppeleinshaare', 'Maispoppenhaare', 'Maispudelhaare', 'Maisstollenhaare', 'behaart', 'haaren', 'haarig', 'haartig', 'hundshaarig', 'hären', 'mit Haut und Haar', 'untere Haare', 'verhaart']"
Poppe,"['Haarpopper', 'Herzgepoppelter', 'Popper', 'Pöpper', 'abpoppen', 'poppeln']"
schoppen,"['Haarschopper', 'Schopper', 'abschöppeln', 'geschoppet', 'hineinschopfen', 'zusammenschoppeln']"
Zopf,"['Haarzopf, geflochtenes Haar', 'Maiszöpfe', 'Zopfen', 'Zöpfe', 'abzopfen', 'aufzöpfen', 'zöpfen']"
Hebel,['Habel']
Haber,"['Haberbutzen', 'Haberernte', 'Habermänneln', 'Haberpuppe', 'Haberspelze', 'Haferhaufen']"
Habersdorf,['Habersdorfer']
Hachse,"['Hachsen', 'Hachser', 'Langhachseter', 'Stelzhachsen', 'Storchenhachsen', 'Säbelhachsen', 'krummhachsig']"
Hacht,['Hachten']
Sturz,"['Hafenstürze', 'Stürze', 'Stürzer', 'bestürzen', 'verstürzen']"
Hag,"['Hagebutten', 'Hagebutzen', 'Hagenbutten', 'Hagenbutzen', 'hagebüchig']"
Hagel,"['Hagelregen', 'hageln', 'hinanhageln']"
Hagenhausen,['Hagenhauser']
Hahn,"['Hahne', 'Hahnen', 'Schmalhahnen', 'Taubenhahner']"
Hahnenkamm,"['Hahnenkämmer', 'Hahnenkämmler']"
Schelle_2,"['Hakenschelle', 'Langwiedschelle', 'Rohrschelle', 'Waagschelle']"
halb,"['Halbe', 'Halberter', 'Halbete', 'Puppenhalbe', 'halbe', 'halbe-halbe', 'halber', 'halbieren', 'halbig', 'halbnig', 'innerhalb']"
Seide,"['Halbseidener', 'Seiden', 'Seidener', 'Seidiger', 'halbseiden', 'seiden', 'seidig']"
taub,"['Halbtauber', 'Jungenstaube', 'Mannsbilderstaube', 'Mannsbildertaube', 'Taube', 'Tauber', 'Taubian', 'Weibsbilderstauber', 'taube', 'taube Kühefliege', 'taubig']"
Hallodri,['Hallodrio']
kraus,"['Halskrause', 'herumkrusern', 'kräuselig', 'kräuseln']"
Hamburg,['Hamburger']
Hamster,"['Hamsterfelden', 'anhamstern', 'einhamstern', 'gehamstern', 'hamstern']"
Hanau,['Hanauer']
Hand,"['Hand geben', 'Handhebe', 'Handiger', 'Handtrichter', 'Handwerk', 'Händling', 'Linkhänder', 'Linkshänder', 'Linkshändiger', 'alle Händes lang', 'an der Hand', 'behändeln', 'beidhändig', 'freihändig', 'handig', 'handlich', 'handsam', 'hantieren', 'händeln', 'linkshändig', 'unhandlich', 'verhandelt', 'vorderhand']"
langsam,"['Handlangsamer', 'Langsame']"
Hans-Georg,['Hans-georglein']
Lorenz,['Hanslorenzen']
hantig,['Hantiger']
Happ,"['Happ, Happer']"
wachen,"['Haremswächter', 'Nachtwächter', 'Schilderwache', 'aufwachen', 'bewachen']"
harken,['Harke']
Harsch,"['Harsche', 'Harscher', 'Rascher', 'angeharscht', 'angerascht', 'derharscht', 'geharscht']"
Hasard,"['Hasarder', 'Hasardeur', 'hasardig']"
Hasel,['Haseltrollen']
Hase,"['Hasen', 'Hasengackerer', 'Hasenlorbeeren', 'Hasenscheißer', 'Hasenweg', 'Haserer', 'Häser', 'Häsin', 'Pfannenhasen', 'Sandhasen', 'alter Hase', 'derhast', 'gescheiter Hase', 'heuriges Häselein', 'verhast']"
Borlein,"['Hasenborler', 'Taubenborler']"
fuckern,"['Hasenfuckerer', 'Taubenfocker', 'Taubenfockerer', 'Taubenfucker', 'Taubenfuckerer', 'abfocken', 'abfockern', 'abfuckern', 'abfückern']"
Wams,"['Hasenkuhwamser', 'Wamse', 'Wamser', 'Wamster', 'abbamsen', 'abwamsen', 'anbamsen', 'anbamsen, sich', 'angewamsen', 'angewamst', 'angewämst', 'anwammen', 'anwamsen', 'anwamsen, sich', 'anwämsen', 'auswamsen', 'draufwamsen', 'durchwamsen', 'einwamsen', 'einwamsen, sich', 'einwamsern', 'gewamsen', 'herauswamsen', 'herumwamsen', 'herunterwamsen', 'hinwamsen', 'verwamsen', 'wamsen', 'wämsen', 'zusammenwamsen']"
rammeln,"['Hasenrammler', 'Rammler', 'abrammeln', 'auframmeln', 'gerammelt', 'gerämmlig', 'herabrammeln', 'hinabrammeln', 'losrammeln', 'rammelig', 'verrammelt', 'zusammenrammeln']"
wild,"['Hasenwilder', 'Wilde', 'Wildeberta', 'Wilder', 'Wilderer', 'Wildholle', 'Wildling', 'Wildmann', 'verwildert', 'wilde Berta']"
Hass,"['Hasser', 'gehässig', 'gehäßig', 'hassartig', 'hassen', 'verhasst']"
Hast,"['Haster', 'derhastet', 'hasten', 'hastig', 'hasting', 'überhasten']"
hatschen,"['Hatsche', 'Hatscher', 'Hatscheter', 'Hätscher', 'Hätscheter', 'abgehatscht', 'abhatschen', 'derhatschen', 'derhatscht', 'verhatschen', 'zusammenhatschen']"
Hattel,"['Hatteler', 'hatteln']"
hauchen,"['Haucher', 'Haucherer', 'abhäuchen', 'angehaucht']"
Attentat,['Hauptattentäter']
krakeelen,"['Hauptkrakeeler', 'Krakeeler', 'hinkrakeelen', 'loskrakeelen']"
schwingen,"['Hauptschwinge', 'Kopfschwinge', 'Leiternschwinge', 'Leiterschwinge', 'Ofenschwinge', 'Sauschwung', 'Schwinge', 'Schwinger', 'Schwung', 'Setzschwinge', 'Springe', 'aufschwingen']"
streben,"['Hauptstrebe', 'Kantenstrebe', 'Querstrebe', 'Querverstrebung', 'Schlittenstrebe', 'Seitenstrebe', 'Spitzstrebe', 'Strebe', 'Streber', 'Strebsamer', 'Verstrebung', 'aufstreben', 'strebig', 'strebsam']"
Klingel,"['Hausklingeln', 'klenseln', 'klingeln']"
Haßberge,['Haßbergler']
Kräuel,"['Hebkräule', 'Kräuler', 'herumkräueln']"
Eiche,"['Heckeichener', 'Heckeichiger', 'eicher', 'eichern', 'eichig', 'heckeichig']"
schmatzen,"['Heckenschmatzer', 'Heckenschmätzer', 'Heckeschmatzer', 'Häckenschmatzer', 'Lumpenschmatzer', 'Schmatte', 'Schmatze', 'Schmatzer', 'abschmatzen', 'anschmatzen', 'geschmatzen', 'herunterschmatzen', 'hinschmatzen', 'schmatzig']"
heftig,"['Heftiger', 'geheftig']"
Heft,['Heftleinmacher']
Schaub,"['Hegschaube', 'Pfändschäube', 'Schaubdächer', 'Schaube', 'Schaubzöpfe', 'Stroh-Schaublein', 'ausgeschaubert', 'ausgeschaubt', 'ausgeschäubt']"
he,['Hehemann']
heilig,['Heilige']
zehn,"['Heiligenzehnter', 'Sechzehner', 'Zehne', 'Zehner', 'Zehnte']"
Heilsbronn,['Heilsbronner']
Heim,"['Heimlichkeit', 'Heimlichtun', 'Windheimer', 'einheimisch']"
Not,"['Heimnöten', 'Noterer', 'Notigkeit', 'Nöterer', 'Nötige', 'Nötiger', 'Schwerenöter', 'Unnötig', 'abgenötern', 'abnöten', 'annöten', 'annötigen', 'aufnöten', 'aufnötigen', 'aushinnöten', 'benötigen', 'dernöten', 'einnöten', 'genöt', 'genöten', 'genötig', 'herabnöten', 'hinaufnöten', 'hineingenöten', 'hineinnöten', 'hundsnotig', 'mit knapper Not', 'notig', 'notigen', 'nöten', 'nötig', 'nötigen', 'nötiggehen', 'unnötig', 'zunöten', 'zusammengenötet', 'zusammennöten', 'übernöten']"
Tücke,"['Heimtücker', 'Heimtückser']"
Heins,"['Heinser', 'heinseln']"
Mitte,"['Heiratsvermittler', 'Mittag', 'Nachmittag', 'Vermittler', 'Vormittag', 'Vormittagen', 'auf Vormittag essen', 'mittags', 'mittelmäßig', 'mitten', 'mittler']"
Heis,"['Heiser', 'geheisern', 'heinsen', 'heinsern', 'heiseln', 'heisen', 'heisern', 'heistern']"
heizen,"['Heizer', 'anheizen', 'einheizen']"
heiß,"['Heiße', 'einheißen', 'heißen', 'heißer Brei']"
Hellmitzheim,['Hellmitzheimer']
hell,"['Hellster', 'helle werden', 'hellicht', 'hellig werden', 'helllicht']"
Wilhelm,['Helmer']
Helmstadt,['Helmstadter']
löcken,"['Hemdgelocketer', 'Hemdglocke', 'Hemdlocker', 'Hemdlocketer', 'angelöcksen', 'anlöckern', 'anlöcksen', 'hemdglocke']"
Hemd,"['Hemdiger', 'Hemdling', 'hemdetig', 'hemdig', 'hemdlich', 'hemdlings', 'im Hemd']"
Lamm,"['Hemdlammer', 'Lammen', 'anbelämmert', 'belämmert', 'hineinlammen', 'hineinlangen', 'lammen']"
nollen,"['Hemdnoller', 'Nolle']"
Schwengel,['Hemdschwenker']
trollen,['Hemdtroller']
hemmen,"['Hemme', 'Hemmung', 'abhemmen', 'einhemmen']"
Hanf,"['Henftling', 'Hänfling']"
Henkel,"['Henkeldüppe', 'eingehenkelt', 'einhenkeln', 'einhenkeln, sich']"
Henne,"['Hennegreifer', 'Hennenkraxeln', 'Hennenmutter', 'Hennenvater', 'Zundhenne']"
Koppe,"['Hennekoppen', 'Hühnerkoppen', 'abkoppen']"
her,"['Her', 'Hin-Her', 'Hin-her', 'Hin-und-Her', 'Weile her sein', 'Zeitlang her sein', 'bisslein her sein', 'dahinter her sein', 'hegeben', 'hergefallen', 'herrichten', 'hertippeln', 'herwärts', 'hin und her', 'hin und her tun', 'hin und her wissen', 'hinan-und-her-drehen', 'hinterher', 'hinterher [gehen]', 'hinterher latschen', 'hinterher schlappen', 'innenherig', 'lang her sein', 'länger her sein']"
herab,"['Herabgefallene', 'Schlappgosche herbhangen lassen', 'Schlappmaul herabhangen lassen', 'die Schnute herabhangen', 'herabbrummen', 'herabknabbern', 'herabreissen', 'herabschöpfen', 'herabsüüfeln', 'herabwärts', 'herbsäbeln', 'herbzünden']"
schrubben,"['Herausgeschrubbte', 'Schrubbe', 'Schrubber', 'abschrubbeln', 'abschrubben', 'geschrubbt', 'schrubbern']"
Herbst,"['Herbster', 'Herbstling', 'hebsteinen', 'herbsteln', 'herbsten', 'herbstlich']"
Krieche,"['Herbstkriechling', 'Säukriechling']"
Herde,['Herde Reutel']
herein,"['Hereingeflogenen', 'Reingeschleifte', 'Reinschlagen', 'her herein', 'herein herein', 'reinbinden', 'reinbringen', 'reinfahren', 'reingehauen', 'reingehen', 'reingeleuchten', 'reinhängen', 'reinlassen', 'reinschlagen', 'reinschleiern', 'reinstecken', 'reintappen', 'reintun']"
bändig,"['Heringsbändiger', 'bändigen', 'unbändig']"
schlachten,['Heringsschlächter']
Wedel,"['Heringswedler', 'Wedler', 'Wohlwedler', 'abwedeln', 'auswedeln', 'herumkuhwedeln', 'verkuhwedeln', 'verwedeln', 'wedeln', 'wegwedeln', 'wohlwedeln']"
Hermine,['Herma']
heroisch,['Heroische']
Lammers,['Herr Lammers']
Nachbar,"['Herr Nachbar', 'Nachbarin', 'Nachbarn', 'Nachbarschaft']"
Schneider,['Herr Schneider']
Vetter,['Herr Vetter']
winken,"['Herrenwinker', 'Winker', 'abwinken']"
Sankt,"['Hertscheklaus', 'Herzeklaus']"
drucksen,['Herumdruckser']
stochern,"['Herumgestocher', 'Stocher', 'Stocherer']"
hossen,"['Herumhosserer', 'Hosse', 'Hosserer', 'hossern']"
lungern,"['Herumlungerer', 'Lungerer', 'ablungern']"
scharwenzeln,['Herumscharwenzler']
streunen,"['Herumstreuner', 'Streuner', 'Streunzer', 'abstreunen', 'herumstreunern', 'streunern']"
Herz,"['Herzgepollelter', 'anherzen', 'herzig', 'herzlich', 'treuherzig', 'unbarmherzig']"
klappen,"['Herzklapperer', 'Klappe', 'Klapper', 'Klapperer', 'Klapprich', 'Scheuklappe', 'abklappen', 'beisammenklappern', 'zusammenklappen']"
still,"['Herzstillstand', 'Stille', 'Stiller', 'stillen']"
Wange,"['Herzwangiger', 'Leiterwangen']"
herum,"['Herümgestöcher', 'Rückherum', 'andersherum', 'außenherüm', 'drumherumdreden', 'drückern', 'geringsleinsherüm', 'herherum', 'hermpföteln', 'herumacken', 'herumdampeln', 'herumgicheln', 'herumgocken', 'herumliegen', 'herummausen', 'herumpanscheln', 'herumpurrern', 'herumpääpern', 'herumschauen', 'herumwuhlen', 'herumzecken', 'herüm', 'herümbalgen', 'herümbätzern', 'herümfliegen', 'herümgedreht', 'herümgegiekelt', 'herümgehen', 'herümgiekeln', 'herümhalsen', 'herümhauen', 'herümhausen', 'herümhoppern', 'herümhüpfen', 'herümjagen', 'herümkappen', 'herümkiefen', 'herümkneten', 'herümkrakelen', 'herümlangen', 'herümlaufen', 'herümmaunken', 'herümquaken', 'herümreißen', 'herümschleppen', 'herümschmieren', 'herümschnüdeln', 'herümschnüffeln', 'herümspießen', 'herümstochern', 'herümstreuen', 'herümsturen', 'herümstüreln', 'herümstüren', 'herümsuhlen', 'herümwackeln', 'herümwulgern', 'herümziehen', 'hintenherüm', 'hottherein', 'rumschnupfen', 'um und herum', 'um...herüm', 'verkehrt herüm']"
heschen,"['Hescher', 'abheschen']"
Hesselberg,['Hesselberger']
hüppsen,['Heuhüppser']
Luzia,"['Heuluze', 'Lugie', 'Luzie']"
heuer,"['Heurige', 'heurig']"
Schlosse,['Heuschleuse']
Hiefe,['Hiefelbutzen']
Hieronymus,['Hieronymus im Gehäuse']
hiesig,"['Hiesige', 'Hiesiger']"
Hildegard,['Hilde']
Limonade,"['Himbeerlimo', 'Limo', 'Zitronenlimo']"
gutzen,['Himmelsgutzer']
kühl,"['Himmelskühlung', 'Milchkühler', 'Verkühlung', 'Wetterkühlen', 'abkühlen', 'abkühlen, sich', 'ausgekühlt', 'kühlen', 'unterkühlen', 'unterkühlig', 'unterkühlt']"
hin,"['Hin', 'Hin-und-her-gehieben', 'hin', 'hingepritscht', 'hinnoppeln', 'hinwuseln', 'hinziehen, jemanden', 'hinzig', 'stellen']"
wider,"['Hin-und-wider', 'Hinundwiderer', 'Wider', 'Widerbörster', 'Widerpart falten', 'Widerrist', 'Widerspenser', 'Zuwiderer', 'Zuwidernis', 'anzuwidern', 'wider', 'widerlich', 'widerschocken', 'zuwider', 'zuwider sein']"
prellen,"['Hinabpreller', 'Preller', 'anprellen', 'aufprellen', 'derprellen', 'geprellt', 'herunterprellen', 'hinprellen', 'wegprellen', 'zusammenprellen']"
hindern,['Hindernis']
hinein,"['Hineingehiebene', 'Hineingelegte', 'Hineintreter', 'durchhinein', 'hineindividieren', 'hineinfliegen', 'hineingehieben', 'hineinheißen', 'hineinhüpfen', 'hineinlettern', 'hineinmampfen', 'hineinschlachten', 'hineinschlechten', 'hineinschpfen', 'hineinwerken', 'hineinwärts', 'hineinwärtsig', 'hineinzerren', 'hineinzusig', 'hintenhinein', 'nichts, zwingen', 'stadthineinwärts', 'zwischenhinein']"
Regen,"['Hineingeregneter', 'regnen', 'verregnet']"
reisen,"['Hingereister', 'Zugereister']"
Fritz,['Hinkefritz']
hinken,"['Hinkeler', 'Hinkender', 'Hinker', 'Hinketer', 'Hinketotsch', 'Hinko', 'hinket']"
Peter,"['Hinkepeter', 'Peterling', 'Pit']"
vorder,"['Hinter-statt-vorder', 'Vorderste', 'Vörderschere', 'hinterstvörderst', 'zuvörderst']"
Achse,"['Hinterachse', 'Ächstasche']"
Fotze,"['Hinterfotz', 'Hinterfotzer', 'Hinterfotziger', 'Hundsfotzen', 'abfotzen', 'fotzen', 'großfotzig', 'hinterfotzig', 'hinterfötzisch', 'verhundsfötzeln']"
Hose,"['Hinterhose', 'Seppelhosen', 'Spendierhosen', 'Springhosen', 'Unterhose', 'angehoselt', 'angehost', 'anhosen', 'hösen']"
Karren,"['Hinterkarren', 'Judenkarre', 'Karre', 'Klapperkarre', 'Kleesamenschubkarre', 'Metzgerskarre', 'Mistkarre', 'Pferchkarre', 'Pferchshütte', 'Pferchskarre', 'Rumpelkarre', 'Schepperskarre', 'Schiebkarre', 'Schubkarre', 'Schäferskarre', 'Säukarre', 'Unglückskarren', 'Viehkarre']"
Kipfe,"['Hinterkipf', 'Kipfen', 'Kipfendaumen']"
Nabe,['Hinternabe']
Quartier,['Hinterquartier']
Rad,"['Hinterrad', 'Radsicherungsbolzen', 'derrädert', 'einrädig', 'gerädert', 'herumradeln', 'radeln', 'rädeln', 'zwierädriger']"
Rücken,"['Hinterrücks', 'Rück', 'hinterrücks', 'hinterrücksig']"
Schild,"['Hinterschild', 'Vorderschild']"
sich,['Hintersich']
Spange,"['Hinterspange', 'Vorderspange', 'einspangen']"
Türke,"['Hinterturkistaner', 'Kümmeltürken', 'Türken', 'türken', 'türkieren', 'Öltürken']"
werden,"['Hinwerden', 'innewerden', 'irr werden', 'loswerden']"
amputieren,['Hirnamputierter']
Hirsch,['Hirschling']
Hitsch,"['Hitschenquacker', 'Nesthitsche']"
Schaft,"['Hochschäfter', 'Langschafter', 'Langschäfter', 'Langschäfterte', 'Langschäftler', 'Schaft', 'Schafte', 'Schafter', 'Schaftig', 'Schäfter', 'Schäftig', 'Stiefelschaft', 'langschäftig']"
Stapel,"['Hochstapler', 'Hochstaplerin', 'stapeln']"
melden,"['Hochzeitsmeldung', 'Voranmeldung', 'anmelden']"
bleiben,"['Hockenbleiber', 'Hockengebliebener', 'Hocketbleiber', 'Sitzenbleiber', 'Sitzengebliebener', 'Zurückgebliebener', 'ausbleiben', 'bleiben lassen', 'fortbleiben', 'gehockenbleiben', 'gesund bleiben', 'wegbleiben', 'zubleiben', 'zurückbleiben', 'zurückgeblieben', 'Überbleibig', 'Übrigbleibig', 'Übriggebliebene']"
Hof,"['Hofbauer', 'Hofer', 'Hofreite', 'hofieren', 'unhöflich']"
trauern,"['Hoftrauer', 'Katzentrauer', 'Landestrauer', 'Trauer', 'Trauernde', 'Trauriger', 'traurig']"
Rang,"['Hohlrangen', 'Kalmusrangen', 'Rangen', 'Rangerer', 'Schneerangen', 'Winterrangen', 'rangeln']"
hold,['Holde']
Holler,['Hollerbutzen']
Holle,"['Hollerpoller', 'Holleweiber']"
Holland,"['Holländer', 'Holländerweg']"
holpern,"['Holperer', 'derholpern', 'holprig', 'verholpern']"
fällen,"['Holzfäller', 'herunterfällen']"
schliefen,"['Holzschliefern', 'Schliefer', 'Schliefern']"
Honig,['Honigbutzen']
sträuben,"['Hopfenstraube', 'Sträubhaariger', 'Träubelstraube', 'aufstraubeln', 'gesträub', 'sträubhaarig', 'sträubig', 'verstraubt']"
Hopfen,"['Hopfenstößer', 'Hopfenzinke']"
hopp,"['Hoppahoppa', 'Hoppe-hoppe', 'Hoppedihe', 'Hoppela', 'Hopperer', 'Hoppla-Hoppla', 'Hoppler', 'Hoppschelle', 'Hoppscholle', 'Hopsa', 'Hopser', 'Hopserer', 'Höppser', 'Kniehoppern', 'Stoppelhopser', 'allez hopp', 'allons hopp', 'aufhoppern', 'herauf- und herunterhoppern', 'herumhoppern', 'herumhopsen', 'herumhopsern', 'hin- und herhoppern', 'hinauf- und herabhopsen', 'hinaufhopsen', 'hopp los', 'hoppa-hoppa', 'hoppe-hoppe', 'hoppeln', 'hoppern', 'hoppla', 'hopsen', 'hopsern', 'höppern', 'verhopseln']"
Horbel,['Horbler']
horgeln,"['Horgler', 'herumhurgeln', 'zusammenhorgeln']"
Hornberg,['Hornberger']
hoschen,"['Hosche', 'Höscheleisen', 'Höschler']"
bisen,"['Hosenbiser', 'anbiseln']"
pissen,"['Hosenpisser', 'verpissen']"
wetzen,"['Hosenwetzer', 'Knochenwetzer', 'Knorrenwetzer', 'Wetze', 'Wetzer', 'abgewetzt', 'abwetzen', 'anwetzen', 'durchgewetzt', 'durchwetzen', 'einwetzen', 'fortwetzen', 'gewetzt', 'hinausgewetzen', 'loswetzen', 'verwetzen', 'zusammenwetzen']"
Hospes,"['Hosperer', 'Hospler', 'hospelig', 'überhospeln']"
hott,"['Hotto', 'hottiho']"
Hubert,['Hugo']
hu,"['Huhpopel Pöpel', 'huben', 'huen', 'huhen']"
hulfteret,"['Hulfterer', 'Hulfterin']"
hullern,"['Huller', 'Hullere', 'Platzhuller', 'Schneehuller', 'aufhullern, sich', 'aushullern', 'aushüllern', 'herumhullern', 'weghullern', 'zusammenhullern']"
humpeln,"['Humpler', 'humplen']"
hundert,"['Hunderter', 'einhundert']"
schütteln,"['Hundschüttler', 'Hundsschüttler', 'Hundsschüttlerer', 'Schüttler', 'abschütteln', 'ausschütteln', 'erschüttern']"
Knops,['Hundsknoppern']
knäffen,"['Hundsknäffer', 'Knäffer', 'Knälfer', 'abknäffen', 'zuknäffen']"
Kot,"['Hundsköter', 'Lausköter']"
Pfote,"['Hundspföteln', 'Katzenpfoten', 'Linkspfotner', 'Pfoten', 'Pfotsche', 'Pfotzern', 'Pfötcheln', 'Pföteln', 'Pfötscheln', 'Samtpfoten', 'Säupfotsche', 'anpfoteln', 'herumpföteln', 'pfötscheln']"
motzen,"['Hungermotzer', 'Motzer', 'anmotzen']"
Hure,"['Huren', 'herumhuren', 'huren']"
Finne,"['Hurenfinnen', 'finnig']"
husch,"['Husch kriegen', 'Husch-die-Wachtel', 'Husche', 'Huscheln', 'Huscher', 'Huscherer', 'Huschler', 'einhuscheln', 'einhuschern', 'huschelig', 'huscheln', 'huschern', 'zusammenhuscheln']"
hussen,"['Husser', 'Husserer', 'Hussler', 'Hüsser', 'forthussen', 'hussern', 'hüsserig', 'loshussen', 'wuselig-husselig']"
Hutzel,"['Hutzleter', 'Zusammengehutzelter', 'hutzelig', 'hutzeln', 'hutzlig', 'hützelig', 'verhutzelen', 'verhutzeln', 'verhutzelt', 'verhutzet', 'zusammengehutzelt']"
Häpper,"['Häberling', 'Häppere', 'Häpperin', 'Häpperling', 'Häppin', 'Schafhäberling', 'Schafshäberling', 'happern', 'heppetig', 'hinabhäppern', 'häppern']"
Häppe,"['Häpper', 'Reuthäppe']"
Hutsch,['Hätschin']
Hausen,"['Häusner', 'anhausen']"
forschen,['Höhlenforscher']
Hölle,"['Hölleweg', 'beihöllern']"
rodeln,['Hörnerrodler']
zwingen,"['Hühnerzwinger', 'Zwinge', 'Zwinger', 'abzwingen', 'anzwingen', 'aufzwingen', 'bezwingen', 'derzwingen']"
Hünkel,['Hünkedorn']
Huppel,['Hüppsel']
Imbiss,['Imbisshalle']
Seim,['Immenseimer']
in,"['In-die-Glotze-Schauen', 'In-die-Kirche-Rumpeln', 'ind']"
infam,['Infamer']
Fieder,['Ingefieder']
Gereusch,"['Ingereusch', 'Ingereuschig']"
inwendig,['Innenwendige']
innen,"['Innere', 'Inneres', 'Inneriges', 'Innerseite', 'innen her', 'inner', 'inneres', 'innerig', 'innerlich', 'innerst', 'innig', 'inwendig']"
inner,"['Innerwendig', 'innerwendig']"
Unschlitt,['Inschlitt']
irren,"['Irre', 'Irrer', 'irr', 'irrlich']"
Licht,"['Irrlicht', 'Lichte', 'Lichten', 'Lichter', 'Lichtung', 'Schlusslichtler', 'Waldlichtung', 'auslichten', 'lichten']"
Ischa,['Ische']
Issigau,['Issigauer']
Italien,"['Ita', 'Itaker', 'Italiano', 'Italiener', 'Italio']"
Isaak,['Itzig']
Johanes,['Ivo']
Jakob,['Jakoberer']
Japan,['Japse']
Jäst,"['Jast', 'göschern', 'jäsen']"
Jesus,"['Jesuitenschlappen', 'Jesus nein']"
Henriette,['Jetta']
Joseph,['Joffer']
Josef,"['Joseferer', 'Sepper']"
Josephine,['Josephina']
juchzen,"['Juchzer', 'abjuchzen']"
Jude,"['Juden', 'wie ein Judenstier saufen']"
Jugoslawe,['Jugos']
Juliana,['Juliane']
Julius,['Julie']
Juppe,['Juppenfutter']
Justina,['Justine']
jäh,"['Jäher', 'jähling', 'jählings']"
taufen,"['Jähtaufe', 'Kindstaufe', 'Pfingsttaufe', 'Taufe', 'getauft', 'umtaufen', 'verkehrt taufen']"
Januar,['Jänner']
Groppe,['Kaffeegroppen']
luren,"['Kaffeelure', 'abluren', 'aufluren', 'beluren']"
Kafruse,['Kafruser']
Kahl,['Kahler']
Kahm,"['Kahn', 'Kahne', 'Kahnig', 'Kähn', 'angekahnt', 'kahmig', 'kahneinen', 'kahnig']"
Kalesche,['Kaleschkarrn']
Sophia,"['Kalte Sofie', 'Sofern', 'Soffe', 'Sophie']"
Kamerun,['Kameruner']
Kandis,['Kander']
Kanne,['Kanneln']
nichts,"['Kannnichtser', 'Kannnichtserin', 'Nichtser', 'Taugenichta', 'nichts sein', 'nichtsig', 'nichtsnutzig']"
kapfen,['Kapfer']
Kapotte,['Kaposter']
Kappe,"['Kappeln', 'Kapper', 'Leck-mich-am-Arsch-Kapplein', 'Verschlusskappe', 'abgekappt', 'abkappen', 'abkappseln', 'herumkappen', 'kappeln']"
karessieren,['Karessant']
Karlina,['Karline']
Karolina,"['Karolin', 'Line']"
Karla,['Karoline']
Karrette,"['Karrettsche', 'Karrutsche']"
Krapfen,"['Kartoffel Krapflein', 'Rohe Grundbirnenkräpflein']"
Kartoffel,"['Kartoffelbaunze', 'Kartoffeldämpesse', 'Kartoffelklößescheiben', 'Kartoffeln', 'Kartoffelsklöße', 'Kartoffelsreisig', 'Kartoffeltätscher', 'Legkartoffeln', 'Saukartoffeln', 'Säukartoffeln', 'gedämpfte Kartoffeln', 'geröstete Kartoffeln', 'rohe Kartoffelküchlein']"
Kasse,"['Kassierer', 'kassieren']"
kastrieren,"['Kastrat', 'Kastrierter']"
kastriert,['Kastrierte']
Kasserolle,['Kastrol']
katholisch,"['Katholik', 'Katholikerer', 'Katholischer', 'Katolischer']"
Kattun,['Kattuner']
Peterlein,['Katzenpeter']
pochen,"['Katzenpocher', 'Pocher', 'Pocherer', 'Ratzenpocher']"
Pratze,"['Katzenpratsche', 'aufpratzen']"
renken,"['Katzenrenker', 'Leuchsenrenker', 'Renker', 'Renkstangenring', 'Scherrenker', 'verrenken']"
schächten,"['Katzenschächter', 'Krackenschächter', 'Krappenschächter', 'Krähenschächter', 'Krötenschächer', 'Krötenschächter', 'Krötenschächterer', 'Rabenschächter', 'Schächter', 'Schächterer', 'abschächten', 'schächtern', 'zusammenschächtern']"
verstehen,"['Katzenverstand', 'Verstand', 'selbstverständlich, natürlich', 'verständigen']"
Kaukasus,['Kaukasier']
Kaventsmann,['Kaventser']
Kegel,['Kegeln']
Kehle,"['Kehlicht', 'Kehlig', 'unrechte Kehle', 'verkehrte Kehle']"
Keim,"['Keimling', 'abkeimen', 'ankeimen', 'aufkeimen, sich', 'entkeimen', 'vorkeimen']"
kein,"['Keine', 'keine', 'keinen', 'keiner']"
Matz,"['Kellermatze', 'Mätze', 'matzen']"
Rappen,"['Kellerrappe', 'berappen']"
Kelter,"['Keltern', 'keltern']"
Kern,"['Kernige', 'Kerniger', 'Kernreiter', 'auskerneln', 'auskernen', 'entkernen', 'kernen', 'kernig', 'kernige']"
Keuper,"['Keuperlettenboden', 'kieferig']"
Kiebitz,"['Kiebitzer', 'kiebitzen']"
Kiefer,['Kiefernadeln']
Kien,"['Kienschleiße', 'kienig']"
Schleiße,"['Kienschleißen', 'Kälberschleißen', 'Papierschleisse', 'Schleißen', 'Schleißenbüttner', 'Schleißing', 'anschleißen', 'aufgeschleißt', 'aufschleißen', 'geschleißt', 'mach ein wenig Schleißen', 'schleißen']"
wiegen,"['Kinderswiege', 'Kinderwiege', 'Kindwiege', 'Safranwieger', 'Wiege', 'mitwiegen', 'zusammenwiegen']"
zechen,"['Kindleinszeche', 'Kindszeche', 'Marktzecher', 'Zeche', 'Zecher']"
Hirte,['Kindshirtin']
Kipf,"['Kipfe', 'Kipflein-Stölle']"
Stolle,"['Kipflein-Stöllein', 'Kirchweihstollen', 'Kümmelstollen', 'Rindsstollen', 'Sensenstollen', 'Stollen', 'Stöllerich', 'gemischte Stöllein']"
kippeln,"['Kippler', 'kippen', 'kippern']"
Kirche,"['Kirchegehen', 'Kirmesemaien']"
Kirchenlamitz,['Kirchenlamitzer']
Kissingen,['Kissinger']
Klaffer,"['Klaffe', 'Mittelklaffe', 'Seitenklaffe', 'Waagklaffe']"
Klafter,"['Klafterin', 'klafterig', 'kläftern', 'verklaftern', 'verkläftern']"
klampern,['Klampfe']
klar,"['Klare', 'Klarer', 'Kriegserklärung', 'Liebeserklärung', 'aufklären', 'klären']"
Tier,"['Klauentiere', 'Rentier', 'Tierin', 'Untier']"
klauen,['Klauer']
Klecks,"['Kleckser', 'Tintenkleckser', 'Vollkleckser', 'hinankleksen']"
streuen,"['Kleestreuer', 'Pfefferstreuer', 'Salzstreuer', 'Streuer', 'Streuselpfiffer', 'abstreuen', 'gestreut', 'herumstreuen', 'hinstreuen', 'streudern', 'verstreuen', 'zerstreuen', 'zerstreut']"
klein,"['Kleine', 'Kleiner', 'Kleinigkeit', 'Kleinste', 'Kleinster', 'Leute', 'klein werden', 'kleine', 'kleine Bäume', 'kleiner', 'kleiner Beißer', 'kleiner werden', 'kleinerweise', 'kleingeschnitten', 'kleinlich', 'verkleinern', 'zerkleinern']"
klettern,"['Kletter', 'Kletternatter']"
klicken,['Klicker']
klippern,['Klipperer']
Kloben,"['Klobe', 'klobig']"
Klo,"['Klopapier', 'Klosettpapier']"
Kloster,['Kloserbirne']
klunken,"['Klunker', 'Klunkere', 'Klunkern', 'klunkern']"
kläffen,"['Kläffer', 'kläfftern', 'verkläffen']"
Nikolaus,"['Kläusen', 'Nico', 'Nikläuser', 'Nikol', 'abnickeln', 'ausnickeln']"
Klüpfel,['Klöpper']
knacken,"['Knacker', 'Knackser', 'Knäcker', 'Steinknacker', 'abknacken', 'abknacken, sich', 'abknackern', 'abknackseln', 'abknacksern', 'anknacken', 'anknäckeln', 'aufknacken', 'knacksen', 'verknacksen', 'verknacksen, sich']"
knappen,"['Knapper', 'Knapperer', 'Knapperich', 'Knappeter', 'Knapser', 'Knäpper', 'abknappeln', 'abknappen', 'abknapsen', 'abknapsen, sich', 'abknäpsen', 'knapsen', 'knapsig', 'zusammenknapsen']"
knapp,['Knappler']
knatschen,"['Knatscher', 'Knätscher', 'anknatschen']"
knauken,['Knauker']
Kneipp,"['Kneipper', 'Kneipperer']"
Fiesel,"['Kniefiesler', 'abfieseln', 'auseinanderfieseln', 'ausfieseln', 'fieseln', 'herumfieseln']"
knippen,"['Knipperer', 'Knipser', 'Knipserer', 'abknipsen', 'knippsig', 'knipsen', 'knipserig', 'knipsig']"
Knoblauch,['Knobeline']
polieren,"['Knochenpolierer', 'Schuhpolitur']"
Knochen,"['Knochentreter', 'abknochen', 'einknochen', 'mit Haut und Knochen', 'zusammenknochen']"
Knock,"['Knocker', 'Steinknocken']"
Rahmen,"['Knopflochumrahmung', 'einrahmen']"
Knaup,['Knoppe']
Knorren,"['Knorrer', 'knorrig', 'knorrnig']"
Knorz,"['Knorzen', 'Knorzer', 'Knörze', 'Verknorztes', 'knorzen', 'knorzig', 'knörzig', 'knörzlich']"
knuffen,"['Knubber', 'abknuppen', 'aufknuppen']"
knarren,"['Knärrling', 'abknarren']"
knüpfen,"['Knüpfer', 'aufknüpfeln', 'aufknüpfig', 'verknüpfter', 'zuknüpfen']"
Herd,['Kochherdstange']
Mangold,"['Kochmangold', 'Mangol']"
Kohle,"['Kohleeisen', 'Steinkohlenwagen', 'angekohlt', 'verkohlen', 'verkohlt']"
Kohl,"['Kohlkaude', 'ankohlen', 'kohlen']"
Kaute,['Kohlkaute']
Gemüse,['Kohlstielgemüse']
koksen,"['Koks', 'ankoksen']"
Kolmsdorf,['Kolmsdorfer']
komisch,"['Komische', 'Komischer']"
Kommando,"['Kommanderin', 'kommandieren']"
morgen,"['Komme-ich-heute-nicht-komme-ich-morgen', 'Komme-ich-heute-nicht-komme-ich-morgen-Galopp', 'morgens']"
kommod,"['Kommode', 'Küchenkommode', 'unkommod']"
Kommune,['Kommunerer']
Schritt,"['Kommunschritt', 'Schritzer', 'alle Schritt lang', 'alle Schrittlänge']"
Komplize,['Komplizin']
Konrad,"['Konda', 'Koner', 'Kuner', 'Ratte']"
Kondrau,['Kondrauer']
konfirmieren,['Konfers']
Konfirmand,['Konfirmandenprüfung']
Konsorte,['Konsorten']
kosten,"['Kost', 'Kostbarkeit', 'kostenlos']"
Krack,"['Kracke', 'Krackeler', 'Kracken', 'Kracker', 'Krackerer', 'Krackler', 'Krackse', 'Kracksler', 'Zusammengekracketer', 'krocksen']"
Hut,"['Krackenhüter', 'Zuckerhutpapier']"
weit,"['Kragenweite', 'Oberweite', 'Weite', 'Weiting', 'Weitling', 'ausweiten', 'erweitern, sich', 'nicht meine Kragenweite', 'weit bringen', 'weit hinein', 'weitläuftig']"
Krain,['Krainer']
Probe,"['Krallen probieren', 'probieren']"
Kratte,['Krattler']
wecken,"['Krautwecker', 'Stehwecker', 'Wecker', 'aufgeweckt', 'aufwecken', 'ausgeweckt']"
Wurm,"['Krautwürme', 'wurmen', 'wurmesig', 'wurmig', 'würmen']"
Krawall,"['Krawaller', 'Krawallerin', 'Krawallin', 'aufkrawallen', 'gekrawallen', 'krawallen', 'krawallieren', 'loskrawallen']"
Schuster,"['Krawallschusterin', 'dahinschustern', 'drauflosschustern', 'hineinschustern', 'krawallschustern', 'schustern', 'zusammenschustern', 'zuschustern']"
Krawatte,['Krawatten']
kraxeln,['Kraxler']
krickeln,"['Kreckler', 'Kricker', 'Krickler']"
Kreuz,"['Kreuze', 'Kreuzer', 'Kreuzing', 'Kreuzotterer', 'Kreuzung', 'Straßenkreuzung', 'Wegkreuz', 'Wegkreuzing', 'Wegkreuzung', 'ankreuzen', 'kreuzen']"
krimmen,"['Krimmer', 'Krimmler', 'Krümmer']"
Kronach,['Kronacher']
Kruck,['Kruckserin']
Krummbach,['Krummbacher']
krumm,"['Krummer', 'Krümme', 'Krümmling', 'Krümmung', 'Rohrkrümmung', 'krummer', 'verkrummt']"
Krupp,['Krupper']
Krampf,"['Krämpfe', 'Krämpfer', 'ankrampfen', 'ankrämpfen', 'krampfen', 'krampfig', 'krämpfig']"
Kröte,"['Kröten', 'Krötling']"
kitzeln,"['Krötenkitzer', 'kitzlig']"
krügen,['Krüge']
Krüppel,"['Krüppelmagen', 'verkrüppeln', 'verkrüppelt', 'zusammenkrüppeln']"
Pritsche,"['Kuhpritscher', 'Kuhpritschler', 'Kühpritscher', 'Pritschenella', 'Pritschenwagen', 'Pritscher', 'Pritschwagen', 'eingepritscht', 'gepritscht', 'hinpritschr', 'pritscheln']"
kullern,"['Kullast', 'herumkollern', 'umlullern']"
Kulmbach,['Kulmbacher']
Kult,"['Kultivierer', 'Kultur', 'Kulturer', 'Musterkultur', 'Unkultivierter', 'einkultivieren', 'kultivieren', 'kulturen', 'unkultiviert']"
Kunde,"['Kundschaft', 'Laufkundschaft', 'Marktkunden', 'Stammkundschaft']"
Dung,"['Kunstdünger', 'abdüngen', 'dungerig', 'dungrig', 'düngen']"
Kuppel,"['Kuppeln', 'abkuppeln', 'aufkuppeln']"
kurant,"['Kurante', 'kuranzen']"
kurios,['Kurioser']
kurz,"['Kurzen', 'Kurzer', 'erst kürzlich', 'kurz zuvor', 'kürzen', 'kürzlich', 'vor Kurzem', 'vor kurzer Zeit', 'vor kuzer Zeit']"
kusch,"['Kuscher', 'abkuscheln', 'einkuscheln']"
Kuttel,['Kutteln']
Schelle,"['Kuttenscheller', 'Schellen', 'abgeschellen', 'abschellen', 'anschellen', 'ausherschellen', 'backschellen', 'herausschellen', 'maulschellen', 'maulschellieren', 'mauschellen', 'mauschelliere', 'schellen', 'schellern', 'schellig', 'totschellig']"
kuttern,"['Kutterer', 'kutterig']"
Schlotz,"['Kälberschlutzen', 'Reitschlutzen', 'Schlonze', 'Schlutzer', 'Tragschlonze', 'schlutzen']"
kappen,"['Käppete', 'verkappen', 'zukappen']"
Käse,"['Käser', 'alter Käse', 'käsig']"
Kauz,['Käuze']
Königshofen,['Königshöfer']
können,"['Könner', 'Laufen-kann-er', 'Nichtskönner', 'ankönnen', 'auswendig können', 'herunterkönnen', 'mitkönnen']"
Küche,['Küche machen']
Kümmel,"['Kümmelling', 'Kümmelpflanze', 'Kümmig', 'ankümmeln', 'aufkümmeln', 'kümmeln']"
Kürass,"['Kürassier', 'kürassieren']"
labil,['Labile']
Lack,"['Lackierter', 'gelackt']"
horchen,"['Ladenhorcher', 'abhorchen', 'aushorchen', 'hinhorchen', 'zuhorchen']"
lahm,"['Lahme', 'Lahmer', 'Lahmerschappen', 'Lahmselige', 'herumlahmsen']"
Lahn,['Lahnig']
Laib,"['Laiber', 'geschnittene Laiblein', 'römische Laiblein']"
Laich,['Laicher']
Lamech,"['Lamecher', 'Lamecherin']"
Wirt,"['Landwirtschaft', 'Milchwirtschaft', 'Sauwirtschaft', 'Vetterleswirtschaft', 'Wirtschaft', 'Wirtsheiner', 'abwirtschaften', 'draufloswirtschaften', 'umeinanderwirtschaften']"
Hals,"['Langhalseter', 'Langhalsiger', 'abhalsen', 'aufhalsen', 'dürrhalsig', 'halsen', 'herumhalsen', 'umhalsen', 'unrechter Hals', 'verkehrter Hals']"
Großlangheim,"['Langheimer', 'Lengheimer']"
schlafen,"['Langschläfer', 'Schlafer', 'Schlaferer', 'Schlafete', 'Schlafläuse', 'Schläfer', 'Siebenschläfer', 'Verschlafenes', 'Zweischläfrige', 'Zweischläfriger', 'ausschlafen', 'beschlafen', 'eingeschlafen', 'einschlafen', 'schläfrig', 'verschlafen', 'zweischläfrig']"
Weile,"['Langweiler', 'Warte-ein-Weilchen', 'Warte-ein-Weilein', 'Warte-ein-Weillein', 'aberweil', 'alle kleine Weile', 'derweil', 'derweilen', 'einerweil', 'einstweil', 'einstweilet', 'einstweilig', 'einweil', 'einweile', 'einweilen', 'einweils', 'langweilig', 'mittlerweile', 'unweilig', 'vorderweil', 'weilig', 'weilig weilig']"
Lankendorf,['Lankendorfer']
lasch,"['Lasche', 'Lascher', 'Lascheter']"
Laub,"['Laube', 'Lauber', 'Lauberig', 'Laubig', 'Laubkarren']"
lauschen,"['Lauscher', 'Luscher', 'ablauschen', 'ausbelauschen', 'verlauschen', 'verluschen', 'weglauschen']"
laut,"['Laute', 'Vorlaute', 'Vorlauter', 'lauten', 'vorlaut']"
laxieren,"['Laxierung', 'ablaxieren', 'auslaxieren']"
leer,"['Leere', 'Leerigkeit', 'ableeren', 'ausleeren', 'geleert', 'hinunterleeren']"
Lefze,['Lefzen']
Leib,"['Leibhaftiger', 'Sandsteinleibung', 'am Leib haben', 'derlaibelt', 'derleibeln', 'derleibelt', 'derleibet', 'entleiben', 'leibhaftig', 'leiblich']"
Leiche,['Leicht']
leicht,"['Leichte', 'unbeschwert, ohne Anstrengung']"
Leinach,['Leinacher']
Leipzig,['Leipziger']
Leist,['Leisten']
leisten,"['Leistung', 'ableisten']"
Sprosse,"['Leitersprossen', 'Sprossen', 'Sprösselwagen']"
Leonhard,"['Len', 'Leo']"
lendlos,['Lendloser']
Lengfeld,['Lengfelder']
Huf,"['Lenkhufer', 'hufen', 'hüfhin']"
Lenz,"['Lenze', 'Nasslenze', 'Wasserlenze', 'lenzen', 'lenzig', 'vorlenzen']"
Lettenreuth,['Lettenreuther']
liederlich,"['Liederer', 'Liederliche', 'Liedrian', 'heruntergeliedert']"
Liliput,"['Liliputaner', 'Liliputanerin']"
Dotsch,"['Linkdotsche', 'Linkdotscher', 'Linkendotscher', 'Linkerdotsche', 'Linkerdotscher', 'Linksdotscher', 'linksdotschig']"
link,"['Linke', 'Linker', 'Linkischer', 'Linkpfote', 'Linkser']"
Linse,"['Linsen', 'Wasserlinsen']"
Lippe,['Lippenschlapper']
Philipp,['Lipper']
Lisberg,['Lisberger']
Lobenstein,['Lobensteiner']
loben,"['Lober', 'fortloben', 'lobern']"
lodern,"['Loderer', 'auflodern', 'verlodeln', 'verlodern', 'verlogern', 'weglodern']"
Lohr,['Lohrer']
Lokomobil,['Lokomobile']
mobil,"['Lokomobilist', 'Mobiliar', 'Per-Pedes-Mobile']"
Lotto,"['Lotterie', 'anlotterieren', 'lotteln', 'lotten', 'lotterieren', 'lottern', 'lotton']"
Luder,"['Ludrian', 'Zerrluder', 'herumludern']"
Luft,"['Luft haben', 'Luftböcke', 'Lüfter', 'eingesperrte Luft', 'in die Luft', 'lüften', 'lüftig']"
heraus,"['Luft, herausfahren', 'Luft, herausgehen', 'Luft, herauspfeifen', 'Luft, rausgehen', 'aus sich heraus', 'herausacheln', 'heraushusten', 'herauskriegen', 'herauslöckeln', 'herausmarken', 'herausschnecken', 'herausstecken', 'herauswamen', 'herauszobeln', 'heraußen', 'heruassteinen', 'herumknelfen', 'mit der Sonne heraus']"
Pest,"['Luftverpester', 'verpesten']"
Luise,['Luisa']
sammeln,['Lumpensammler']
lundern,"['Lunderer', 'ablundern', 'abplundern', 'auflundern', 'herunterlundern', 'verflundern', 'verlundern', 'weglundern']"
lurz,"['Lurze', 'Lurzer']"
lusen,"['Luser', 'Zulusen', 'ablusen']"
Lärm,"['Lärmerin', 'lärmen', 'lärmentieren', 'lärmern']"
lättern,"['Lätterer', 'auflättern', 'hinlättern', 'zusammengelättert']"
Allee,['Läusbahn']
Mädchen,"['Madeline', 'Mädleinsgackerer', 'Mädleinsläuse']"
Ruin,"['Magen ruinieren', 'ruinieren']"
stimmen,"['Magenverstimmung', 'Stimmung', 'verstimmt', 'zustimmen']"
mager,"['Magere', 'abmagern', 'herabmagern']"
mögen,"['Magst-mich-Mäschel', 'Magst-mich-Mäschlein', 'abmögen', 'gehaben mögen', 'magst-Du-mich-Mäschlein', 'mögerlich', 'vermögen']"
Schlips,['Magst-mich-Schlipsel']
mahlen,"['Mahlig', 'Müllermahler', 'Papiermühle', 'durchmahlen', 'gemahlen', 'heruntermahlen']"
Main,"['Mainkreischer', 'Untermain']"
Mainz,['Mainzer']
Mais,"['Maishaare', 'Maispuppenhaar']"
makeln,"['Makler', 'Weibermakler']"
Mamme,"['Mammwerk', 'Mämmer', 'mammen', 'mampen']"
mangen,"['Mange', 'einmangen', 'hinmangen', 'vermangen']"
Amanda,['Manne']
Markus,['Marco']
Marina,['Maren']
Margarete,['Margeriten']
Marius,['Mario']
Marketender,['Marketenderin']
markieren,['Markierung']
Markt,"['Markt machen', 'Marktler', 'einmarkten', 'einmärkeln']"
Marlene,['Marlen']
Marotte,['Marotten']
Marter,"['Marterig', 'Marterin', 'abmartern', 'martern']"
Martin,['Martiner']
maskieren,['Maskera']
Maske,"['Maskerer', 'Verbrechermaske']"
Massel,"['Massel haben', 'Massler', 'masseln', 'vermasseln', 'vermassern']"
Massematte,['Massematten']
massiv,['Massive']
matt,"['Mattbier', 'abgemattet', 'dermattet']"
Matte,"['Matten', 'angemattet']"
Matze,['Matzen']
Morchel,"['Mauerraucher', 'Mauerschwammer']"
Mauer,"['Mauerschwelle', 'einmauern', 'mauern']"
Fuge,['Maul anfügen']
Trommel,"['Maultrommler', 'Trommeln', 'antrummen', 'auftrommeln', 'austrommeln', 'getrommelt', 'herabtrommeln', 'trommeln', 'volltrommeln']"
Falle,"['Mausefallenmacher', 'Mausefallenträger']"
Maximilian,['Maxe']
Mechanik,['Mechaniker']
schmelzen,"['Mehlschmelze', 'Schmelze', 'verschmelzen']"
schwitzen,"['Mehlschwitze', 'Mehlschwitzig', 'Schwitze', 'Schwitzla', 'Schwitzquelle', 'durchschwitzen', 'verschwitzen']"
Mehl,"['Mehlsäcke', 'Melber', 'Nachmehl', 'gebackene Knödelein', 'mehlgebackene Klöße', 'mehlig']"
mein,"['Meine', 'meine', 'meinen', 'meiner']"
verschieden,['Meinheitsverschiedenheit']
meinen,['Meinung']
Meißen,['Meißener']
Melter,['Meltere']
menen,"['Mene', 'Mener', 'abmenen']"
Mensch,"['Menscher', 'Menschern', 'Menschheit', 'Unmensch', 'menschlich', 'unmenschlich']"
unter,"['Mergelunterlage', 'Unterkleider', 'Untern', 'Unterrig', 'Unterschürzer', 'jemanden unter der Fuchtel haben', 'untere', 'unteres', 'unterhalten, sich', 'unterm', 'unterrichten', 'unters nächt', 'untersetzt', 'untersich', 'unterstellen', 'untertänig', 'unterwüchsig', 'Ünterwagen']"
Methusalem,['Methusalja']
mickrig,"['Mickrige', 'Mickriger']"
Minz,"['Mieze', 'Minze', 'kramaunzen', 'maunzen', 'mauzen', 'miezi miezi']"
Miltenberg,['Miltenberger']
miserabel,"['Miserabler', 'miserabelig', 'miserabler Magen', 'miserablig']"
Mist,"['Miste', 'Mistschrenze', 'ausmisten', 'hundsmistig', 'misten', 'mistig']"
Mitteleschenbach,['Mitteleschenbacher']
Woche,"['Mittwoch', 'Mittwochneu', 'vorige Woche']"
Mockel,"['Mockel der Fichte', 'Mockelbätze', 'Mockeln', 'Mockler', 'abmockeln', 'aufgemockelt', 'dreckmockeln', 'herummockeln', 'kleine Mockelein']"
modern,['Moderner']
mogeln,"['Mogler', 'abmogeln', 'anmogeln']"
Mohammed,['Mohammedaner']
Mohn,"['Mohnstölle', 'Mohnwecken']"
Mohr,['Mohro']
Molke,['Molken']
Molla,"['Molle', 'Moller', 'Mollete', 'Mollige', 'mollig']"
Moltwerf,['Moltwerfer']
Molukken,['Molukke']
Farm,['Mondscheinfarmer']
Moos,"['Moosig', 'Mösig', 'Streumoosig', 'moosen', 'moosig']"
Mop,['Moppe']
Mopp,"['Mopper', 'Möpper', 'einmoppen', 'moppelig', 'moppeln', 'möppern']"
Mops,"['Mopser', 'Möpse', 'anmopsen', 'anmopsen, sich', 'mopsen']"
More,['Mora']
Maramme,['Morammer']
Kommerz,['Mordskommerzig']
mosern,['Moserer']
Most,"['Moster', 'Mostig', 'Mostäpfeln', 'mostig']"
mucken,"['Muckler', 'Mücker', 'aufmucken', 'aufmucken, sich', 'mucksen', 'mucksig']"
mucksen,"['Muckser', 'Mucksiger', 'aufmucksen']"
muff,"['Muffeln', 'anmuffeln', 'anmuffeln, sich', 'anmuffen', 'anmuffen, sich', 'einmuffeln', 'einmuffeln, sich', 'einmuffen', 'einmuffen, sich', 'muffeleinen', 'muffelig', 'muffeln', 'muffen', 'muffern', 'muffig', 'mufflen', 'mufflig', 'müffeln', 'müffen', 'müffern', 'müffig']"
muffen,"['Muffeter', 'muffköpfig']"
Mulde,['Multer']
Muselmane,['Muselmann']
Musik,['Musikant']
Schule,"['Musterschüler', 'Reitschule', 'Schulschwammer', 'Schüler', 'Wiederholungsschüler']"
Mutter,"['Muttertanne', 'Schwiegermutter', 'muttern', 'mütterlich']"
Wille,"['Mutwillen', 'Willen', 'beim besten Willen', 'freiwillig', 'mutwillig']"
Mutze,"['Mutzen', 'anmutzeln', 'anmutzen', 'anmutzen, sich', 'aufmutzen', 'einmutzeln', 'einmutzen', 'einmutzen, sich', 'zusammenmutzen']"
#?ThWB,['Mähe']
#Mann,['Männer']
Märe,['Mär']
März,"['Märzenbüsche', 'ausmerzen', 'merzen', 'märzen']"
Müll,"['Müllabfuhrmänner', 'Müller', 'Müllerer', 'Müllmänner', 'Müllo']"
kippen,"['Müllkipper', 'abkippen', 'herumkippeln', 'umkippen']"
Ratte,"['Müllratzen', 'Ratten', 'Rattler', 'Ratzer', 'rattig']"
Münchberg,['Münchberger Gneislinse']
mürb,"['Mürbe', 'mürbe', 'mürbig']"
murren,"['Mürrischer', 'murrtig']"
Muße,['Müßigmann']
Amahd,['Nachamahd']
nach,"['Nachgraben', 'Nachsitzer', 'Nächste', 'affertnach', 'fortnach', 'hinter nach[gehen]', 'hinternach', 'kurz nacheinander', 'nach', 'nach [gehen]', 'nach gehen', 'nach oben', 'nach und nach', 'nachander', 'nachet', 'nachhingehen', 'nachrechnen', 'nachstellen']"
Kaffee,['Nachmittagkaffee']
Vesper,"['Nachmittagsvesper', 'Nachmittagvesper', 'Vespere', 'Vespern', 'Vormittagvesper', 'vespern']"
Schwarm,"['Nachschwarm', 'Schwärmer', 'schwärmen', 'umschwärmen']"
Speise,"['Nachspeise', 'Speisekalter', 'Speisen', 'mitspeisen', 'speisen']"
Rabe,['Nachtraben']
Traum,"['Nachtträumer', 'Tagträumer', 'Traumer', 'Traumerin', 'Traumtänzer', 'Träumende', 'Träumer', 'Träumerin', 'dahinträumen', 'für sich herträumen', 'hinanträumen', 'hineinträumen', 'traumen', 'träumen', 'vertraumen', 'vertraumt', 'verträumt']"
Weide,"['Nachweide', 'Weidling', 'weidig']"
nackt,"['Nackedeuter', 'Nackete', 'Nacketen', 'Nacketer', 'Nackiger', 'Nackter', 'nacketig', 'nackig']"
Nadeschda,['Nadine']
nähren,"['Nahrung', 'Volksnahrung', 'dernähren', 'ernähren']"
Nankendorf,['Nankendorfer']
Narr,"['Narrete', 'Narreter', 'Narrische', 'Narrischer', 'Närrete', 'Närreter', 'Närrin', 'Närrische', 'Närrischer', 'Putznärrin', 'abgenarren', 'abnarren', 'abnärren', 'annarren', 'aufnarren', 'aufnarrieren', 'ausnarren', 'herumnarren', 'mannsbildernarrig', 'narren', 'narrlich', 'närrischer Mann', 'vernarren', 'vernarrt', 'vernärrt', 'von Narren halten']"
klemmen,"['Nasenklemme', 'Nasenklemmer', 'eingeklemmt', 'verklemmen']"
stieben,"['Nasenstüberer', 'Stieberer', 'auseinanderstieben']"
nass,"['Nassauer', 'Nasser', 'Nässe', 'nasserig', 'nässen']"
gären,"['Nassgärung', 'untergärig']"
Näste,['Nast']
Natter,['Nattern']
werben,"['Nebenerwerber', 'Nebenerwerbler', 'Nebenwerbler', 'Sonnenwerbe', 'Werbe', 'Wirbler', 'umwerben']"
hinaus,"['Nebenhinausgockerer', 'darüberhinausschreiben', 'herausschießen', 'hinaus sein', 'hinausdolern', 'hinausstäubern', 'hinauswetzen', 'hinauswärts', 'hinauszahlen', 'nebenhinauspoussieren', 'nebenhinausspringen']"
Bimbo,['Negerbimber']
Pipe,['Negerpiper']
Neid,"['Neider', 'Neidhacken', 'futterneidig', 'neiden', 'neidig']"
nennen,"['Nenner', 'annennen']"
Nerv,"['Nerven', 'Nerven haben', 'nerven', 'nervös']"
nesteln,['Nestelschnur']
Anlage,['Neuansaat']
neu,"['Neue', 'Neuer', 'Neuigkeit', 'Neuling', 'neue', 'neuerdings', 'neuerlich']"
neun,"['Neune', 'Neuner', 'Neunundneunziger', 'elfundzeunzig', 'halbe neune', 'neune']"
klug,"['Neunmalkluge', 'Neunmalkluger']"
Neuseß,['Neuseßer']
Neustadt,['Neustädter']
taugen,"['Nichtstauger', 'Nichtstaugeter', 'Nichtstäuger']"
nieder,"['Niedere', 'erniedrigen', 'niedergehen', 'niederhauen', 'niederstricken', 'niedertreiben']"
niedlich,['Niedliche']
niffen,"['Niffer', 'abniffeln', 'abnifften', 'aufgeniffen', 'durchniffen', 'durchnifften']"
Neger,['Nigo']
nippen,"['Nipfer', 'Nipper']"
nissig,"['Nisser', 'Nissiger']"
nobel,"['Noble', 'Nobler']"
Nord,"['Norden', 'Nordischer', 'nördlicher']"
wallen,"['Nudelwaller', 'Waller', 'Wallung', 'aufwallen', 'auswallen', 'auswällen']"
nah,"['Nähe', 'genah', 'nahe', 'nahedran']"
Nürnberg,['Nürnberger']
Ambach,['Oberambacher']
Oberammergau,['Oberammergauer']
Glanz,"['Oberglänzer', 'ausglänzeln', 'glänzen']"
Oberhaid,['Oberhaider']
ober,"['Oberste', 'Obersten', 'oberstöckig', 'Öberste', 'öbern']"
obstinat,['Obstinater']
Offenbach,['Offenbacher']
Schmied,['Ohrengeschmeide']
schnellen,"['Ohrenschneller', 'anschnellen', 'zurückschnellen']"
Ohrntal,['Ohrntaler']
Watsche,"['Ohrwascheln', 'abwatscheln']"
Ulrich,['Oller']
Orden,"['Ordnung', 'ordentlich']"
Ort,"['Ortschaft', 'anderenort', 'keinorten']"
Ostern,"['Osterfeiertage', 'osterig', 'österlich']"
Otter,['Ottern']
paffen,"['Paffer', 'anpäffen', 'zusammenpaffen']"
Palaver,"['Palavern', 'palavern']"
Pankraz,['Panker']
Panz,['Panzen']
papp,"['Papper', 'angepappt', 'anpappen', 'gepappt', 'verpäppeln']"
Parasol,['Parasoler']
Paris,['Pariser']
Patake,"['Patacken', 'Pataken', 'Patakenditsche', 'Patakenhaken', 'Patakenheraustun', 'Patakensamen', 'Saatpataken', 'Samenpataken', 'Saupataken', 'Saupatakenklauben', 'Steckpataken', 'eingeschnittene Pataken', 'gebrägelte Pataken', 'geröstete Pataken']"
Patenie,['Patenienrose']
Pate,"['Pater', 'Patin', 'Päter']"
Patriot,['Patriotischer']
Patron,['Patronuller']
butt,"['Patscherbutter', 'Wechselbutte', 'verbuttelt', 'verbutten', 'verbuttet']"
patzen,"['Patzer', 'verpatzen']"
Tod,"['Paß-dich-zu-Tode', 'Tod Wagen', 'Tode', 'Todesrosen', 'totlaufen', 'totrennen', 'zu Tod', 'zu Tod laufen', 'zu Tod plagen, sich', 'zu Tod racker, sich', 'zu Tod rennen', 'zu Tode', 'zutode']"
Pech,"['Pech haben', 'pechig', 'pichende']"
Pegnitz,['Pegnitzer']
Wiese,"['Pegnitzwiesen', 'Umbruchswiese', 'Umbruchwiesen', 'Wiesen', 'Wiesenchampignon', 'Wiesig']"
pellen,"['Pelle', 'auspellen']"
Märtel,['Pelzemärtlzeit']
pempern,['Pemper']
Pendel,['Pendler']
pennen,"['Penner', 'Pennäler', 'verpennen']"
Penzendorf,['Penzendorfer']
Persien,['Perser']
Person,"['Persönlichkeit', 'persönlich']"
petschieren,['Petschierter']
petzen,"['Petze', 'Petzer', 'Verpetzer', 'abpetzen, sich', 'anpetzen', 'auspetzen', 'einpetzen', 'nachpetzen', 'verpetzen', 'verpetzten']"
Pfad,['Pfadmacher']
Pocke,"['Pfauker', 'Pfucker', 'Pfuckser', 'Rote Pfücklich', 'verpfuckt']"
Pfeffer,"['Pfeffern', 'hinanpfeffern', 'hineinpfeffern', 'lospfeffern', 'pfeffern']"
Pfennig,"['Pfenning', 'Pfenningfuchser']"
Pferch,"['Pferchhürden', 'Pferchshürde', 'eingepfercht']"
Pferd,"['Pferdesteche', 'Pferdsbreme']"
Pfiff,"['Pfiffe', 'alle Pfiff lang']"
Pfipf,"['Pfimpfen', 'pfimpfen']"
Pfingsten,"['Pfingstfeiertage', 'Pfingstwasserweihe']"
Plarre,['Pflarren']
plump,['Pflumpfe']
Pflanz,['Pflänze']
Pfosten,['Pfostenstöcke']
Pfründe,['Pfründung']
pfuchsen,"['Pfuchser', 'gepfuchsen']"
pfusen,"['Pfuzer', 'abpfusen', 'anpfuzen', 'gepfusen']"
Pfalz,['Pfälzer']
Pfand,['Pfänder']
Pfund,"['Pfünder', 'pfundig']"
Pfürre,['Pfürrer']
Pfütze,"['Pfützacker', 'pfützen']"
Phlegma,['Phlegmatiker']
piesacken,['Piesacker']
Pille,"['Pillen machen', 'Pillenversager']"
wichtig,['Pimpeleinwichtiger']
pimpern,['Pimperer']
Pimpernelle,['Pimpernella']
Pips,"['Pipser', 'pipsen']"
Plan,"['Plane', 'Pläne', 'planen', 'planieren']"
platt 2,['Platte putzen']
Anton,"['Plattenveit', 'Toner']"
Plattform,['Plattformwagen']
plauschen,['Plauscher']
Pleinfeld,['Pleinfelder']
Pletz,['Pletzer']
pludern,['Pluderer']
plumpsen,['Plumpser']
Polanti,['Polanter']
politisch,['Politiker']
Polizei,['Polizist']
pomali,"['Pomadiger', 'pomala', 'schneckenpomadig']"
Pomp,['Pomper']
Popanz,"['Popalanzer', 'Poparoler', 'Popelos']"
Porree,['Porrig']
posseln,"['Possler', 'Pöstler']"
Post,['Post']
Positur,"['Postitur', 'Postur']"
prahlen,['Prahler']
prassen,"['Prasser', 'abgeprasst', 'ausprassen', 'verprassen']"
predigen,['Prediger']
pressieren,"['Pressur', 'pressant']"
Pretzfeld,['Pretzfelder']
Priesendorf,['Priesendorfer']
Prinz,['Prinzessin']
Profit,"['Profiter', 'Profitheirat', 'profitlich']"
Propst,['Propster']
Protest,"['Protestant', 'protestieren']"
Protz,"['Protzer', 'Protzeter', 'abprotzen', 'herabprotzen', 'protzig']"
prä,['Prä']
Pudel,"['Pudelhaar', 'abpudeln', 'eingepudelt', 'einpudeln', 'püdeln', 'verpudeln', 'verpudelt']"
Puder,"['Pudern', 'einpudrieren']"
Puhl,['Puhlhafen']
Pulcinell,['Pulcinella']
pumpern,"['Pumper', 'Stadterpumper']"
Puppe,"['Puppeln', 'einpuppeln', 'einpuppen', 'einpuppen, sich', 'herumpuppeln', 'puppelen', 'puppeln', 'puppen', 'puppern', 'puppig', 'püppeln']"
purgieren,['Purgierung']
pusten,"['Puste', 'auspusten']"
Putzenreuth,['Putzenreuther']
Schote 2,['Putzschote']
päppern,"['Päppere', 'auspäppern', 'herumpäppern']"
Qualm,"['Qualmen', 'Qualmer', 'anqualmen', 'derqualmen', 'einqualmen', 'qualmen', 'verqualmen', 'vollqualmen', 'zusammenqualmen']"
Quantum,['Quanten']
quasseln,"['Quassler', 'verquasseln']"
Quecke,"['Quecken', 'Quette', 'abquecken', 'quecken']"
pelzen,"['Queckenpelzer', 'abpelzen', 'abpelzern', 'angepelzt', 'anpelzen', 'umpelzen', 'unterpelzen', 'zupelzen']"
quengen,"['Quengler', 'quenksen']"
quer,"['Quere', 'Querig', 'Querulant', 'derquer', 'querig', 'umquerig', 'verquer', 'verquerlt']"
Qual,"['Quäler', 'abquälen', 'abquälen, sich', 'quälen']"
rabiat,['Rabiater']
radieren,"['Rader', 'Radierer', 'Radixer', 'Radler', 'Radser', 'Radsger', 'Radsgerer']"
raden,['Radig']
radikal,['Radikaler']
rappeln,"['Raffler', 'Rappeler', 'abrappeln', 'aufrappeln, sich', 'derrappeln', 'gerappelt', 'rappadi-kappadi', 'rappelig', 'zusammenrappeln', 'zusammenrappeln, sich']"
kiefen,"['Rahmenkiefer', 'abgekiefen', 'abkiefeln', 'abkiefen', 'abkiefern', 'angekieft', 'kiefern']"
Ralle,['Rallerin']
Ramme,['Rammer']
ramsen,['Ramser']
randalieren,['Randalierer']
Ranges,"['Rangese', 'Rangesen', 'Rangeten', 'Rungese', 'Setzrangese']"
Ranke,"['Ranken', 'ranken']"
rappen,"['Rappsen', 'Rappser', 'Rapser', 'abrappen', 'rappsen']"
rar,['Rarität']
rasant,['Rasante']
Rage,['Rasche']
rasen,"['Raser', 'abrasen', 'abrasen, sich', 'losrasen']"
raspen,"['Raspler', 'Süßholzraspler', 'abraspeln', 'anraspeln', 'anraspen', 'anräspeln', 'herunterraspeln']"
Rasse,"['Rassiger', 'rassig']"
Ratzel,"['Ratzler', 'ratzeln']"
Bautz,['Raubautzeter']
rauh,['Raubauzeter']
rau,"['Raubold', 'Rauer', 'Rauler', 'angeraut', 'anrauen, sich', 'aufgeraut', 'aufrauen', 'geraut', 'raubozig', 'raudig']"
rauchen,"['Raucher', 'Ringraucher', 'zusammenrauchen']"
Raup,['Raupe']
Rausch,"['Rauscher', 'Rauschiger', 'herüber- und hinüberrauschen', 'rauschig']"
Realschule,['Realbetz']
Kasten,"['Rechenkasten', 'auskästeln', 'eingekastelt', 'eingekästelt', 'einkasteln', 'gekastelt', 'gekästelt']"
Stroh,"['Rechstroh', 'Strohbansen', 'Strohböcke', 'Strohener', 'Strohmatten', 'Strohschindeln', 'Strohschober', 'strohhaarig', 'ströhen']"
Regina,['Regine']
Rehau,['Rehauer']
Reh,"['Rehkappen', 'Rehling']"
Stab,['Rehstab']
Scheit,"['Reibscheit', 'Reitscheit', 'Renkscheit', 'Reutscheit', 'Scheiter', 'Scheitling', 'Waagscheitleintasche', 'Wagenscheite', 'Zugscheit', 'scheiten']"
reichen,"['Reichnisse', 'erreichen']"
Reinhard,['Reiner']
Reisberg,['Reisberger']
Reise,"['Reisender', 'Speckreisender', 'Zugereiste', 'Zugereisten', 'abreisen', 'zureisen']"
vertreten,['Reisevertreter']
Bürde,['Reisigbürden']
Zanke,"['Reisigzanken', 'Zanken', 'auszankeln']"
Turnier,"['Reiterturnier', 'abturnieren', 'herumturnieren', 'turnieren']"
Ochse,"['Reitochse', 'Zugochse', 'abochsen', 'ochs(e)nen', 'ochselig', 'ochseln', 'ochsen', 'ochsenen', 'ochsern', 'ochslig', 'ochsnen', 'verochsen', 'öchseln', 'öchsen']"
tüchtig,"['Reiß-mich-tüchtig', 'Tüchtige']"
Reklame,['Reklamemarken']
rempeln,"['Rempler', 'abrempeln', 'anrempeln']"
Renate,['Rena']
Tempo,['Renntempo']
renommieren,['Renommierer']
Rente,['Rentner']
Renatus,['René']
Repperndorf,['Repperndorfer']
repetieren,['Reputant']
Reserve,['Reservehaar']
Residenz,['Residenzler']
resultieren,['Resultat']
Reuse,['Reuser']
Rhön,"['Rhöner', 'Vorderrhön', 'Vorrhön']"
richtig,['Richtige']
Rick,['Rickstange']
Rid,['Ridscher']
Riedfeld,['Riedfelder']
Riegel,"['Riegelboden', 'Riegelscheit', 'aufriegeln', 'riegeln', 'verriegelt']"
Riemen,"['Riemenschraube', 'Riemer', 'Schinkenriemer']"
Riese,"['Riesin', 'riesig']"
Rind,"['Rinder', 'rinderen', 'rindern']"
Schlunz,"['Rinderschlaunze', 'Schlaunze', 'schlaunzen']"
selb,"['Rindvieh-tritt-selber', 'Sapp-selber', 'Selber', 'Trottel-tritt-selber', 'das selbe', 'dasselbe', 'derselbe', 'des-a-sell', 'die selbe', 'dieselbe', 'selbe Zeit', 'selben', 'selber', 'sell', 'von selber']"
Strieme,"['Ringelstriemen', 'Striemen']"
rippeln,"['Rippelrinde', 'Rippelschelfe']"
Ritter,['Ritter Gäbelein']
Robert,['Robin']
robust,['Robuste']
Rodenbach,['Rodenbacher']
roh,"['Rohe', 'Rohe-Kloß-Kartoffel', 'Rohe-Klöß-Kartoffel', 'Rohgeriebene', 'Rohling', 'rohe', 'rohen', 'rohgerieben']"
Ron,"['Rohnige', 'Rone', 'Roniger', 'ronig', 'rönig']"
krepieren,['Rohrkrepierer']
Rosine,['Rosinen bohren']
rot,"['Rote Pfüchlein', 'Roter', 'Röte', 'Röten', 'Rötling', 'gerötelt', 'rotes Kügelein', 'rotten', 'röterig', 'rötig', 'rötlich']"
Haupt,"['Rothäuptling', 'hinaushaupten', 'hineinhaupten']"
Rothausen,['Rothäuser']
Routine,['Routinier']
Roßtal,['Roßtaler']
ruchen,"['Rucher', 'Rucherer']"
rumpeln,"['Rumpler', 'abrumpeln', 'abrumpeln, sich', 'anrumpeln', 'aufherrumpeln', 'aufrumpeln', 'derrumpeln, sich', 'herümrumpeln', 'losrumpeln', 'rumpern', 'wegrumpeln', 'zerrumpeln', 'zusammenrumpeln']"
ruschen,"['Ruschler', 'ruschelig', 'verruschen']"
Ruß,"['Russe', 'Rußer', 'rußen', 'rußig', 'rußiger', 'zusammengerußt', 'zusammenrußen']"
rauben,"['Räuber', 'ausräubern', 'räubern']"
Raude,"['Räudiger', 'räudig']"
Rocken,"['Röckig', 'Taubenrocker']"
Rödelsee,['Rödelseer']
rösch,['Rösche']
Rößleinsdorf,['Rößleinsdörfer']
Rufe,"['Rüftiger', 'geruftig', 'ruferig', 'rufig', 'ruflig', 'ruftenig', 'ruftig', 'rüflig', 'rüftenig', 'rüftig', 'rüftrig', 'schruflig', 'schruftenig', 'schruftig', 'schrüftig']"
rülpsen,['Rülpser']
Rüpel,['Rüpler']
Rüssenbach,['Rüssenbacher']
sabbern,['Sabbler']
Sabina,['Sabine']
Sabrina,['Sabrine']
sacht,['Sachte']
Saft,"['Saftige', 'ausgesaftet', 'saftig']"
sain,['Sainsler']
Sakra,"['Sakrament', 'sakrament', 'sapperament', 'sapperlot noch einmal']"
Salat,['Salater']
salbadern,['Salbaderer']
Salem,['Salemone']
Metz,"['Salzmetze', 'ganze Metze']"
Napf,['Salznapfen']
Sam,['Sam']
Sandale,['Sandalette']
Sand,"['Sandler', 'einsanden', 'einsänden', 'sandig']"
sanft,['Sanfte']
Alexander,['Sascha']
Satureja,['Sattern']
sauber,"['Saubere', 'Saubern', 'Säubern', 'Säuberung', 'absäubern', 'ganze Arbeit schaffen', 'säubern']"
säumen,"['Saumselige', 'Saumseliger', 'Säumeler', 'Säumseliger', 'Säumsler', 'Versäumnis', 'saumselig', 'säumern', 'versäumen']"
Schabbes,['Schabbes Claque']
Schaf,"['Schafeller', 'Schafkräuterig', 'Schäfer', 'abgeschäfert', 'abschäfern']"
Scheuer,"['Schafscheuere', 'Scheuere']"
Schaftnach,['Schaftnacher']
Schaippach,['Schaippacher']
schalken,['Schalke']
Scharmützel,"['Scharmützierer', 'scharmützieren']"
Scharte,"['Scharten', 'Scharter', 'scharten', 'schartig']"
Schatten,"['Schattenamarelle', 'schattig']"
Scheffel,['Scheffelshausen']
schelchen,"['Schelcher', 'Schlecher']"
schepp,"['Scheppe', 'Scheppere']"
Tenne,"['Scheuertenn', 'Stadelstenner', 'Stadeltenner', 'Tenn', 'Tenner', 'Tennerig', 'Tennig']"
Schiefer,"['Schiefen', 'Schieferig', 'Schiefern', 'abschiefern', 'schiefern']"
Dorothea,['Schimpfdorle']
Schirnding,['Schirndinger']
schlabbern,['Schlabber']
Schlack,"['Schlacken', 'Schlackenklöße', 'Schlawaken']"
schlackern,['Schlackser']
Haube,"['Schlafhauber', 'Traumhaubeter', 'Träumhauber']"
Tablette,['Schlaftabletten']
wandeln,"['Schlafwandler', 'Traumwandler', 'Wandlung', 'verwandeln']"
Schlaifhausen,['Schlaifhausener']
schlank,['Schlanke']
schlurfen,"['Schlarber', 'Schlarfer', 'Schlurfer', 'Schlurpfer', 'Schlärfer', 'zusammenschlurfen']"
schlau,"['Schlauberger', 'Schlauer', 'Superschlauer']"
Schlauder,"['Schlaudere', 'Schlaudern', 'Schläudere', 'nachschläudern', 'schlaudern', 'schläudern']"
schlecht,"['Schlechte', 'Schlechter', 'Schlechteste', 'Schlechtester', 'Schlechtigkeit', 'Schlechtmacher']"
Schlehe,['Schlehbeeren']
Schleise,['Schleisenweg']
schlendern,['Schlendrian']
schlichten,"['Schlichte', 'Strohschlichter', 'abschlichten', 'angeschlichtet', 'anschlichten', 'aufschlichten', 'eingeschlichtet', 'einschlichten', 'nachschlichten', 'vorschlichten']"
Schlier,['Schlieren']
schlimm,"['Schlimme', 'Schlimmer']"
schlockern,['Schlockerer']
schlurchen,"['Schlorche', 'Schlorcher', 'Schlurcher', 'hinausschlürchen', 'hinterher schlorchen']"
Schloss,['Schlosser']
Schlot,"['Schlote', 'Schloter', 'Schlotser', 'Schlotstutzen', 'Schlöter', 'schloten', 'schlöteln']"
Schlutte,"['Schloten', 'Zwiebelschloten', 'Zwiebelschlutten', 'Zwiebelschlütten', 'schlutten']"
schlotzen,"['Schlotze', 'schlotzig']"
schluchzen,"['Schluchzer', 'aufschluchzen']"
impfen,['Schluckimpfung']
Schlungenhof,['Schlungenhöfer']
schluren,"['Schlura', 'Schlure']"
abher,"['Schläppe herabhängen', 'abherfallen']"
schmächtig,"['Schmachtlappen', 'Schmächtige', 'Schmächtiger', 'Schmächtling', 'geschmächtig']"
schmal,"['Schmaler', 'Schmäler']"
schmanzen,['Schmanzer']
schmarotzen,['Schmarotzer']
schmaukeln,['Schmaukle']
Schmeller,['Schmellerin']
Schmiss,['Schmisse']
Schmicke,"['Schmitzer', 'hinanschmitzen', 'schmitzen', 'verschmitzen', 'verschmitzt']"
schmollen,['Schmolle']
schmachten,['Schnachtler']
schnacken,"['Schnacker', 'Schnacksen', 'Schnackser', 'schnacksen', 'schnäckern']"
schnackeln,"['Schnackler', 'abschnäckeln', 'schnackern']"
Schnake,"['Schnaker', 'Schnauben', 'abschnackeln', 'abschnackern', 'abschnakeln', 'abschnaken', 'abschnakern', 'herumschnakeln', 'herumschnaken', 'herumschnakern', 'herumschnäkern', 'schnaken', 'umeinanderschnaken']"
Schnalle,"['Schnaller', 'Schnäller', 'hinaufschnallen', 'schnallen']"
Bohne,"['Schnapsbohnen', 'Schokoladenbohnen', 'ausbohnen']"
Schnaps,"['Schnapser', 'Schnapszwetschgen', 'schnäpseln']"
schnarchen,"['Schnarcher', 'zusammenschnarchen']"
Schnatze,"['Schnatzer', 'Schnutzer', 'schnatzen']"
schnausen,"['Schnauser', 'ausschnausen', 'verschnausen']"
blinzeln,"['Schneeblinzler', 'zublinzeln']"
Klumpen,"['Schneeklumper', 'klumpern', 'klumpig']"
Krusch,"['Schneekrutsche', 'herumkruschteln', 'herumkruschten', 'herumkruschtern', 'krutschten']"
Schnee,"['Schneekugeln', 'Schneeranscher', 'Schneeschor', 'Schneeschorer', 'alter Schnee', 'einschneien']"
schürgen,"['Schneeschürge', 'Schürger', 'abschurgen', 'abschürgen', 'abschürgen, sich', 'anschürgen', 'fortschürgen', 'hinterschürgen']"
walken,['Schneewalger']
wehen,"['Schneewehe', 'Wehe', 'Wächte', 'umwehen']"
schnell,"['Schnellatrine', 'Schnelle', 'Schneller', 'Schnellinger', 'aufschnellen', 'schnellstens']"
schnicken,['Schnicker']
schnippisch,['Schnippische']
schnupfen,"['Schnupfer', 'Schnuppe', 'aufgeschnupfelt', 'aufgeschnüpfig', 'aufgeschnüpsig', 'aufschnüpfet', 'aufschnüpfig', 'verschnupft']"
Tabak,"['Schnupftabakspiffer', 'tabakeln']"
schnuppen,"['Schnupper', 'herumschnuppern', 'schnuppern', 'schnuppig']"
schnauken,"['Schnäker', 'geschnäkig', 'schnakig', 'schnäkelig', 'schnäkern', 'schnäkig', 'verschnäkt']"
Schnappe,['Schnäpper']
schnäuken,"['Schnäuker', 'herumschnäukern', 'schnäuksen']"
schnuppern,['Schnüpper']
schonen,"['Schonacher', 'Schonung']"
Schondra,['Schondraer']
Schoppen,['Schopperer']
Schote,"['Schotin', 'ausschoten']"
Schranz,['Schranze']
Schrapnell,['Schrapnelle']
schraufen,"['Schraufer', 'Schräufer']"
Schreck,"['Schrecken', 'Schwiegermutterschreck', 'abschrecken', 'angeschreckt', 'aufschrecken', 'derschrecken', 'derschrecken, sich', 'derschreckt', 'derschrocken', 'erschrecken', 'erschreckt', 'erschrocken', 'geschreckt', 'hasenschreckig', 'schrecken', 'schrecklich', 'verschrecken', 'verschreckt', 'verschrocken']"
Schreez,['Schreezer']
schreiten,"['Schreiter', 'abschreiten', 'ausschreiten']"
schrill,"['Schrille', 'schrillen']"
schuften,"['Schufter', 'abschuften', 'abschuften, sich', 'anschuften', 'durchschuften']"
Schuld,"['Schulden', 'Schuldiger', 'Unschuld', 'entschuldigen', 'entschuldigen, sich', 'entschuldigt', 'schuldig', 'unentschuldigt', 'unschuldig', 'unschüldig']"
Kamarad,['Schulkameradin']
Schund,"['Schundiger', 'schundig']"
Schuppe,"['Schuppen', 'abgeschuppt', 'abschuppen', 'abschuppen, sich', 'abschuppern', 'schuppen', 'schuppig']"
schupfen,"['Schupperer', 'anschuppen', 'anschuppern', 'derschüpfen', 'derschüpft', 'herunterschupfeln', 'schumpern', 'zusammenschupfeln']"
Schussel,"['Schusseliger', 'schusselig', 'schusslig']"
Schütze,"['Schutzbretter', 'Schützbretter', 'Schützen', 'Schützenwagen', 'Schützkelle', 'Wagenschützen']"
Schwabach,['Schwabacher']
Schwabe,['Schwabiger']
schwach,"['Schwacher', 'Schwächling', 'Schwächste', 'Schwächster', 'schwächlich']"
schwafeln,['Schwafler']
Schwall,"['Schwaller', 'schwallen']"
Schwank,['Schwand']
Schwarte,"['Schwartling', 'Schwärteln', 'Stupfschwärteln', 'abschwarteln', 'abschwarten', 'abschwärteln', 'aufschwarten', 'durchschwarten', 'geschwartet', 'herumschwärteln', 'hineinschwarten', 'schwarteln', 'schwärsteln', 'schwärteln', 'schwärten', 'verschwarten']"
Schwarzach,['Schwarzacher']
Schwarzenburg,['Schwarzenburger']
Schwede,['Schweden']
schweifen,"['Schweife', 'ausschweifen', 'derschweifen', 'schweifern']"
Schweinfurt,['Schweinfurter']
Schweiz,"['Schweizer', 'Schwyzer', 'abschweizern', 'schweizen', 'schweizer']"
Schweiß,"['Schweißhaar', 'abschweißen', 'anschweißen', 'schweißeln', 'schweißen', 'schweißern', 'schweißig', 'verschweißen']"
Verbrechen,"['Schwerverbrecher', 'verbrecherisch']"
schwicken,['Schwickertreiber']
Schwieger,['Schwieger']
Sohn,['Schwiegersohn']
Tochter,['Schwiegertochter']
schwierig,['Schwierigkeit']
schwinden,"['Schwinde', 'entschwinden', 'verschwinden', 'verschwunden']"
Zigarette,['Schwindsuchtszigaretten']
schwül,"['Schwulität', 'geschwülig']"
schwappen,"['Schwuppe', 'Schwupptig', 'abschwappen', 'anschwappen', 'geschwabbelig', 'geschwappelt', 'geschwappet', 'geschwappt', 'schwabbelig', 'schwappern', 'schwappig', 'schwapprig', 'schwäppern']"
Schwager,['Schwägerin']
schappen,['Schäpper']
Schatz,"['Schätzin', 'hochschätzen', 'schätzen']"
Scholle,['Schöllberer']
Schönbrunn,['Schönbrunner']
Schragen,['Schönschrager']
Schoss,['Schößling']
schüchtern,"['Schüchterne', 'Schüchterner', 'verschüchtert']"
schürfen,"['Schürfe', 'Schürfer', 'abschärfeln', 'abschürfeln', 'abschürfen', 'abschürfen, sich', 'aufschürfen']"
Schutz,"['Schütze', 'Schützer', 'Wasserschütze', 'Wehrschütze']"
Seebach,['Seebachgründler']
Trompete,"['Seelentrompeter', 'austrompeten']"
Trost,"['Seelentröster', 'Tröster', 'Witwentröster']"
Nix,"['Seenixe', 'Wassernixe']"
Segel,"['Segler', 'heruntersegeln', 'herüber- und hinübersegeln']"
Sehen,['Sehne']
sehnen,"['Sehnung', 'anheimsehnen, sich', 'gesehnig', 'gesehnt', 'sehnig']"
seicht,"['Seichte', 'Seichtung', 'seichtig']"
Krug,['Seidlein-Krüglein']
Seil,"['Seiler', 'Seilwende', 'Zugseil', 'abseilen', 'anseilen', 'aufseilen', 'etwas aufseilen', 'herunterseilen', 'seilen']"
Sekretär,['Sekretärin']
Sellerie,"['Seller', 'Sellerer', 'Sellerich', 'Sellering']"
selten,['Seltener']
Selters,['Selter']
seltsam,['Seltsamer']
senken,"['Senke', 'Senkig', 'einsenken']"
Wurz,['Senselwurze']
Serbe,['Serbier']
Severin,['Sewer']
Sibylla,['Sibylle']
sickern,['Sickerung']
sieben,"['Siebener', 'Siebenerling', 'Siebenweg', 'sieben mal', 'siebene']"
es,"['Siehst-du-eslein', 'Verstehstdues']"
Simon,['Simer']
simulieren,"['Simmlierer', 'Simulierer']"
sippen,['Sipper']
Sippe,"['Sippschaft', 'sippeln']"
sirig,"['Siriger', 'gesirig']"
Slowake,"['Slowaker', 'slowakeln', 'slowaken']"
Sommer,"['Sommerling', 'Sommerung', 'Sömmerling', 'Vorsommer', 'simmern', 'sommern', 'sömmerig', 'sömmerlich', 'sömmern', 'versimmern', 'versömmern']"
Spross,"['Sommersprosse', 'Sonnensprosse', 'Sprössling']"
Sore,"['Sor', 'Sorig', 'sorig']"
Pumpe,"['Sorenpumper', 'Sorepumper', 'abpumpen', 'anpumpen', 'aufgepumpt', 'aufpumpen', 'aufpumpfen, sich', 'ausgepumpt', 'auspumpen', 'gepumpt', 'pumpen', 'Ölpumper']"
Sorte,"['Sorten', 'aussortieren', 'sortieren']"
sotan,['Sotterer']
Speck,"['Specker', 'abspecken', 'aufspecken', 'ausspecken', 'speckeln', 'speckig']"
spekulieren,"['Spekulation', 'Spekulationshochzeit', 'Spekulierer', 'abspekulieren', 'ausspekulieren', 'verspekulieren, sich']"
Spelunke,['Spelunken']
spenden,"['Spender', 'spendieren']"
Sperk,['Sperling']
Spessart,"['Spessarter', 'Vorspessart']"
sporzen,"['Spetze', 'Sporzer', 'Spörzer', 'Trinkweinspetzer', 'anspotzen']"
verderben,"['Spielverderber', 'verdorben', 'verdorbig']"
spillen,['Spiller']
Spindel,['Spindling']
spint,"['Spintling', 'spintig']"
Sport,['Sportler']
Sprauß,"['Spraußband', 'Spräuße', 'spräußen', 'widerspräußig']"
Spreil,['Spreile']
sprengen,"['Sprenge', 'Sprenger', 'Sprengstütze', 'absprengen', 'aufsprengen', 'auseinandersprengen', 'aussprengen', 'aussrengen', 'eingesprengt', 'gesprengt', 'lossprengen', 'zersprengen']"
Sprieß,"['Sprieße', 'Sprößling', 'absprießen', 'aufsprießen', 'dersprießen', 'hintere Sprieße', 'sprießen', 'unersprießlich', 'vordere Sprieße']"
sprudeln,['Sprudler']
Spruz,"['Spruzer', 'spruzen', 'spruzig']"
spröde,"['Spröder', 'ausgesprödet', 'ausspröden', 'sprödig']"
sprühen,['Sprüher']
Spuk,"['Spuklappen', 'aufspuken', 'spuken']"
spät,"['Spätling', 'später', 'verspäten, sich', 'zu spät']"
Spund,"['Spündige', 'Spündiger', 'Spündling', 'anspunden', 'spündig']"
Stachel,"['Stacheln', 'Stachler', 'anstacheln', 'aufstacheln', 'stachelig', 'stachlig']"
Staffel,"['Stapfeleinsbader', 'gestaffelt', 'staffelig', 'staffeln', 'verstapfeln']"
stat,"['State', 'Stater']"
Stephan,['Steffen']
stehlen,"['Stehler', 'Verstohlener', 'Verstohlenheit', 'Wildbretstehler', 'Wolframsstehler', 'abstehlen', 'gestohlen bleiben', 'gestohlen bleiben können', 'verstohlen', 'verstohlens', 'verstohlenst', 'verstohlets', 'verstohlig', 'verstohlings', 'verstohlnets', 'wegstehlen', 'zusammenstehlen']"
Steigerwald,"['Steigerwalder', 'Steigerwaldler', 'Steigerwäldler', 'Vorsteigerwald', 'Vorsteigerwäldler']"
Steinbach,['Steinbacher']
Steinmark,['Steinmarker']
mitteln,['Stellenvermittler']
Stelze,"['Stelzer', 'daherstelzen', 'stelzeln', 'stelzen']"
stenzen,"['Stenzer', 'stenztern']"
schmeißen,"['Sternleinschmeißer', 'abgeschmeißt', 'abschmeißen', 'aufgeschmissen', 'aufschmeißen', 'ausschmeissen', 'ausschmeißen', 'derschmeißen', 'einschmeißen', 'hergeschmissen', 'herunterschmeißen', 'hineingeschmissen', 'hinschmeißen', 'hinschmeißen, sich', 'umchmeißen', 'umschmeißen', 'vorschmeißen', 'wegschmeißen', 'widerschmeißen', 'zusammenschmeißen']"
stibitzen,['Stibitzer']
stieren,"['Stierer', 'anstieren', 'herstieren']"
Stirn,"['Stirniger', 'bockstirnig', 'engstirnig', 'stirnig']"
stolpern,"['Stolperer', 'verstolpern']"
stolz,"['Stolze', 'Stolzer', 'Stolzige', 'daherstolzen', 'herumstolzieren', 'stolz machen', 'stolzieren', 'stolzig']"
Wit,"['Stopfwitwer', 'Strohsackwitwer', 'Strohwitwe', 'Strohwitwer', 'Witwer', 'Witwerin']"
Stupf,"['Stoppeln', 'Stoppelähren', 'Stupfeln', 'gestupfelt', 'stoppelig', 'stoppeln', 'stupfelieren', 'stupfeln', 'stupfen', 'stupflig', 'umstupfeln', 'zusammengestupfelt', 'zusammenstoppeln', 'zusammenstupfeln', 'zusammenstupseln', 'zusammenstüpfeln']"
stoppen,['Stoppung']
Storax,"['Storaxer', 'storaxig']"
stramm,['Stramme']
stamm,['Strammer']
strampfen,['Strampfer']
strampeln,"['Strampler', 'abstrampeln', 'abstrampeln, sich', 'abstrampfeln', 'verstrampeln']"
Strauche,"['Strauben', 'Straucher']"
strecken,"['Streckling', 'Vorstrecker', 'ausstrecken', 'gestreckt', 'vorstrecken']"
Streich,['Streich haben']
Strenze,['Strenzling']
Tangel,"['Streutangeln', 'Tangeln', 'abtangeln', 'tangeln']"
stripsen,['Stripser']
strotzen,"['Strotzer', 'gestrotzt', 'strotzig']"
Strutzel,['Strutzer']
Studium,"['Studenten', 'Studierter']"
stumm,['Stummochse']
stupsen,"['Stupserer', 'anstupsen']"
stur,"['Sturer', 'Sturheit', 'hinansturen', 'hinsturen', 'sturen']"
Bombe,"['Sturzbomber', 'bombig']"
Stuss,"['Stusser', 'Stüsser', 'bestusst', 'davonstussen', 'stusseln', 'stussen']"
stänkern,"['Stänker', 'Stänkerer', 'anstänkern', 'verstänkern']"
privat,['Stöckeleinsprivatier']
Christoffel,['Stöffer']
stumpen,"['Stümperer', 'gestumpt']"
Suckel,"['Suckin', 'absuckeln', 'aussuckeln', 'herumsuckeln', 'herümsuckeln', 'suckeln', 'sückeln', 'versuckeln', 'zusammensuckeln']"
summen,"['Sumser', 'Sumserer', 'sumsen', 'sümpfern']"
super,['Supertitten']
surren,"['Surmer', 'Surrer', 'versurren']"
Susanna,"['Susanne', 'Suse']"
Sutter,"['Suttere', 'einsuttern', 'suttern']"
Zutte,"['Sutterer', 'Zauter', 'Zutter', 'Zutze', 'Zutzer', 'Zötter', 'Züdder', 'Zützer', 'sötteln']"
Säbel,"['Säbelhachse', 'Säbler', 'absäbeln', 'auseinandersäbeln', 'herabsäbeln', 'säbeln']"
grätschen,['Sägespänegrätsche']
süd,['Südländer']
west,['Südwester']
Sünde,['Sünder']
Satan,['Sütian']
süß,"['Süße', 'Süßer', 'Süßigkeit']"
tachinieren,['Tachinierer']
Lohn,"['Taglöhnen', 'Taglöhner', 'ablohnen', 'taglöhnern']"
Taktik,['Taktiker']
Tanne,"['Tannenbutzen', 'Tannenknoten', 'Tannennadeln', 'Tannling', 'tannen', 'tännig']"
Tantes,['Tanterling']
tasten,"['Taster', 'abtasten', 'antasten']"
Taube,"['Taubenhöcker', 'Tauberer', 'Taubin', 'Täuber', 'Täuberich', 'Täuberin', 'Täubin', 'Täubine', 'hinein die Tauben', 'täubern']"
kippern,"['Taubenkipper', 'Taubenkipperer', 'ankippern']"
Kopp,"['Taubenköpper', 'kopp kopp', 'koppeln', 'koppen', 'köppeln', 'köppen']"
schachern,"['Taubenschacherer', 'Taubenschächerer', 'abschachern']"
tauchen,"['Taucher', 'eintauchen', 'untertauchen', 'wegtauchen']"
tausend,"['Tausender', 'Tausendsassa']"
Mine,['Tellerminen']
Teuch,['Teuche']
Zacken,"['Teufelszacke', 'anzacken', 'gezackt', 'gezacktes Hörnlein']"
Theodor,['Theo']
Theresia,['Therese']
tief,"['Tiefenweg', 'Tiefing', 'abgrundtief', 'eintiefen', 'hineintiefen']"
Mathilde,['Tilda']
Timotheus,['Timo']
tippen,"['Tippse', 'antippen']"
Tisch,['Tischlade']
toben,"['Tober', 'auftoben', 'austoben', 'austoben, sich', 'hertoben', 'lostoben']"
Toilette,['Toilettenpapier']
Tomate,['Tomatenstecken']
Tracht,"['Tracht Prügel', 'Trachtler', 'Trächtigkeit', 'niederträchtig', 'schwerträchtig', 'trächtig', 'unträchtig']"
trachten,['Trachter']
trallen,['Traller']
trampeln,"['Trampler', 'Trämpeler', 'abtrampeln', 'vertrampeln', 'zertrampeln', 'zusammentrampeln', 'zusammenträmpeln']"
Tran,"['Traner', 'Traniger', 'tranig']"
Funzel,"['Tranfunzler', 'abfunzeln']"
Susanne,"['Transuser', 'Traumsuser', 'Traumsuserin', 'Traumsusler', 'transusig']"
Trasch,['Trascher']
trauen,"['Trauing', 'Vertrauen', 'Vertraute', 'anvertrauen', 'getrauen', 'getrauen, sich', 'hintrauen', 'traulich', 'vertrauen', 'vertraut', 'zutrauen', 'zutraulich']"
happeln,"['Traumhappete', 'Traumhappeter', 'verhappeln']"
Tüte,['Traumtüterer']
trennen,['Trenner']
Treppe,['Treppensteigen']
Treuchtlingen,['Treuchtlinger']
treu,"['Treuloser', 'Untreuer', 'getreu', 'untreu']"
Treunitz,['Treunitzer']
trielen,['Trieler']
trippeln,"['Trippler', 'abtrippeln', 'antrippeln', 'getrippeln', 'hertrippeln', 'vertrippeln', 'zusammentrippeln']"
tritschen,"['Tritsche', 'Tritscher']"
trucken,"['Trocker', 'Vertruckter', 'dahertrocksen', 'herumtrocken', 'herumtrocksen', 'herumtrucksen, sich', 'herumtrücken, sich', 'umeinandertrucken', 'umeinandertrücken']"
Trulle,['Trulla']
Trumm,"['Trummer', 'zertrümmern']"
Trutsche,"['Trutscher', 'Trutschlerin']"
Trotz,"['Trutzer', 'trotzen', 'trutzen']"
träge,['Träger']
Traube,"['Träubelranke', 'Träubelschnur', 'Träubelsklammerer']"
trüb,"['Trübe', 'antruben', 'antruben, sich', 'antrüben, sich', 'betrübt', 'eintrüben, sich', 'trübselig', 'zusammentrüben, sich']"
Tscheche,['Tschechische']
Tschusch,['Tschude']
tuttern,['Tutterer']
tätowieren,['Tätowierung']
Tête-à-Tête,['Tête-à-Têtchen']
Tor_1,"['Töreter', 'Törin', 'töricht']"
Gewände,"['Türgewand', 'Wänder']"
Uhr,['Uhrwerk']
Aul,['Ulen']
Ulk,"['Ulkiger', 'ulken', 'verulken']"
Ulrike,['Ulla']
Ulm,['Ulmer']
um,"['Umruchwiesen', 'um', 'um mächet', 'um und um', 'um...herum', 'umführen', 'umlangen', 'umme', 'umreffen', 'ums', 'umstecken']"
hobeln,"['Unbehobelter', 'Ungehobelter', 'abgehobeln', 'gehobselt', 'gehobst', 'ungehobelt']"
Flat,"['Unflat', 'Unflaz', 'unflatig', 'unflätig', 'unflätisch']"
gättlich,"['Ungattlicher', 'gattig', 'gatting', 'ungatting', 'ungattlich', 'ungättlich']"
schrafen,['Ungeschrafter']
Glück,"['Unglück', 'glücklich', 'unglücklich', 'unglücklich sein', 'verunglücken', 'überglücklich']"
Unke,['Unk']
Masse,"['Unmasse', 'massig']"
müßig,"['Unmuß', 'Unmuße', 'unmüßig', 'unmüßig haben']"
Muse,['Unmüsiger']
Pinsel,"['Unnotspinsel', 'anpinseln', 'bauchpinseln', 'pinseln']"
Partei,['Unparteischer']
Rast,"['Unrastige', 'ausrasten', 'rasten']"
Rat,"['Unrat', 'Verrater', 'Verraterleins', 'Verrathannes', 'Verrathans', 'Verratscheißer', 'Verräter', 'Verräterin', 'Vorrat', 'derraten', 'raten', 'verraten', 'verraten, alles', 'verraten, nicht alles', 'verölen, alles', 'vorrätig', 'Überrätig']"
sicher,"['Unschicher', 'Versichering', 'sicher sein', 'sicherlich', 'unsicher']"
selig,['Unseliger']
Tam,"['Untam', 'aufgetamt', 'unbetamt']"
unten,"['Unteren', 'unter', 'unterer']"
Gewand,"['Untergewand', 'leinwändig']"
Goller,['Untergoller']
Unterhaid,['Unterhaider']
Partner,['Unterhaltungspartner']
Jacke,['Unterjacke']
Kittel,"['Unterkittel', 'gedruckter Kittel']"
unterscheiden,['Unterschied']
Wind,"['Unterwind', 'Windiger', 'Windling', 'verschlagene Winde', 'windbeuteln', 'windig']"
wahr,"['Unwahrheit', 'Wahrheit', 'anwährig', 'anwährlich', 'wahrlich', 'währlich']"
wirsch,['Unwirsch']
uräss,"['Urass', 'Uratz', 'Urlass', 'Urlässen', 'Urätz', 'urässen', 'urässig', 'urätzen']"
Eltern,['Urgroßeltern']
usig,['Usigkeit']
Ute,['Uta']
Ursula,['Ute']
uzen,"['Uzer', 'aufuzen', 'uzern', 'veruzeln', 'veruzen']"
Vagabund,['Vagabundierer']
Vitus,['Veit']
Gangster,['Verbrecher']
Fratze,['Verbrecherfratze']
Larve,['Verbrecherlarve']
Physiognomie,['Verbrecherphysiognomie']
Typ,"['Verbrechertyp', 'Zugtyp']"
Visage,['Verbrechervisage']
verdrießen,"['Verdrießlichkeit', 'Verdruss', 'verdrießlich', 'verdrossen']"
Durst,"['Verdursteter', 'dursten', 'dursterig', 'durstig', 'dürsten']"
Gewalt,"['Vergewaltiger', 'Vergewaltigung', 'gewaltbusen', 'gewaltig', 'vergewaltigen']"
verwöhnen,"['Vergewöhnter', 'verwöhnt']"
vergnügen,"['Vergnügungshaar', 'vergnügt']"
verhalten,['Verhältnis']
klaftern,"['Verklafterer', 'einkläften', 'verklafftern', 'verkläfftern']"
verlieren,"['Verlorenes', 'Verlust', 'aus dem Merk verlieren', 'verloren', 'verloren haben']"
Projekt,['Vermittlungsprojekt']
Beiß,"['Verreckbeiß', 'zusammenbeißen']"
verrückt,"['Verruckter', 'Verrückte', 'Verrückter', 'Weiberverrückter']"
Wimmer,"['Verwimmerster', 'gewimmert', 'verwimmelt', 'verwimmert', 'wimmerig', 'wimmern']"
zag,"['Verzagte', 'Verzagter', 'Zage', 'verzagt']"
verzeihen,['Verzeihung']
vigilant,['Vigilanter']
Kapore,"['Vizekapora', 'Vizekapore']"
Volkersgau,['Volkersgauer']
Ende,"['Vorende', 'Zwölfender', 'einendeln', 'endlich', 'unendlich']"
gestern,"['Vorgestern', 'gestrig', 'vorgest', 'vorgester', 'vorgestern', 'vorgestert', 'vorgestrig']"
Jura,['Vorjura']
vornehm,['Vornehmer']
Schrift,"['Vorschrift', 'Ämtervorschriften']"
warnen,['Vorwarnung']
wackeln,"['Wackerla', 'Wackler', 'Wickel-Wackel', 'durchwackeln', 'gewackeln', 'gewacklig', 'hin- und herwackeln', 'umeinanderwackeln', 'wackelig', 'wacklig']"
Waikersreuth,['Waikersreuther']
Walachei,['Walache']
Zweig,"['Waldzweigung', 'abzweigern', 'verzweigt', 'zweigen']"
Wallenfels,['Wallenfelser']
Wallenstein,['Wallensteiner']
Waltershausen,['Waltershäuser']
wandern,"['Wanderung', 'Zugewanderter', 'bewandert']"
Wanst,['Wansten']
Want,['Wante']
Zweck,"['Waschzwecke', 'Wäschezwecke', 'Wäschezwecker', 'Zweckete']"
waten,"['Wate', 'Wäte', 'zusammenwaten']"
Watte,['Wattierter']
Schiss,['Wegschiss(er)']
Buchstabe,"['Wegstaben verbuchseln', 'buchstäblich']"
Zwiesel,['Wegzwiesel']
Wein,"['Weinbeeren bohren', 'Weinkrieche', 'Wengerts-Knaster', 'Wengerts-Männlein']"
Weise,"['Weise', 'armvollsweise', 'armvollweise', 'armweise', 'eimerweise', 'eingehängterweise', 'fuderweise', 'gescheiterweise', 'haufenweise', 'haufetweise', 'kreuzerweise', 'kreuzeweise', 'längsweise', 'massenweise', 'seidleinsweise', 'stellenweise', 'stoßweise', 'streifweise', 'wundererweise']"
Weißenburg,['Weißenburger']
gickern,"['Welschergieker', 'gigati-gogati']"
Großwelzheim,['Welzheimer']
Wermut,"['Wermute', 'Wermutentee']"
Wesen,['Wesen']
wetten,['Wette']
Bericht,['Wetterbericht']
gerben,['Wettergegerbter']
Schaff,['Wetzsteinschaft']
hallen,['Widerhall']
Lager,['Widerlager']
Part,"['Widerpart', 'Widerpart halten', 'halbpartig', 'herumparteln', 'parteln', 'spielparteln', 'widerparten']"
widerwärtig,['Widerwärtige']
Widerwart,['Widerwärtigkeit']
Wien,"['Wiener', 'abwienern', 'aufwienern', 'wienern']"
Wiesenfeld,['Wiesenfelder']
Wilhelmina,['Wilhelmine']
Machen,['Windmacher']
Zaun,"['Windschutzzäune', 'Zäuner', 'eingezäunt', 'zaundürre']"
Windsheim,['Windsheimer']
spreiten,['Windspreiter']
Winzer,['Winzler']
wippen,['Wippe']
Wirsing,['Wirsling']
zZucht,['Wispelzüchter']
Wieber,['Wiwelein-Wiwelein']
Wohlmuthshüll,['Wohlmuthshüller']
Wolf,['Wolfen']
wu,"['Wower', 'Wuber', 'Wuwer', 'Wöwer', 'wuern']"
Mampf,['Wurstmampfer']
tilgen,"['Wurstvertilger', 'vertilgen']"
wüst,"['Wuster', 'Wüste', 'Wüstling', 'unverwüstlich']"
Klammer,"['Wäscheholzklammern', 'zerklammern']"
Wasserndorf,['Wässerndorfer']
Würzburg,['Würzburger']
zahm,"['Zahme', 'einzähmen', 'zähmen']"
stumpf,"['Zahnstumpfen', 'stümpfeln']"
Zaine,"['Zain', 'Zainer', 'auszainen', 'zainen']"
zampen,['Zamper']
zappeln,"['Zappeler', 'Zappelliese', 'Zappler', 'abgezappelt', 'abzappeln', 'herzäppeln', 'verzappelt', 'zappelig', 'zapplig']"
zaudern,['Zauderer']
zausen,"['Zauser', 'abgezausen', 'abzausen', 'auszausen', 'derzaust', 'verzauseln', 'verzausen', 'verzaust', 'zerzausen', 'zerzaust']"
Zeisig,['Zeiser']
Zell,['Zeller']
Zentring,['Zenterling']
Zeremonie,['Zeremonier']
zeschen,"['Zesche', 'verzeschen']"
Zicke,"['Zicken', 'zickeln', 'zicken', 'zickig']"
Zigeuner,"['Zigeunerin', 'herumzigeunern']"
zeppern,['Zipper']
zischen,"['Zische', 'Zischer', 'Zischerer', 'abzischen', 'anzischen', 'aufzischen', 'loszischen', 'verzischen']"
zockeln,['Zockler']
Zone,['Zonig']
Zotte,"['Zotteln', 'Zöttelbär', 'auszötten', 'verzotteln', 'verzottelt', 'verzötteln', 'verzöttelt', 'zottelig', 'zotteln', 'zottig', 'zöttelig', 'zötteln', 'zöttig']"
Tümpel,"['Zuchttümpel', 'austümpeln']"
zucken,"['Zucker', 'Zücker', 'umeinanderzockeln', 'zuckeln']"
Zucker,"['Zuckerlutschä machen', 'Zuckerschnecken', 'anzuckern', 'gezuckert', 'verzuckert', 'zuckerig', 'zuckern']"
drein,"['Zudrein', 'dreinbekommen', 'dreingehen', 'hinterdrein', 'hinterdrein [gehen]']"
Bockel,['Zugbockel']
zu,"['Zugewandeter', 'Zugezogener', 'allsozu', 'an einem Trumm zu', 'geh zu !', 'nacheinander zu', 'zu', 'zu Früh', 'zu arg', 'zu leide', 'zu nichts', 'zu weit', 'zudechsen', 'zuene', 'zugampern', 'zugeknöpft', 'zugestoßen', 'zugezogen', 'zukotzen', 'zuweit', 'zuzählen']"
Strang,"['Zugstrang', 'anstrangen', 'aussträngen', 'in Strang gehen', 'sich hinein die Stränge legen', 'sich in die Stränge legen']"
Öse,['Zugöse']
zurück,"['Zurückgezogener', 'zurückgehen (lassen)', 'zurückgezogen']"
schrumpfen,"['Zusammengeschrumpfte', 'zusammengeschrumpft', 'zusammenschrumpfen']"
kopulieren,['Zusammenkopulierter']
Rechen,['Zusammenrechig']
#schlagen,['Zusammenschlauen']
zwei,"['Zwanzig', 'Zwanziger', 'Zweier', 'Zweite', 'Zweitling', 'Zwiespitzen', 'Zwille', 'derzweien', 'entzweien', 'miteinander zweien', 'zweien', 'zweier', 'zweierlei', 'zweifach', 'zweit', 'zweite']"
zwölf,"['Zwölfe', 'zwölf heilige Nächte', 'zwölfe']"
zäh,"['Zähbacher', 'Zäher']"
zögern,['Zögerer']
Zoll,['Zöller']
Socke,"['Zöttelsocken', 'auf die Socken', 'sockeln', 'socken']"
Tournee,['[auf] Tournee sein']
Aal,['aalen']
Aas,"['aasen', 'aasig', 'veraasen', 'Äsiger', 'äsig']"
bimsen,"['abbimsen', 'anbimsen']"
Brause,"['abbrausen', 'davonbrausen', 'losbrausen', 'wegbrausen']"
brägeln,"['abbrägeln', 'anbrägeln', 'ausbrägeln', 'ausgebrägelt', 'gebrägelt']"
bussel,"['abbusseln', 'busseln', 'büsseln']"
schassen,['abchassen']
Dackel,"['abdackeln', 'dackeln', 'hindackeln']"
Drossel,"['abdrosseln', 'androsseln', 'drosseln', 'erdrosseln']"
echauffieren,['abechauffieren']
aber,['aber']
doch,['aber doch']
Espe,"['abespen', 'abgeespert', 'espig']"
faunzen,['abfaunzen']
Ferse,"['abfersen, sich', 'daherfersen', 'fersen', 'herumfersen']"
flacken,"['abflacken', 'flacker', 'flackern', 'hinanflacken', 'hinanflacken, sich', 'hinflacken']"
flackern,"['abflackern', 'wegflackern', 'zusammenflackern']"
Flamme,"['abflammen', 'aufflammen', 'aufflammern', 'flämmen', 'herabflammen', 'hinaufflammen', 'hinwegflammen', 'wegflammen']"
flaken,"['abflcken', 'derflaken', 'durchflaken', 'hinanflaken']"
fleddern,['abfleddern']
fleder,['abfledern']
flitzen,"['abflitzen', 'anflitzen']"
fludern,"['abfludern', 'aufpfludern', 'verfludern', 'wegpfludern']"
fotographieren,['abfotografieren']
frottieren,['abfrottieren']
Fräse,"['abfräsen', 'fräsen']"
fuchteln,['abfuchteln']
fummeln,"['abfummeln', 'befummeln', 'durchfummeln', 'fummelig']"
Gauner,"['abgaunern', 'abgäunern', 'gaunern']"
Farbe,"['abgefärbt', 'farbig', 'fleischfarbig', 'gefärbt', 'schießfarbig', 'verfärben', 'verfärbt']"
geheien,['abgeheien']
ledig,"['abgeledigt', 'derledigt', 'erledigt']"
locken,"['abgelocken', 'ablocken', 'herauslöckern', 'lockern', 'löckern']"
mezern,"['abgemezert', 'abmezen', 'abmezern', 'abmezern, sich']"
Model,"['abgemodelt', 'abmodeln', 'einmodeln', 'ummodeln']"
nagen,"['abgenageln', 'abgenagen', 'abnagen', 'abnagern']"
nufern,"['abgenufern', 'abnufern', 'ausgenufern']"
Nabel,"['abgenäbelt', 'abnabeln', 'abnäbeln']"
Planke,['abgeplankt']
Riffel,"['abgeriffeln', 'abriffeln', 'abriffeln, sich', 'abruffeln', 'anriffeln', 'aufgeriffeln', 'aufriffeln', 'ausriffeln', 'derifftet', 'geriffeln', 'herunterriffeln', 'riffeln', 'ruffeln']"
schirren,"['abgeschirren', 'abschirren', 'angeschirren', 'anschirren', 'anschirren, sich', 'aufgeschirren', 'aufschirren', 'ausgeschirren', 'ausschirren', 'eingeschirren', 'einschirren', 'umschirren', 'vorschirren', 'zerschirren', 'zuschirren']"
schlaff,['abgeschlafft']
welk,"['abgeschwelkt', 'abgewelkt', 'abschwelk', 'abwelken', 'angeschwelkt', 'angewelkt', 'anschwelken', 'anwelken', 'geschwelk', 'geschwelkt', 'schwelken', 'verschwelken', 'verschwelkt', 'verwelken', 'verwelkt', 'verwelktes', 'welkig', 'zusammengeschwelkt', 'zusammenschwelken']"
sengen,"['abgesengt', 'absengen', 'angesengt', 'gesengt', 'heruntersengen', 'versengen', 'versengt']"
sterben,"['abgestorben', 'absterben', 'ausgestorben', 'aussterben', 'gestorben', 'unsterblich']"
Tau,"['abgetaut', 'angetaut', 'antauen', 'aufgetaut', 'auftauen', 'herabtauen', 'tauen', 'tauig']"
gewinnen,['abgewinnen']
zapfen,"['abgezapfen', 'abgezapft', 'abzapfen', 'angezapfen', 'angezapft', 'anzapfen', 'verzapfen', 'verzapfen, sich', 'verzäpft', 'wegzapfen']"
gleich,"['abgleichnen', 'gleichgültig', 'ungleich']"
glimmen,"['abglimmen', 'herunterglimmen', 'verglimmen']"
Griffel,"['abgriffeln', 'begriffeln']"
hahl,['abhahlen']
Halfter,['abhalftern']
hargen,['abhargsen']
Hauderer,"['abhaudern', 'abhäudern']"
Heinze,"['abheinzeln', 'abheinzen']"
abhin,"['abhinig', 'abhinlecken', 'abhinwärts', 'zuendest abhin']"
hinlassen,['abhinlassen']
Hucke,"['abhucken', 'aufhockeln', 'aufhuckeln', 'aufhucken', 'buckelhuckeln', 'derhuckeln, sich', 'herumhuckeln', 'hockeln', 'huckeln', 'zusammenhuckeln']"
hunzen,"['abhunzen', 'hinhunzen', 'verhunzen', 'verhunzt', 'zerhunzen']"
Harm,"['abhärmen', 'abhärmen, sich', 'härmen']"
Kabanossi,['abkabanostern']
Kanzel,"['abkanzeln', 'herabkanzeln', 'herunterkanzeln', 'zusammenkanzeln']"
Kapitel,"['abkapiteln', 'herabkapiteln', 'herunterkapiteln', 'kapiteln']"
Karbatsche,"['abkarbatscheln', 'abkarbatschen, sich']"
karg,"['abkargen', 'abkargen, sich', 'abkärgeln', 'kärglich']"
Klavier,['abklavieren']
knabbern,"['abknabbern', 'abknabbern, sich', 'hinabknabbern']"
knackeln,"['abknackeln', 'abknacksen']"
Knauser,"['abknauern', 'abknausern', 'abknausern, sich', 'knausen', 'knauserig', 'knausern', 'knausrig', 'knausterig']"
knauntschen,['abknauntschen']
kneckeln,"['abkneckeln', 'abknecken', 'abkneckern', 'abknerkeln', 'abneckeln']"
knobeln,"['abknobeln', 'ausknobeln']"
knuckern,['abknuckern']
knöchen,['abknöchen']
Krone,['abkrönen']
Krücke,"['abkrücken', 'abkrücken, sich', 'beikrucken', 'hineinkrucken', 'kruckern']"
kultivieren,['abkultivieren']
Kuppe,"['abkuppen', 'kuppelig']"
Kampf,"['abkämpfen', 'herumkampeln', 'kampessen', 'kämpeln', 'kämpfen']"
Kuss,"['abküssen', 'küssen']"
lanzen,['ablanzen']
Leder,"['abledern', 'durchledern', 'einledern', 'herabledern', 'herunterledern', 'ledern']"
Lehen,['ablehen']
leinen,"['ableinen', 'anleinen', 'aufgeleint', 'aufleinen']"
letzen,"['abletzen', 'angeletzt']"
leugnen,"['ableugeln', 'ableugnen', 'verleugeln', 'verleugen', 'verleugern', 'verleugnen', 'wegleugeln', 'wegleugnen']"
liefern,['abliefern']
locker,"['ablockern', 'ablöckeln', 'ablöckern', 'ablückern', 'herauslückern']"
Lohe,"['ablohen', 'auflohen']"
Lotse,['ablotsen']
Luchs,"['abluchsen', 'herausluchsen', 'luchsen']"
Lumpf,['ablümpfen']
mahnen,"['abmahnen', 'dermahnen', 'ermahnen']"
massieren,['abmassieren']
meiern,['abmeiern']
Meißel,['abmeißeln']
Mergel,"['abmergeln', 'ausgemergelt', 'ausmergeln']"
molestieren,['abmolestiert']
preschen,"['abpraschen', 'abpreschen', 'anpreschen', 'fortpreschen', 'herunterpreschen', 'lospreschen', 'lospretschen', 'vorpreschen', 'wegpretschen']"
prasseln,"['abprasseln', 'abprassen', 'herunterprasseln', 'hinprasseln', 'hinprässeln', 'verprasseln', 'zusammenprasseln']"
prüfen,['abprüfen']
questern,"['abquestern', 'abquestern, sich', 'aufquestern', 'herumquestern', 'questen', 'questerieren', 'questernieren', 'questieren', 'questigen', 'questingen', 'questrieren', 'zusammenquestern']"
ratzen,"['abratzen', 'abratzen, sich', 'verratzt', 'zusammenratzen']"
rauschen,['abrauschen']
Reuter,['abreutern']
ribbeln,"['abribbeln', 'abrubbeln', 'abrubben', 'aufribbeln', 'einribbeln', 'rubben', 'rubbern', 'rübben', 'verribbeln']"
rotten,['abrotten']
rütteln,['abrütteln']
scharbeln,['abscharbeln']
schellen,['abschellern']
scheuern,"['abscheuern', 'aufscheuern', 'durchscheuern']"
Abscheu,"['abscheulich', 'verabscheuen']"
Schirm,"['abschirmen, sich']"
schmutzen,['abschmutzen']
schröpfen,"['abschröpfen', 'geschröpft']"
schubsen,"['abschubsen', 'anschubsen']"
schuffern,['abschuffern']
schwirren,['abschwirren']
Schübel,"['abschöbeln', 'abschöbern', 'aufschübeln', 'aufschübeln, sich', 'hinaufschübeln', 'hineinschübeln']"
Absicht,['absichtlich']
Spion,"['abspionieren', 'ausspionieren', 'herumspionieren']"
spüren,"['abspüren', 'aufspüren', 'spürbar']"
Steiper,"['absteipern', 'ansteipern', 'aufsteipern', 'dagegensteipern', 'gesteipern', 'hineinsteipern', 'steipern', 'untersteipern']"
striffeln,"['abstriffeln', 'gestriffeln', 'hinterstriffeln']"
Stufe,"['abstufen', 'einstufen', 'gestuft', 'hineinstufen']"
Stummel,"['abstummeln', 'abstümmeln', 'herabstümmeln', 'stümmeln', 'zustümmeln']"
sämen,['absämen']
tackeln,"['abtackeln', 'austackeln']"
Termin,['abterminieren']
tippeln,"['abtippeln', 'antippeln', 'tippern']"
triffeln,"['abtriffeln', 'abtriffen', 'auftribbeln', 'auftriffeln', 'zutriffeln']"
töffeln,['abtöffeln']
vagieren,['abvagieren']
vigilieren,['abvigilieren']
visitieren,['abvisitieren']
wehren,"['abwehren', 'derwehren']"
wimmeln,['abwimmeln']
wuseln,"['abwuseln', 'wuselig']"
zecken,['abzecken']
ziefern,"['abziefern', 'wegziefern', 'ziefen']"
Zirkel,"['abzirkeln', 'böhmisch zirkeln', 'zirkeln']"
zusen,"['abzuseln', 'abzusern', 'auszuseln', 'zuseln', 'zusern']"
zuzeln,"['abzuzeln', 'abzuzen', 'hineinzuzeln']"
zwacken,"['abzwacken', 'abzwecken', 'auszwacken']"
zöbeln,"['abzöbeln', 'gezöbeln', 'herauszöbeln', 'verzobeln', 'verzobelt', 'verzöbeln', 'verzöbelt', 'zerzöbeln']"
züglich,"['abzüglich', 'rückzüglich']"
äspern,['abäspern']
acheln,"['achilen', 'einkacheln', 'geacheln', 'herauskacheln']"
Adel,"['adeln', 'verhansadeln']"
aper,"['afere', 'aferet', 'apern', 'äfern']"
adorieren,['aldorieren']
Amen,['alle Amens lang']
elend,"['alle Elend lang', 'elendig', 'elendiglich']"
Ritt,"['alle Ritt', 'alle Ritt lang']"
unser,['alle Vaterunser lang']
allein,['alleinig']
allen,"['allen mal', 'allens', 'allensig', 'allenzig', 'allsen']"
Mal,"['allermals', 'damalig', 'dannenmals', 'dortenmals', 'dortmals', 'ehemals', 'selbenmals', 'selbmals']"
aller,['allez - allez']
dalli,['allez-dalli']
alls,['alls einmal']
allfort,['allsforten']
allzig,"['allzan', 'allzen']"
einmal,"['als einmal', 'auf einmal', 'einmalig']"
Kluft,"['alte Kluft', 'beste Kluft', 'bestes Klüftlein', 'geringes Klüftel', 'gutes Klüftlein', 'sauberes Klüftlein']"
Weste,['alte Weste']
alteriert,['alterieren']
Pack,"['am Schlafittich packen', 'anpacken', 'aufpacken', 'auspacken', 'derpacken', 'einpackeln', 'einpackeln, sich', 'einpacken', 'einpacken, sich', 'packen', 'zupacken', 'zusammenpackeln', 'zusammenpacken', 'zusammenpacken, sich']"
meist,"['am meisten', 'meistens']"
sehr,['am sehrsten']
am,"['an', 'an dem']"
hinauf,"['an den Himmel hinauf', 'auf den Himmel hinauf', 'gegen den Himmel hinauf', 'hinauf gehen', 'hinauf und herunter', 'hinaufklettern', 'hinaufsohlen', 'hinaufsprigen', 'hinaufwärts', 'in den Himmel hinauf', 'nach den Himmel hinauf']"
sein,"['anach sein', 'aus sein', 'auseinandersein', 'aussein', 'beieinandersein', 'hinter nach sein', 'hinter sein', 'hintereinander sein', 'hintereinandersein', 'hinterher sein', 'hinterhersein', 'hinternach sein', 'ist', 'sein können', 'seine', 'verrücktsein', 'wäre']"
befehlen,['anbefehlen']
betrachten,['anbetrachten']
bitzeln,['anbitzeln']
brutzeln,"['anbrötzeln', 'anbrötzlen', 'angebrutzelt', 'verbrotzeln', 'verbrutzelt']"
bums,"['anbummen', 'anbumsen', 'bummen', 'bumsen', 'bumsern', 'bumsig', 'hinanbumsen', 'hinbumsen']"
bumper,"['anbumpen', 'anbumpern', 'widerbumpen']"
Burnus,"['anburnussen', 'angeburnust']"
dalfern,['andalfern']
dotzen,"['andatzen', 'andotzen']"
dauern_1,"['andauernd', 'dauern']"
andtun,"['anden', 'andentun', 'andkommen']"
dressieren,"['andressieren', 'eindressieren']"
drohen,['androhen']
Eifer,"['aneifern', 'aufeifern', 'dereifern', 'eifern', 'eifrig', 'ereifern', 'geifern']"
geraten,"['aneinandergeraten', 'auseinandergeraten', 'durcheinandergeraten', 'hintereinandergeraten']"
fauchen,"['anfauchen', 'fauchsen']"
frümmen,"['anfrümmen', 'anfrümmen, sich', 'angefrümmen']"
Fugger,['anfuggern']
dudeln,"['angedudelt', 'bedüdelt', 'zusammendudeln', 'zusammendüdeln']"
Dunst,"['angedünstet', 'aufdünsten', 'gedünstet']"
freien,"['angefreit', 'gefreien', 'gefreit', 'zusammenfreien', 'zusammengefreit']"
heiter,['angeheitert']
Masche,['angemascht']
munter,"['angemuntert', 'aufmuntern']"
Nebel,"['angenebelt', 'bei Nacht und Nebel', 'benebelt', 'einnebeln', 'nebelig', 'nebeln', 'neblig', 'vernebeln']"
Pullover,['angepullvert']
Reim,"['angereimeln', 'angereimelt', 'angereimt', 'anreimeln', 'anreimeln, sich', 'anreimen', 'anreimen, sich', 'anreimsen', 'anreimsen, sich', 'aufreimen', 'gereimft', 'reimeln', 'sich anreimen', 'sich reimen']"
Schwips,"['angeschwipst', 'beschwipst']"
stocken,"['angestockt', 'derstockt', 'zusammengestockt', 'zusammenstocken']"
angsen,"['angstig', 'geangsten']"
Hefe,"['anhefeln', 'einhefeln', 'einhefen']"
Himmel,"['anhimmeln', 'auf den Himmel', 'himmeln', 'himmelwärts', 'in den Himmel']"
anig,['aniggehen']
Kies,"['ankieseln', 'kieseln', 'kiesig']"
kitschen,['ankitschen']
Klotschen,['anklotschen']
Knebel,"['anknebeln', 'ausknebeln', 'knebeln']"
kneten,"['ankneten', 'durchkneten', 'herumkneten', 'zusammenkneten']"
Knuffen,['anknuppern']
kritzen,"['ankritzeln', 'ankritzen', 'hinabkritzeln', 'hinkritzeln', 'zusammenkritzeln']"
kören,['ankören']
kund,"['ankündigen', 'verkünden', 'verkündigen']"
lauern,"['anlauern', 'auflauern', 'erlauern']"
lernen,"['anlernen', 'einlernen']"
Leuchse,"['anleuchsen', 'aufleuchsen']"
Mantel,"['anmanteln, sich', 'einmanteln', 'mantelig', 'mäntelig']"
mummen,"['anmummeln', 'anmummeln, sich', 'anmummen', 'anmummen, sich', 'anmummseln, sich', 'anmummsen', 'anmümmen', 'eingemummt', 'einmumben', 'einmumben, sich', 'einmummeln', 'einmummeln, sich', 'einmummen', 'einmummen, sich', 'einmummern', 'einmummsen', 'einmummsen, sich']"
mumpfeln,"['anmumpfeln', 'eingemumpfen', 'einmumpfeln', 'einmumpfeln, sich', 'einmumpfen', 'mumpfen', 'mumpfern']"
muscheln,"['anmuscheln', 'einmuscheln', 'zusammenmuscheln']"
musen,"['anmuseln', 'anmusen', 'anmusen, sich', 'einmuseln, sich', 'einmusen']"
Annonce,['annoncieren']
ordnen,"['anordnen', 'in Ordnung', 'unordentlich']"
Paar,"['anpaaren', 'ein paarmal', 'paaren']"
Panzer,"['anpanzern', 'anpanzern, sich', 'einpanzern, sich']"
Pflaume,"['anpflaumen', 'anpflaumern', 'aufpfläumeln']"
Pframpf,"['anpframpfen, sich', 'einigpframpfen', 'hineinpframpfen', 'hineinzusammenpframpfen', 'pframpfen', 'vollpframpfen']"
Preis,['anpreisen']
Pöbel,['anpöbeln']
rack,"['anracken', 'anräcken', 'racken']"
rahmen,"['anrahmen, sich']"
rotieren,"['anroterieren', 'anrotieren']"
rufen,"['anrufen', 'aufrufen', 'ausrufen', 'berufeln', 'nachrufen', 'unberufen', 'ungerufen', 'verrufen', 'zurufen']"
schelten,"['anschelten', 'ausschelten', 'zusammenschelten']"
schick,['anschickeln']
schmiegen,"['anschmiegen', 'anschmiegsam', 'geschmogen']"
Schmuggel,['anschmuggeln']
schränken,"['anschränken', 'beschränkt']"
schucken_1,"['anschucken', 'anschuckern', 'schuckeln', 'schuckern']"
schummeln,"['anschummeln', 'beschummeln']"
schuttern,['anschuttern']
Sefel,"['ansebeln', 'sebeln']"
sonst,"['ansonsten', 'sonsten']"
Soße,"['ansoßen', 'besoßen']"
Spachtel,"['anspachteln, sich', 'dreckspachteln', 'einspachten', 'hineinspachteln', 'spachteln', 'spachten']"
Sporn,"['ansporen', 'anspornen', 'gespornt']"
spreußen,"['anspreußen', 'aufspreußen', 'hinanspreußen', 'unterspreußen']"
stricksen,['anstrucksen']
Talg,"['antalgen', 'herumtalgen', 'hinantalgen', 'hintalgen']"
Tobel,"['antobeln', 'eintobeln', 'tobeln', 'vertobeln', 'volltobeln']"
Trab,['antraben']
attrappieren,['antrappieren']
trätzen,"['anträtzen', 'aufträtzen']"
tummeln,"['antummeln', 'austummeln, sich']"
turbieren,['anturbieren']
Turmel,"['antürmelig', 'herumtürmeln', 'turmelig', 'turmeln', 'turmlig', 'türmelig', 'türmeln', 'türmig', 'türmlig', 'umeinandertürmeln']"
vergessen,"['anvergessen', 'vergesslich']"
Wanze,"['anwanzen', 'anwanzen, sich', 'verbrannte Wanze']"
Wappen,['anwappen']
Wasen,"['anwasen', 'eingewast', 'einwasen']"
Zweifel,"['anzweifeln', 'bezweifeln']"
arg,['argen']
fahl,['aschfahl']
Atem,['atmen']
Atz,['atzelen']
au,"['aua', 'auau', 'auelau']"
noch,"['auch noch', 'noch nie', 'und noch']"
auch,['auch wenn']
gewiss,"['auf Ehre und Gewissen', 'ungewiss']"
zack,['auf Zack']
Fall,['auf jeden Fall']
davon,"['auf und davon', 'auf und davonlaufen', 'auf und davonrennen']"
balbieren,"['aufbalbieren', 'ausbalbieren']"
begehren,['aufbegehren']
blätzen,['aufblätzen']
Brast,"['aufbrasten', 'brassig', 'entbrastet']"
bäumen,"['aufbäumeln', 'aufbäumeln, sich', 'aufbäumen, sich', 'ausbäumeln', 'zusammenbäumen, sich']"
Daum,"['aufdaumen', 'daumen']"
dunsen,"['aufdossen', 'aufdunsen', 'aufgedunsen', 'gedossen']"
dringen,['aufdringlich']
dröseln,['aufdröseln']
brausch,['aufgebrauscht']
dossen,['aufgedossen']
glühen,"['aufglühen', 'glühnig', 'verglühen']"
Gucke,['aufgucken']
hantieren,['aufhantieren']
aufhin,"['aufhinschmieren', 'eines aufhinkriegen', 'in den Himmel aufhin', 'zuendest aufhin']"
Klecke,"['aufklecken', 'klecken']"
kolen,"['aufkolen', 'verkolen']"
krempeln,"['aufkrempeln', 'hinterkrempeln', 'umkrempeln']"
lau,"['aufleiern, sich', 'lauen', 'läuen']"
Meute,"['aufmeuteln', 'meutern']"
Pfau,['aufpfauen']
Platte,"['aufplatten', 'einplatten']"
prall,"['aufprallen', 'zusammenprallen']"
Rappel,['aufrappeln']
Schober,"['aufschobern', 'aufschöbern', 'durchschobeln', 'schobern', 'schöbeln', 'schöbern']"
Spektakel,"['aufspektakeln', 'spektakeln']"
Splitter,"['aufsplittern', 'gesplittert', 'splittern', 'versplittern', 'zersplittern', 'zersplittern, sich']"
spragen,['aufspragen']
strubbel,"['aufstrubbeln, sich', 'er hat ein Gestrubbel darauf', 'ganz verstrubbeltes Haar', 'gestrubbelt', 'hinaufstrübbeln', 'hinausfstrübbeln', 'strubbelich', 'strubbelig', 'strubbelige Haare', 'strubbeliges Haar', 'strubbeln', 'strubbletes Haar', 'verstrubbeln', 'verstrubbelt', 'verstrubbeltes Haar', 'verstubbeltes Haar', 'zerstrubbeln', 'zerstrubbelt']"
strupp,"['aufstruppeln', 'gestrüppig', 'struppig', 'strupplig']"
stülpen,"['aufstülpeln', 'aufstülpen', 'gestülpt', 'heraufstülpen', 'herumstülpern', 'hinaufstulpern', 'hinaufstülpern', 'hinausfstulpen', 'hinterstülpeln', 'hinterstülpen', 'hinterstülpern', 'stülpern', 'umgestülpt', 'umstülpen', 'umstülpern']"
stüppen,"['aufstüppen', 'aufstüppern', 'hinaufstüppern', 'hinterstüppeln', 'hinterstüppen', 'hinthinstüppeln', 'stüppern', 'umstüppeln']"
Tank,"['auftanken', 'tanken']"
Zwirn,"['aufzwirnen', 'verzwirnt']"
Zwang,"['aufzwängen', 'eingezwängt', 'hinanzwängen', 'hineinzwängen']"
Gelenk,"['aus dem Handgelenk', 'gelenkig']"
Lamäng,['aus der Lamäng']
Bald,['ausbalgen']
Beute,['ausbeuten']
Bogen,"['ausbogen', 'einbogen']"
buddeln,['ausbuddeln']
Bullen,"['ausbullen', 'ausbullern']"
Dauer,"['ausdauernd', 'überdauern']"
dibbern,['ausdibbern']
Fechser,['ausfechsen']
Beule,"['ausgebeult', 'hinausbeulen', 'verbeult']"
Fliese,['ausgefliest']
morsch,"['ausgemorscht', 'morschig', 'vermorscht', 'zusammengemorscht']"
ausher,"['ausherschauen', 'ausherschelfen']"
hinwärts,['aushinwärts']
Joch,"['ausjochern', 'einjochern']"
Kalk,"['auskalken', 'gekalkt', 'kalken', 'verkalken', 'verkalkt']"
keschben,"['auskaschbern', 'auskeschbern', 'auskischbern', 'zusammenkeschbern']"
Koffer,['auskoffern']
krampeln,['auskrampeln']
Köcher,['ausköchern']
Küken,['ausküchern']
leihen,['ausleihen']
Muster,"['ausmustern', 'ausmustern, sich', 'durchmustern', 'eingemustert', 'gemustert', 'mustern', 'zusammenmustern']"
näufeln,['ausnäufeln']
pflegen,"['auspflegen', 'verpflegen']"
planschen,"['ausplantschen', 'herumplanschen']"
Posaune,"['ausposaunen', 'ausposaunern']"
probieren,['ausprobieren']
puddeln,"['auspuddeln', 'herümpurrern', 'pullern', 'purrern']"
rangieren,"['ausrangieren', 'ausrangiert']"
rasieren,"['ausrasieren', 'unrasiert']"
Schlamm,"['ausschlammen', 'schlammen', 'schlammig', 'verschlemmt']"
spähen,['ausspähen']
taxieren,['austaxieren']
Australien,['australisch']
Trichter,"['austrichtern', 'eintrichtern', 'heraustrichtern', 'hineintrichtern', 'trichtern']"
Trick,"['austricksen', 'tricksen']"
tüfteln,['austüfteln']
wirken,['auswirken']
zitschen,['auszitschen']
dauß,"['außen daußen', 'daußen', 'däußen', 'hintendaußen', 'nebendaußen', 'nebendraußen', 'obendaußen']"
außen,"['außen draußen', 'nach außen', 'äußerer']"
draußen,"['außendraußen', 'hintendrauß']"
Vsw Inf,['āschbanna']
brr,['ba']
Bach,"['bacheln', 'bächeln', 'hinein den Bach treten']"
Balsam,"['balsamieren', 'einbalsamieren', 'einbalsamiert']"
Balz,"['balzen', 'bälzen']"
Bann,['bannen']
Barzel,['barzeln']
batten,"['battenieren', 'verbattern']"
Bayer,['bayerischer Hiasel']
dauern_2,"['bedauerlich', 'bedauern', 'bedauernswert']"
estimieren,"['bedestamieren', 'beestamieren', 'deestímieren', 'destamieren', 'destamiert', 'geestamieren', 'geestamiert', 'geestamtiert', 'geestimieren', 'geestimiert']"
Gier,"['begierig', 'gierig', 'neugierig', 'rachgierig']"
haften,"['behaftet', 'beinhäftig', 'wahrhaftig']"
beim,['bei dem']
bei,"['beinahe', 'beinand', 'beitreiben']"
klomer,['beklomer']
Kompliment,"['bekomplimentieren', 'hinauskomplimentieren']"
kritteln,['bekritteln']
niesen,['beniesen']
reinen,"['bereinen', 'reien', 'reiern', 'reinisch']"
labet,"['bet', 'labig']"
teuer,['beteuern']
betütern,"['betudeln', 'betüdeln']"
betucht,['betuilich']
Tor,"['betört', 'kerltöricht']"
bewegen,['beweglich']
Zeuge,['bezeugen']
Ziffer,['beziffern']
bis,['bis über']
bitter,"['bitterlich', 'verbittert']"
Blei,"['bleiern', 'bleiig']"
Brunst,['brünstig']
Borte,"['börteln', 'einbörteln']"
Büffel,['büffeln']
Charakter,['charakterlos']
Creme,"['cremig', 'eincremen']"
da,"['da daran', 'dahaben', 'dann', 'der']"
hint,['da hinten']
dabei,"['dabei sein', 'dabeisein']"
daher,['daherplaudern']
lamper,"['dahinlampeln', 'hemdelämpig', 'lampeln', 'unbelampert', 'unbelampet', 'ungelamperet', 'ungelamperig', 'ungelamprig', 'verlampeln']"
mal,"['damals', 'drittes Mal abschinden']"
daneben,"['danebendan', 'derneben']"
darauf,"['daraufpelzen', 'draufliegen', 'drauflosgehen', 'draufschüren', 'draufsetzen', 'draufstellen', 'draufzugehen']"
darum,['darum eben']
Fitz,"['darüberhinausfitzeln', 'eingefitzt']"
Christoph,"['davonstoffeln', 'fortstoffeln', 'hinausstoffeln', 'verstoffeln', 'vorbeistoffeln']"
dazu,"['dazunehmen', 'dazuzählen', 'und dazu', 'und noch dazu']"
Debatte,['debattieren']
dein,['deine']
Demut,['demütigen']
herunter,"['den Buckel runterrutschen', 'herunter', 'heruntermachen', 'herunterschlempern', 'herunterschreiben', 'runterarbeiten', 'runterbeißen', 'runterbinden', 'runterbockeln', 'runterbrummen', 'runtereggen', 'runterfallen', 'runterfangen', 'runterfemen', 'runterfliegen', 'runtergefallen', 'runtergefallig', 'runtergehen', 'runterglimmen', 'runterheben', 'runterhocken', 'runterkommen', 'runterlaufen', 'runterlundern', 'runterlündern', 'runternehmen', 'runterorgeln', 'runterprasseln', 'runterrankern', 'runterranzen', 'runterraspeln', 'runterreiten', 'runterreißen', 'runterreren', 'runterrieseln', 'runterschleifen', 'runterschmeißen', 'runterschöpfen', 'runtersitzen', 'runtertun', 'runterwerfen', 'runterziehen', 'runterzünden']"
den,['den Grundsatzdebatte']
deshalb,"['den sein halber', 'denderhalber', 'denhalben', 'denthalben', 'derdahalber', 'dererhalben', 'desderhalber', 'deshalben', 'desthalben', 'gerade deshalb']"
deswegen,"['denderwegen', 'denertwegen', 'denstwegen', 'dentwegen', 'derderwegen', 'derentwegen', 'dererwegen', 'derestwegen', 'dereswegen', 'deretwegen', 'desdertwegen', 'desderwegen', 'desterwegen', 'destweg', 'destwegen', 'deszuwegen']"
denn,['dennig']
altern,"['deraltern, sich', 'gealtern, sich']"
bersten,"['derborsten', 'verbersten']"
fast,"['derfrieren', 'erfrieren']"
haschen,['derhascht']
krietschen,['derkrietschen']
mantonieren,"['dermantieren', 'dermantonieren']"
müde,"['dermüdet', 'unermüdlich']"
deren,['dernen']
räh,"['derräh', 'rährig', 'zerräh']"
trischaken,['derschaken']
stick,"['dersticken', 'ersticken', 'gestickt', 'sticksig']"
Wirbel,"['derwirbeln', 'gewirbelt', 'herabzwirbeln', 'hineinwirbeln', 'untereinandergewirbelt', 'verwirbel', 'verwirbelt', 'wirbelig', 'zusammenwirbeln']"
Wirtel,"['derwirtel', 'eingezwirtelt', 'einwirteln', 'verwirteln', 'verwirtelt', 'zerwirteln', 'zerwirtelt', 'zusammengewirtelt']"
das,"['des', 'ins']"
desgleichen,['desgleichens']
infizieren,"['desinfizieren, sich']"
ThWb,['dest']
Dibbel,['dibbelich']
darin,"['dinnen', 'drinhängen', 'drinhängen haben', 'drinnen', 'zwischendrein', 'zwischendrin']"
din,"['dinsitzen', 'in', 'innendinnen', 'innigdin']"
dort,"['dorten', 'fort']"
Draisine,['draisinieren']
daraus,['drauskommen']
Paddel,['dreckpaddeln']
Drill,['drillen']
darüben,"['drüber', 'Überundüber', 'über-und-düber']"
darüber,"['drüberbeten', 'drüberhinausfitzeln', 'drüberhinüberkommen']"
Gequassel,['dummes Gerede']
dumper,['dumpern']
dumpf,['dumpfig']
Bank,['durch die Bank']
dürfen,['durchdürfen']
Wusch,"['durcheinanderwuscheln', 'verwuscheln', 'verwuschelt', 'wuscheln', 'zusammenwuscheln']"
Rost_1,['durchgerostet']
hecheln,"['durchhecheln', 'hechsen']"
kaudern,['durchkaudern']
kraulen,['durchkraulen']
passieren,['durchpassieren']
ringen,['durchringen']
dus,"['duselig', 'dusen', 'dusig', 'dusselig', 'duster', 'dustern', 'düster']"
Dussel,['dusslig']
Dörpel,"['dörpelig', 'dörpeln', 'dörplich', 'dörplig']"
düppeln,['düppelieren']
Eber,['ebern']
ehe,"['eher', 'zueh']"
ei,['ei freilich']
Wunder,"['ein Wunder', 'wunderbar', 'wunderlich']"
bisschen,"['ein bisschen', 'ein bissel', 'ein bisselein', 'ein bisslein', 'kein bisslein']"
allemal,['ein für allemal']
paar,['ein paar']
so ein,['ein so ein']
wenig,"['ein wenig', 'ein wenig her', 'ein wenigel', 'ein weniglein', 'weniger', 'weniger werden', 'wenigsten', 'wenigstens', 'zu wenig']"
was,['ein wenig was']
buscheln,"['einbuscheln', 'einbuscheln, sich']"
wegen,"['einerwegens', 'zuwegen']"
fort,"['einesfort', 'fort (in einem…)', 'fortschaffen', 'fortstämpern', 'fortwieder', 'fortwollen', 'in einem fort', 'in einer Tour fort']"
flüstern,"['einflüstern', 'zuflüstern']"
eng,['eingeengt']
heddern,['eingeheddert']
Maloche,['eingemalocht']
Rost,"['eingerostet', 'rostig', 'verrostet']"
Geschoss,"['eingeschossig', 'erdgeschossig', 'erdgeschössig']"
sudeln,"['eingesudelt', 'zersudelt']"
einwecken,['eingewecktes']
Öl,"['eingeölt', 'einölen', 'geölt', 'ölen', 'ölig']"
einhin,"['einhiniggehen', 'einhinschieben', 'einig']"
Hülle,"['einhullen', 'einhullern', 'einhüllen', 'einhülligen']"
Igel,"['einigeln', 'igelig', 'lausig', 'sauigeln']"
jeder,"['einjeder', 'jeden']"
Mief,"['einmiefen', 'vermeifen', 'vermiefen']"
mollen,"['einmollen', 'einmollen, sich']"
einach,['einnach']
notteln,['einnotteln']
Perle,"['einperlen', 'perlig']"
Pomade,"['einpomaden', 'einpomadisieren', 'pomaden', 'pomadieren', 'pomadig', 'pomadisieren', 'pomieren']"
Pökel,['einpökeln']
raschen,['einraschen']
schimmern,['einschimmern']
Schranke,['einschränken']
Seife,"['einseifen', 'seifen', 'seifig']"
sinken,"['einsinken', 'versinken', 'versunken']"
so,"['einso', 'genau so', 'gerade so']"
Stimme,"['einstimmig', 'zweistimmig']"
einst,['einstweilen']
Wachs,['einwachsen']
weiden,"['einweideln', 'verweideln']"
Eiter,"['eiterig', 'eitern', 'eitrig']"
Ekel,"['ekelig', 'eklig']"
elektro,['elektrisieren']
englisch,['englisch einkaufen']
enterisch,['entern']
fern,['entfernen']
Entsetzen,['entsetzlich']
erlauben,"['erlaubt', 'unerlaubt']"
Erle,['erlen']
Ton,"['ertönen', 'tonig', 'tönern']"
Wunsch,"['erwünscht', 'gewünscht', 'unerwünscht', 'ungewünscht']"
Messe,['es ist Lichtmess']
etwer,['etwen']
etwa,['etwerlich']
ex,['ex']
Ehzeit,['ezen']
Farre,"['farrig', 'färrig']"
Fasel,['faseln']
Feile,['feilen']
einerweg,['fein einerwegens']
femel,['femelig']
ferten,"['ferting', 'vorfern', 'vorferten', 'vorfertig']"
gest,['festnageln']
Fieber,"['fiebern', 'fiebrig']"
Filter,['filtern']
finster,['finsterig']
folgen,"['folgsam', 'unfolgsam', 'verfolgen']"
Folter,['foltern']
wieder,['fort wieder']
müssen,"['fortmüssen', 'wegmüssen']"
Fortschritt,['fortschrittlich']
über,"['fortüber', 'gegenüber', 'lebensüberdrüssig', 'vor (temp)', 'über nächten', 'überecks gehen', 'überig', 'überschig']"
Frede,"['freden', 'herausfreden']"
manger,"['fressmangerlen', 'mangerlen']"
freuen,['freudig']
Friede,['friedlich']
Fürst,['fürstlich']
Gacks,['gacksen']
gauckeln,['gaglich']
Gahwätel,['gahwäteln']
gamper,"['gamperig', 'herumgampen', 'ungamper', 'ungampet']"
gampen,"['gampern', 'herumgampern', 'ungamperet']"
gar,['gar zu gern']
Garantie,['garantieren']
gauen,['gauern']
Gebärde,['gebärden']
drechseln,"['gedrechselt', 'hindrechseln', 'verdrechselt']"
droseln,['gedroseln']
Geduld,['geduldig']
Firlefanz,['gefirlefänzig']
Zentrifuge,"['gefugiert', 'gefugt']"
fügen,['gefügig']
gegen,['gegen']
hoppen,['gehoppet']
Gehre,['gehrt']
geht zä Beicht,['geht zur Beichte']
#kotteln,['gekottelt']
Krumpel,"['gekrümpelt', 'krumpelig', 'vergrumpfelt', 'verkrümpelt', 'zusammengekrümpelt']"
Geleich,['geleichig']
lind,"['gelinden', 'linder werden']"
lispeln,['gelispelt']
genug,"['genug haben', 'genugen', 'genügen']"
genant,['genös']
Plage,['geplagt']
Punkt,"['gepunkelt', 'gepunktelet', 'gepunktelt', 'gepunktet', 'gepünkelt', 'gepünktelt', 'pünktlich']"
puppen,['gepuppt']
Gespons,"['gepuseln', 'gespuseln']"
Gericht,['gerichtlich']
Pumser,['geröstete Pumser']
schwittern,"['geschittert', 'geschwitteret', 'geschwittert', 'geschwittleret', 'geschwittrig']"
Geschmeide,['geschmeidig']
Schmuck,"['geschmückt', 'schmücken']"
Sprenkel,"['geschreckelt', 'gesprangelt', 'gespreckelt', 'gesprenkelt']"
schreffen,['geschrefft']
malade,['geschreimalade']
schräppen,['geschräppt']
schwelkern,['geschwelkert']
schwetzeln,"['geschwetzelt', 'schwetzelig']"
schwippen,"['geschwippelt', 'geschwippet']"
schwirbeln,['geschwirbelt']
Gespenst,['gespenstig']
spicken,['gespickt']
Spore,"['gesporet', 'versport']"
sprenzen,['gesprinzt']
gesset,"['gessen', 'gesten', 'hessen und gessen']"
stantepede,"['gestantepedig', 'stantepeden']"
Strafe,"['gestraft', 'strafen']"
stylen,['gestylet']
tünchen,"['getüncht', 'tünchern', 'tünchnern']"
gewand,['gewandig']
Gewitter,"['gewitterig', 'gewittern', 'wittern']"
währen,"['gewähren', 'währenddessen']"
giepen,['giepsen']
glitzern,['glitzerig']
Gondel,"['gondeln', 'herumgondeln']"
gossen,['gossern']
Gramm,['grammweise']
Grand,['granteln']
Grazie,['graziös']
grell,['grellig']
Grind,['grindig']
Groll,['grollen']
Kozen,['großkozig']
Macht,"['großmächtig', 'mächtig']"
gruseln,['gruselig']
Gruß,['grüßen']
gift,['gällsgiftig']
Hader (2),['hadern']
Hain,['hainbüchern']
Hall,['halleinen']
Hanker,['hankern']
Harmonie,['harmonieren']
Harz,['harzen']
Haspel,"['haspeln', 'verhaspelen', 'verhaspeln', 'verhaspeln, sich', 'verhobasteln, sich']"
hauß,"['haun', 'haußhocken', 'haußhängen']"
hei,['heidi partie']
heikel,"['heikelig', 'heiklig']"
heiser,"['heiserig', 'häuslich']"
hinze,"['henz', 'henzen']"
herüber,"['her herüber', 'herüberwärts']"
wist,"['her wist', 'wista', 'wistawista', 'wisten']"
Flut,['herabfluten']
Glied,['herabgliedern']
hopsen,['herabhopsen']
schlenzen,"['herabschlemsen', 'herunterschlemsen', 'schlemsen']"
herauf,['heraufhüpfen']
Bühl,['herausbühlen']
Meier,['herausmeiern']
Wamme,['herauswammen']
brammeln,"['herbrammeln', 'hinbrämmeln']"
Schleier,"['hereinschleiern', 'schleieren']"
hätscheln,"['herhätscheln', 'verhätscheln']"
Harfe,['herpfen']
Trott,['hertrotteln']
gicken,"['herumgicken', 'hinangecksen']"
Gerust,['herumgruscheln']
Kaule,"['herumkaulen', 'kaweln']"
Krampe,"['herumkrampern', 'krampen']"
Kurve,"['herumkurven', 'kurven', 'zusammenkurven']"
lüpfen,['herumlupfen']
Lümmel,['herumlümmeln']
müschen,['herummüschen']
noppen,"['herumnöppern', 'vernoppelt']"
Pfudel,['herumpfüdeln']
Schaukel,"['herumschaukeln', 'schaukeln']"
schlanken,['herumschlankern']
Schmul,['herumschmulen']
Schnude,"['herumschnüdeln', 'schnüdelig']"
Stier,"['herumstieren', 'hinstieren', 'stieren', 'stierig']"
Stromer,"['herumstromern', 'stromern']"
suhlen,"['herumsuhlen, sich']"
vage,"['herumvagerieren', 'herumvagieren', 'vagerieren', 'vagieren']"
Wiesel,"['herumwieseln', 'wieselig']"
Zagel,['herumzageln']
hesset,"['hessen', 'hesten']"
heunen,['heunern']
heute,['heutig']
hier,"['hie', 'hier rufen', 'hier schreiben']"
hick,"['higgen', 'hucksen']"
hi,['hihaha']
taumeln,"['hin- und hertaumeln', 'hintaumeln', 'taumelig', 'taumlig', 'täumlig']"
hinan,"['hinan gehen', 'hinangerieben', 'hinanwachsen', 'hinanwärts', 'hnanbollern']"
Fussel,"['hinanfusseln', 'hineinfusseln', 'verfusselt']"
hinanwärts,['hinanwärts gehen']
hinunter,"['hinauf- und hinabrutschen', 'nununtergehen']"
Kurbel,"['hinaufkurbeln', 'kurbeln']"
Knie,"['hineinknien', 'hinknien, sich', 'knieen', 'kniefieselig', 'knien', 'niederkniegeln', 'niederknien']"
Schlund,"['hineinschlunden', 'unrechter Schlund', 'verkehrter Schlund']"
explizieren,"['hinexplizieren, sich']"
Knaster,['hinknastern']
murmeln,['hinmurmeln']
nuscheln,['hinnuscheln']
pfopfern,['hinpfopfern']
speizen,['hinspeizen']
drinten,['hinten drinten']
krumpeln,['hinterkrümpeln']
List,"['hinterlistig', 'listig', 'überlisten']"
Koller,"['hinunterkollern', 'kollern']"
hinüber,"['hinüb', 'hinüberwärts']"
hoffen,"['hoffentlich', 'unverhofft']"
Hummel,"['hummelig', 'surmhummeln']"
hummen,"['hummsen', 'humpern', 'humpsen', 'humsen', 'hümpern', 'hümpfern', 'verhümpeln']"
Prozent,"['hundertprozentig', 'prozentig']"
hunt,['hunten']
Hans,['hänseln']
hü,"['hüa', 'hüja', 'hüsta', 'wia']"
ihm,['ihn']
ihn,['ihnen']
ihr,"['ihre', 'ihrer', 'ihrzen']"
im,['im']
Nu,['im Nu']
voraus,['im Voraus']
imponieren,['imponiert']
studieren,['in den Laibbrot studieren']
Indien,['indisch']
Interesse,"['interessenlos', 'interessieren', 'interessieren, sich']"
irden,"['irdig', 'unterirdisch']"
etwas,['irgendetwas']
irgend,['irgendetwas haben']
ja,"['ja nicht', 'ja wirklich', 'na ja schon']"
jed,"['jede', 'jeder']"
jener,['jene']
jentag,['jentlich']
jetzt,"['jetze', 'jetzen', 'jetzig', 'jetzing', 'jetzten', 'jetzther']"
jubeln,"['jubilieren', 'verjubeln']"
Zunge,"['katzenzüngig', 'züngeln', 'zünglich']"
Wort,"['kein Sterbenswörtlein', 'wortwörtlich', 'wörtlich']"
Ketzer,['ketzern']
kicken,"['kickern', 'kicksen']"
Kitz,"['kitzeln', 'kitzen']"
Klaue,['klauen']
Knoten,"['knotig', 'knötig', 'verknoteln', 'verknoten', 'verknotteln', 'verknöteln', 'verknötelt', 'zuknoteln', 'zuknöteln', 'zusammenknoten', 'zusammenknöteln', 'zusammenknöten']"
Kogs,['kogsen']
Kolomes,['kolomesen']
Kolpel,"['kolplet', 'unkolperet']"
Krebs,['krebsig']
krepp,['kreppen']
Kringel,['kringeln']
Krise,['kriseln']
Kruste,['krustig']
Krakel,['kräkeln']
Kujon,['kujonieren']
akkurat,['kurrant']
Wade,['langwadlig']
Latte,['latten']
Laune,['launig']
lauter,"['lauterig', 'lautig']"
Lehm,"['lehmerig', 'lehmig']"
Leid,"['leid sein', 'leidig', 'leidlich']"
Leinen,['leinig']
Letten,['lettig']
lidschäftig,['lidschäftlich']
Lied,['liedeln']
pesen,['lospesen']
Ludel,['ludeln']
lummer,['lummerig']
Lot,['löten']
Löwe,['löwen']
Lücke,['lückig']
Marder,['madern']
Malm,['malmig']
Malter,"['maltern', 'moltern']"
Manier,"['manierlich', 'unmanierlich']"
Massaker,['massakrieren']
mauschel,['mauscheln']
Sakrament,"['mentieren', 'sakern', 'sakramentieren']"
gönnen,"['missgönnerisch', 'missgönnig', 'vergönnen', 'vergönnen, sich', 'vergönnt']"
mit,"['mit (aufsetzen)', 'mitsammen']"
dem,['mit dem']
Mock,['mockeln']
Moder,"['modderig', 'moderig', 'modern', 'modrig', 'vermodern']"
Moment,['momentan']
Morast,"['morasten', 'morastig']"
moscheln,"['moscheln, manschen']"
muh,['muhen']
Mulm,"['mulmig', 'multschig', 'vermulmt', 'verulmt']"
Mund,"['mumpeln', 'mumpfig', 'mündeln']"
mäh,['mähen']
Mörser,['mörsern']
müchen,"['müchern', 'müchsen']"
Mühe,['mühselig']
Münze,['münzen']
müpfen,['müpfig']
Schnotzen,['nachschnotzen']
weinen,"['nachweinen', 'weinerlich']"
Natur,['natürlich']
neben,['nebenan']
Pfarrer,['nebenhinauspfarren']
necken,['necksen']
überhaupt,['nicht wissen']
niemand,['nieman']
nieseln,['nieselrig']
Niete,['nieten']
noster,['nostern']
Nummer,['nummerieren']
nur,['nur nicht']
nächten,"['nächtens', 'unternächten', 'untersnächt', 'untersnächten', 'vornachten', 'vornächten', 'vornächtig']"
knängen,['nängern']
nüchtern,['nüchter']
nühen,['nühern']
eh,['o jehelein']
offen,"['offig', 'öffentlich']"
oft,"['often', 'öfting']"
oh weh,['oh wehelein']
oh,"['oh-mei', 'oha', 'ojemine', 'öha']"
Feige,['ohrfeigen']
Pfampf,"['pampfen', 'pampfern', 'pfampfeln', 'pfampfen', 'zusammenpampfen']"
Paspel,['paspelieren']
Pause,"['pauseln', 'pausieren']"
Pedal,['pedalen']
Pein,['peinigen']
pfitsch,['pfitscheln']
Pfriem,['pfriemen']
pfuffen,['pfuffsen']
pfuien,['pfuichsen']
pimpeln,['pimpelig']
pinzen,['pitzelig']
plete,['pleten']
pover,['povern']
Prapps,['prappsen']
Pracht,"['prächtig', 'rotprächtig']"
pumsen,['pumsig']
quieken,['quieksen']
quitt,['quittieren']
quäken,['quäkern']
Raupe,['raupen']
Rebell,['rebellen']
Reibach,['reefen']
Regel,['regeln']
rehen,['reha']
Reiher,['reihern']
Respekt,['respektieren']
retirieren,['reterieren']
reuen,['reuig']
riskieren,['riskant']
Ross,"['rossen', 'rossig', 'rossten']"
Rugel,"['rudeln', 'rugeln']"
Ruder,['rudern']
Rumor,['rumoren']
Rumpf,['rumpfen']
rag,['rägsig']
Ranft,['ränftig']
Rüge,['rügen']
satt,['satt haben']
Kirsche,['saure Kirschel']
Schabernack,['schabernecken']
Schachtel,['schachteln']
jaloux,['schalo']
Schauer,['schaurig']
scheel,['scheelig']
Scherz,['scherzen']
schicker,['schickern']
Schikane,['schikanieren']
schlürfen,['schlürfern']
Schmutz,['schmutzig']
Schnabel,"['schnabeln', 'schnabulieren', 'schnäbeln']"
Schnepfe,['schnepfen']
schniefen,"['schnieberig', 'schniebern']"
schnuck,['schnuckelig']
schofel,"['schofelig', 'schoflig']"
schon,['schonde']
Schra,['schraen']
schroh,['schrohen']
schrumpeln,"['schrumpelig', 'verschrumpelt']"
schucken_2,['schucken']
Schummer,"['schummerig', 'schummern', 'schummrig']"
Schwalbe,['schwalben']
Schweif,['schweifen']
schweigen,"['schweigsam', 'verschweigen', 'verschwiegen']"
schwanger,['schwängern']
Schütte,['schütten']
seit,['seither']
Siff,['siffen']
Silber,"['silberig', 'silbern', 'silbernig']"
simpel,"['simpeln', 'versimpeln']"
sinister,['sinistern']
Skrupel,['skrupellos']
solch,['solchtan']
Sole,['solen']
Leite,"['sommerleitig', 'wetterleitig', 'winterleitig']"
Sonne,['sonnen']
sott,['sotter']
Speidel,['speidelig']
Spiegel,['spiegeln']
Spurt,['spurten']
staksen,['staksig']
Stenz,['stenzen']
Stern,['sternhagelbesoffen']
stracks,['stracksen']
Strahl,['strahlen']
Strand,['strandeln']
Strähne,"['strähnen', 'strähnig']"
Strumpf,"['strümpetig', 'strümpfete', 'strümpfetig', 'strümpfig']"
Sympathie,"['sympathisch, nicht', 'unsympathisch']"
samt,['sämtlich']
Tadel,['tadeln']
Dieb,['tagdieben']
Teer,['teeren']
Telefon,['telefonieren']
trillen,"['tirilieren', 'trillern']"
tolerieren,['tolerant']
torkeln,['torklig']
Toto,['totern']
treisten,['treistern']
trossen,['trostern']
Tyrann,['tyrannisieren']
Turm,['türmen']
umeinander,"['umeinanderkotzen', 'umeinandtreiben', 'umeinangerlotzen', 'umher, in alle Richtungen']"
balfern,['umherbalfer']
umher,"['umhererstüren', 'ümherknören', 'ümherstochern', 'ümherstüren']"
umhin,['umhingehen']
krabben,['umkrabben']
schmeissen,['umschmeissen']
bequem,['unbequem']
und,"['und gerade', 'Über-und-über']"
wenn,['und wenn']
dörsch,['undörsch']
edel,"['unedel', 'veredeln', 'veredelt']"
eins,['uneins']
entschließen,['unentschlossen']
Frieden,"['unfrieden', 'unzufrieden', 'zufrieden']"
gebühren,['ungebührlich']
geheb,['ungeheb']
Gemüt,['ungemütlich']
geschickt,['ungeschickt']
möglich,['unmöglich']
praktisch,['unpraktisch']
reif,['unreif']
uns,['unser']
Sitte,['unsittlich']
stet,['unstet']
darunten,['unten drunten']
untenher,['untenherig']
Verzug,['unverzüglich']
Urin,['urinieren']
uräß,['uräßen']
agitieren,['veragitieren']
beizen,['verbeizen']
brozen,['verbrozt']
verdammen,['verdammt']
Verdacht,['verdächtig']
vereinbaren,['vereinbart']
gaffen,['vergaffen']
Gaudi,['vergaudieren']
vergeben,['vergeblich']
gelstern,['vergeltschern']
hapern,['verhapern']
harsch,['verharscht']
Hohn,"['verhohnackeln', 'verhohneckeln', 'verhohnepipeln', 'verhohnneckeln', 'verhohnpappeln', 'verhohnpäppeln', 'verhohnäppeln']"
horlen,['verhorlen']
knisten,['verknastern']
knittern,"['verknittert', 'zusammengeknittert']"
Knüppel,"['verknuppen', 'zusammengeknüppelt', 'zusammenknüppeln']"
Knäuel,"['verknäudeln', 'verknäulen']"
knuddeln,['verknüddelt']
lotter,"['verlottern', 'verlottert']"
lüseln,"['verläuseln', 'zuläuseln', 'zulüseln']"
mulb,['vermulbd']
Möbel,['vermöbeln']
pappern,['verpappern']
pfluschen,['verpfluschen']
quomen,['verquomt']
Rest,['verrestet']
schamerieren,['verschamerieren']
Schiddich,['verschiddiche']
schmähen,['verschmähen']
Schnörkel,['verschnörkelt']
Schuft,['verschuften']
verschwenden,['verschwenderisch']
schäcken,['verschäckt']
Verstand,"['verständigen, sich']"
tuscheln,"['vertuscheln', 'zusammentuscheln', 'zutuscheln']"
Tölpel,"['vertölpeln', 'übertölpeln']"
wahren,['verwahrlost']
Waise,['verwaist']
zimpern,"['verzimpert', 'zimperlich', 'zimpferlich', 'zipperlich']"
zart,['verzärteln']
veräppeln,"['veräpfeln', 'Äppeler']"
Arger,['verärgern']
Ärger,"['verärgert', 'Ärgerlich', 'Ärgernis', 'ärgerlich', 'ärgern']"
vorn,['vorne']
Vosatz,['vorsätzlich']
weiter,['weiterdürfen']
welch,['welche']
wen,['wenig']
Wespe,"['wepsig', 'wespig']"
wer,['weren']
widerspenstig,['widergespenstig']
wie,['wie  wenn']
Wiss,"['wieseln', 'wiseln', 'wisseln', 'wissen', 'wissern']"
mië genna zur Beicht,['wir gehen zur Beichte']
feil,['wohlfeilig']
Wolle,"['wollen', 'wollig', 'wöllig']"
Wucht,['wuchtig']
wummern,['wummerig']
Zaster,['zastern']
Krieg,['zerkriegen']
lappen,['zerlappern']
lerz,['zerlerzent']
schleißen,['zerschleißen']
wir,"['zerwirr', 'zerwirrt']"
zieb,"['zieben', 'zieber-zieber', 'ziebern']"
ziepen,"['ziepsen', 'zippern']"
Zins,['zinslich']
Gebirge,['zu Gebirge']
zum,"['zu dem', 'zum besten', 'zum liebsten']"
viel,"['zu viel', 'zuviel']"
bispern,['zubispern']
blieseln,['zublieseln']
aushin,['zuendest aushin']
fürhin,['zuendestfürhin']
Zufall,['zufällig']
gelfen,['zugelfen']
zund,['zunden']
nuschen,['zunuscheln']
der,['zur']
raunen,['zuraunen']
weifen,['zurechtweisen']
hieven,['zurückhüfen']
dammeln,['zusammendämmeln']
faseln,['zusammenfaseln']
pflentschen,['zusammenflentschen']
boßen,['zusammengebäusd']
falzen,['zusammengefalzt']
knüllen,['zusammengeknüllt']
krümpfen,"['zusammengekrüpfelt', 'zusammenkrümpfen']"
mähnen,['zusammengemähnt']
Murmel,['zusammenmurmeln']
quassen,['zusammenquasseln']
schrinden,['zusammenschrinden']
watschen,['zusammenwatschen']
winseln,['zusammenwinseln']
zurren,['zusammenzurren']
Zwiebel,['zwiebeln']
Stoff,['zwirnstoffig']
Zähre,['zähren']
zanger,['zängerlich']
Zunft,['zünftig']
Österreich,['Österreicher']
Überkingen,['Überkinger']
seilen,['Überseiler']
Üchse,"['Üchselhaar', 'Üchsenhaar']"
Angst,['ängstlich']
ätsch,['ätschig']
außer,"['äußerlich', 'äußern']"
Ost,['östlich']
Überdruss,['überdrüssig']
Schwetze,['überschwetzeln']
übersich,['übersichbringen']
üben,['üblich']
übrig,['übrigens']
unzignächten,['ünzig']
