Lemma,Grundform
Rute,"['Aaronsrute', 'Barnrute', 'Barnsrute', 'Eierruten', 'Gänsrute', 'Herrnruten', 'Quadratrute', 'Schneerute', 'Sperrrute', 'Tagrute', 'Weiherrütlein']"
Geier,"['Aasgeier', 'Gänsegeier', 'Hennengeier', 'Jochgeier', 'Nachtgeier', 'Taubengeier', 'Wäschegeier']"
beten,"['Abbeten', 'Dankbeten', 'Gesundbeten', 'Gesundbeter', 'Gesundbeterin', 'Hasenleichtbeter', 'Leichenbeter', 'Leichtbeter', 'Sündabbeten', 'Vorbeter', 'Vorbeterin']"
bitten,"['Abbitte', 'Abbitten', 'Leichenbitter']"
Korb,"['Abblattkörbel', 'Apfelkorb', 'Apfelkörblein', 'Armkorb', 'Babykorb', 'Beckenkorb', 'Bienenkorb', 'Blatterskorb', 'Blattkorb', 'Blattkörbel', 'Blattkörblein', 'Brechkorb', 'Brechkörblein', 'Brockkörbelein', 'Esskorb', 'Frankenkorb', 'Futterkorb', 'Fütterkorb', 'Gartenkorb', 'Graskorb', 'Grundbirnskorb', 'Halbkorb', 'Handkorb', 'Handkörblein', 'Henkelkorb', 'Henkelkörblein', 'Huckekorb', 'Huckelkorb', 'Immenkorb', 'Kartoffelkörbchen', 'Laubkorb', 'Marktkorb', 'Metzenkorb', 'Mähkorb', 'Obstkorb', 'Obstkörbel', 'Obstkörblein', 'Pflückkorb', 'Pflückkörblein', 'Rupfkorb', 'Rupfkörblein', 'Rütchenkorb', 'Schüsselkorb', 'Sensenkorb', 'Spankörblein', 'Starenkorb', 'Streukorb', 'Säkorb', 'Tassenkörblein', 'Tragkorb', 'Tragkörbchen', 'Weidenkorb', 'Weidkorb', 'Wäschkorb', 'Zainkorb', 'Zwickerkörblein']"
brechen,"['Abbruch', 'Anbruch', 'Apfelbrecher', 'Apfelsbrecher', 'Aufbruch', 'Bahnbrecher', 'Brecheis', 'Bruch', 'Bügelbruch', 'Durchbruch', 'Ehebrecherin', 'Einbrecher', 'Eisbruch', 'Erstumbruch', 'Frischumbruch', 'Halmumbrechen', 'Halsbrecher', 'Hineinbruch', 'Hosenbruch', 'Neubodenbruch', 'Neubruch', 'Neuumbruch', 'Reihenbrechen', 'Schneeabbruch', 'Schneebrecher', 'Schneebruch', 'Schussbrecher', 'Steinbrecher', 'Steinbrüchler', 'Umbrechen', 'Umbrechung', 'Umbruch', 'Waldbruch', 'Waldumbruch', 'Wiesenumbruch', 'Windbruch', 'Wolkenbruch', 'Wutausbruch', 'Zahnbrecher', 'Zähnebrecher']"
Butz,"['Abbutz', 'Abbutzet', 'Abbutzig', 'Abbützig', 'Abfallbützig', 'Adamsbutzen', 'Adamsbützel', 'Adamsbützlein', 'Apfelbutzen', 'Apfelbützlein', 'Apfelsbützlein', 'Aprilbutz', 'Aprilbutzen', 'Ausbutzig', 'Barnbützig', 'Birnenbutzen', 'Birnenbützel', 'Butzelein', 'Butzer', 'Bäumebützig', 'Erdapfelbutzen', 'Erdbirnbützel', 'Erdbirnbützig', 'Erdbirnenbutzel', 'Erdbirnenbützel', 'Erdbirnenbützig', 'Erdäpfelbutzen', 'Erdäpfelsbutz', 'Fichtenbutzel', 'Fichtenbutzelein', 'Frühjahrsbutzen', 'Gemüsbutzel', 'Gemüsebutzel', 'Gemüsebutzen', 'Gemüsebutzig', 'Gemüsegebützig', 'Gewitterbutze', 'Gewitterbutzen', 'Grasbutzen', 'Haarbutt', 'Haarbutz', 'Haarbutzen', 'Haferbutzelein', 'Hagebutz', 'Hagebutze', 'Hagebutzer', 'Hagelbutz', 'Hagelbutze', 'Herzbützelein', 'Heubützig', 'Hundsbutz', 'Hängebutze', 'Hühnerbutz', 'Krenbützig', 'Kühbutzel', 'Magenbutz', 'Maienbutzen', 'Mehlbutzlein', 'Nestbutzel', 'Ofenbutzelein', 'Pfandbutzen', 'Rasenbutzen', 'Saubutz', 'Schauerbutzen', 'Schlehenbutzen', 'Schneebutzen', 'Schnuckebutzi', 'Schnuckibutzi', 'Schulbutzelein', 'Tannenbutzel', 'Tannenbutzelein', 'Wasenbutzen', 'Wegbutzig', 'Zusammenbutzig', 'Äpfelbutzen']"
decken,"['Abdecker', 'Balkendecke', 'Bodendecker', 'Doppeldecker', 'Eisdecke', 'Eisdeckelein', 'Eisdecklein', 'Grasdecke', 'Holzdecke', 'Knittereisdecke', 'Rasendeck', 'Rasendecke', 'Schieferdecker', 'Strohdecke', 'Tischdecklein', 'Wachsdeckener', 'Zudecke']"
Rasen,"['Abdeckrasen', 'Wehrrasen']"
dingen,"['Abding', 'Andinger', 'Ausbeding', 'Ausding', 'Ausdingig', 'Ausgeding', 'Eindinger', 'Eingedingte', 'Knechteverdinger', 'Leibgeding', 'Mägdeverdinger', 'Mägdeverdingerin']"
drücken,"['Abdruck', 'Abdruckelein', 'Albdruck', 'Albdrücken', 'Allerweltsausdruck', 'Andruck', 'Ausdruck', 'Druck', 'Druddrücken', 'Eindruck', 'Fingerabdruck', 'Gesichtsausdruck', 'Grundbirnendrücker', 'Hexendruck', 'Hexendrücken', 'Luftdruck', 'Mordsdruck', 'Schneedruck', 'Schuhabdruck', 'Stopferdrücker', 'Winddruck']"
Bild,"['Abdruckbildlein', 'Allerweltsmannsbild', 'Bärenmannsbild', 'Eigebildeter', 'Einbilder', 'Einbildung', 'Eingebildete', 'Eingebildeter', 'Eingebildetes', 'Flaschenbildlein', 'Hünenmannsbild', 'Klatschweibsbild', 'Mannbild', 'Mannbilder', 'Mannsbild', 'Mannsbilder', 'Mordsmannsbild', 'Mordsweibsbild', 'Müllmannsbilder', 'Riesenmannsbild', 'Sauweibsbild', 'Teufelsweibsbild', 'Traumbild', 'Waisbild', 'Weibbild', 'Weibsbild', 'Weibsbilder', 'Wunderwettersweibsbild', 'eingebildet']"
Arbeit,"['Abendarbeit', 'Bahnarbeiter', 'Bauernarbeiter', 'Blitzarbeiter', 'Donnerkeilsarbeit', 'Feierabendarbeiter', 'Forstarbeiter', 'Freizeitarbeit', 'Fremdarbeiter', 'Gartenarbeit', 'Gastarbeiter', 'Gelegenheitsarbeiter', 'Grobarbeit', 'Handarbeiter', 'Heckenarbeiter', 'Holzarbeiter', 'Hundsarbeit', 'Kulturarbeiter', 'Nebenerwerbsarbeiter', 'Ochsenarbeit', 'Sauarbeit', 'Schweinearbeit', 'Stallarbeit', 'Waldarbeiter']"
Bauer,"['Abendbauer', 'Arbeiterbauer', 'Bergbauer', 'Bergbauern', 'Bützigbauern', 'Dreckbauern', 'Fabrikbauer', 'Fabrikbäuerlein', 'Feierabendbauer', 'Feierabendbäuerlein', 'Feierabendsbauer', 'Feierabendsbäuerlein', 'Fischbauer', 'Fischbäuerl', 'Fischzuchtbauer', 'Freizeitbauer', 'Fünferbauer', 'Fünfuhrbauer', 'Gaubauer', 'Gaubauern', 'Gaulbauer', 'Geißbauer', 'Geißbäuerlein', 'Gemüsbauer', 'Gemüsbäuerin', 'Grabfeldbauer', 'Grabfeldbauern', 'Gäubauer', 'Gäubauern', 'Hasenbauer', 'Hasenbäuerlein', 'Hesselbergbauer', 'Holzbauer', 'Hopfenbauern', 'Höhenbauer', 'Industriebauer', 'Karpfenbauer', 'Karpfenbäuerlein', 'Kehrichbauer', 'Kehrichbauern', 'Kehrichtbauer', 'Kehrichtbauern', 'Kleinbauer', 'Kleinbäuerlein', 'Klitschenbäuerlein', 'Knallbäuerlein', 'Knuppeleinsbauer', 'Kuhbäuerlein', 'Kuhpritschelbauer', 'Kärpflingsbauer', 'Kühbauer', 'Marktbauer', 'Mondscheinbauer', 'Mondscheinbäuerlein', 'Mostbauer', 'Musterbauer', 'Müllbauer', 'Müllbauern', 'Ortsbäuerin', 'Pfundsbauer', 'Platzbäuerin', 'Rucksackbauer', 'Rucksackbäuerlein', 'Samstagbauer', 'Samstagsbauer', 'Samstagsonntagbauer', 'Saubauer', 'Schuttbauer', 'Schuttbauern', 'Sonntagbauer', 'Sonntagsbauer', 'Stupfelbauer', 'Säubauer', 'Taubenbauerlein', 'Teichbauer', 'Weiherbauer', 'Werkstattbäuerlein', 'Wurzelbauer', 'Ziegenbauer', 'Ziegenbäuerlein', 'Zwergbauer']"
Brot,"['Abendbrot', 'Ankenbrot', 'Backsteinbrot', 'Barrasbrot', 'Bischofbrot', 'Bratbrot', 'Bratwurstbrot', 'Bratwurstbrötchen', 'Bratwurstbrötlein', 'Brotbissel', 'Brotbissen', 'Brotbröckelchen', 'Brotbröckelein', 'Brotbröcklein', 'Brotbröselein', 'Brotbröslein', 'Brotsbröselein', 'Brötlein', 'Butterbrot', 'Deichselbrot', 'Dreiebrot', 'Eigenbrötler', 'Enkebrot', 'Fransbrot', 'Fransbrötlein', 'Frühbrot', 'Frühjähnbrot', 'Frühpausebrot', 'Frühstücksbrot', 'Geleebrot', 'Gerstenbrot', 'Halberabendbrot', 'Hasenbrot', 'Hirtenbrot', 'Hutzelbrot', 'Jahnbrot', 'Jähnbrot', 'Kaffeebrot', 'Kafichbrot', 'Kaiserbrötlein', 'Kasernenbrot', 'Kastenbrot', 'Kirchtagsbrot', 'Kirchweihbrot', 'Kloßbrot', 'Klößbrot', 'Klößebrot', 'Klößelbrot', 'Klößleinbrot', 'Knödelbrot', 'Knödeleinbrot', 'Kommissbrot', 'Käsebrot', 'Kümmelbrötlein', 'Laibbrot', 'Liebegottleinsbrot', 'Lungenbrot', 'Maschinenbrot', 'Milchbrötchen', 'Milchbrötlein', 'Mohnbrötlein', 'Morgenbrot', 'Mostbrot', 'Mundbrot', 'Mundbrötlein', 'Nachmittagbrot', 'Neunebrot', 'Pausebrot', 'Pausenbrot', 'Pflaumenbrot', 'Pumpernickelbrot', 'Röhrlbrot', 'Römischbrot', 'Salzbrötlein', 'Schmierbrot', 'Schmierenbrot', 'Schneebrot', 'Schnittbrötlein', 'Schulbrot', 'Schwarzbrot', 'Semmelbrötlein', 'Soldatenbrot', 'Sparbrötchen', 'Sternbrötlein', 'Trockenbrot', 'Vesperbrot', 'Vierebrot', 'Wasserbrot', 'Wasserbrötchen', 'Wasserbrötlein', 'Weckenbrot', 'Weißbrot', 'Weißbrötchen', 'Wurstbrot', 'Wurstbrötel', 'Wurstebrötchen', 'Zehnebrot', 'Zuckerbrot', 'Zwetschgenbrot']"
Zeit,"['Abendbrotzeit', 'Barraszeit', 'Beizeite', 'Brautzeit', 'Brotbröseleinshochzeit', 'Brotzeit', 'Dorfzeitung', 'Dreschleutemahlzeit', 'Dreschmahlzeit', 'Eiszeit', 'Enkerszeit', 'Enkeszeit', 'Erdbirnengrabeszeit', 'Erdbirnenzeit', 'Erdäpfelzeit', 'Frühbrotzeit', 'Frühjahrszeit', 'Frühstückszeit', 'Gemeindezeitung', 'Hackzeit', 'Henkersmahlzeit', 'Heunerzeit', 'Hochzeit', 'Hochzeitauto', 'Hochzeiter', 'Hochzeitmann', 'Holzhauerbrotzeit', 'Jähnbrotzeit', 'Kaffeezeit', 'Kirchweihzeit', 'Laufzeit', 'Mahlzeit', 'Melkerszeit', 'Nachtmahlzeit', 'Neunebrotzeit', 'Notzeiten', 'Patakenzeit', 'Pälzamärtlzeit', 'Ranzzeit', 'Saatzeit', 'Sitzzeit', 'Tageszeit', 'Thomaszeit', 'Unternzeit', 'Versperzeit', 'Vesperbrotzeit', 'Vesperzeit', 'Vierebrotzeit', 'Vorweihnachtszeit', 'Weihnachtszeit', 'Wurfzeitung', 'Ziel', 'Zwischenmahlzeit', 'Zwischenzeit', 'Übergangszeit']"
essen,"['Abendessen', 'Abschiedsessen', 'Allerweltsessen', 'Botenessen', 'Brotessen', 'Drescheressen', 'Dreschessen', 'Dreschleuteessen', 'Einernteessen', 'Ernteessen', 'Erntenessen', 'Essendüppchen', 'Festessen', 'Fischessen', 'Halberabendessen', 'Jähbrotessen', 'Kaffeeessen', 'Karpfenessen', 'Kindkirmesessen', 'Kindleinsessen', 'Kindleinskirchweihessen', 'Kindskirmesessen', 'Kindsschenkessen', 'Kindstaufessen', 'Kirchweihessen', 'Königsessen', 'Milchessen', 'Mitesser', 'Mitesserlein', 'Mittagessen', 'Mutessen', 'Nachtessen', 'Schnitteressen', 'Schnitterntesessen', 'Schnittessen', 'Semmelessen', 'Suppenessen', 'Taufessen', 'Verwandtenessen', 'Vormittagessen', 'Wurstesser', 'Würsteesser', 'Zuabendessen', 'Zunachtessen', 'Überessen']"
Futter,"['Abendfüttern', 'Advokatenfutter', 'Beifutter', 'Brockenfutter', 'Brühfutter', 'Bubenfutter', 'Dauschenfutter', 'Dauschfutter', 'Dünnfutter', 'Dürrfutter', 'Einfuttern', 'Einfüttern', 'Eiweißfutter', 'Ferkelfutter', 'Fertigfutter', 'Futterfässlein', 'Geiferfutter', 'Gemischtfutter', 'Grünfutter', 'Gänsefutter', 'Gärfutter', 'Hasenfutter', 'Hennenfutter', 'Herbstfutter', 'Heufutter', 'Hundsfutter', 'Häckselfutter', 'Hühnerfutter', 'Hünkelsfutter', 'Infütter', 'Ingefutter', 'Ingefütter', 'Innenfutter', 'Jackenfutter', 'Kalkfutter', 'Kittelfutter', 'Kleiderfutter', 'Kraftfutter', 'Kälberfutter', 'Kühfutter', 'Leistungsfutter', 'Mastfutter', 'Matschfutter', 'Melkfutter', 'Milchfutter', 'Milchmischfutter', 'Mischfutter', 'Nasenfutter', 'Nassfutter', 'Nassfütterung', 'Neigefutter', 'Nährsilofutter', 'Raufutter', 'Reitfutter', 'Rockfutter', 'Rohfutter', 'Rohrfutter', 'Saufutter', 'Saufutterage', 'Schabfutter', 'Schelfenfutter', 'Schrotfutter', 'Schweinefutter', 'Schweinemastfutter', 'Schweinfutter', 'Silofutter', 'Stoppelfutter', 'Säufutter', 'Säufutterage', 'Säuleinfutter', 'Säuleinsfutter', 'Taschenfutter', 'Trockenfutter', 'Trockenfütterung', 'Unterfutter', 'Vorfutter', 'Vögelsfutter', 'Weichfutter', 'Weichfütterung', 'Winterfutter', 'Zusatzfutter']"
Kirche,"['Abendkirche', 'Ganzkirche', 'Kirmesemaien', 'Totenkirchlein']"
Mahl,"['Abendmahl', 'Abendmahler', 'Abendmahlgehner', 'Abschneidersmahl', 'Abschneidmahl', 'Dreschermahl', 'Dreschmahl', 'Erntemahl', 'Hebmahl', 'Kindsbettmahl', 'Nachtmahl', 'Nachtmahlleite', 'Nachtmahlsgast', 'Schnittersmahl', 'Taufmahl']"
Gast,"['Abendmahlgast', 'Abendmahlsgast']"
gehen,"['Abendmahlgeher', 'Bettgehen', 'Bittgang', 'Bittgänger', 'Blindgänger', 'Bußgang', 'Dorfumgang', 'Draufgeher', 'Draufgänger', 'Durchgang', 'Ebengänger', 'Einzelgänger', 'Einzelgängerin', 'Entengang', 'Flurgang', 'Fortgehen', 'Fremdgeher', 'Fremdgänger', 'Gehörgang', 'Handgang', 'Hasengang', 'Heimgehen', 'Hergehiger', 'Hämorrhoidengang', 'Jahrgang', 'Kiltgang', 'Kiltgeher', 'Kirchgänger', 'Lausgang', 'Leergang', 'Losgänger', 'Läusegang', 'Marktgeher', 'Marktgänger', 'Maschinengang', 'Matrosengang', 'Metzgergang', 'Metzgersgang', 'Schiffergang', 'Schleifersgang', 'Schneckengang', 'Schneidersgang', 'Schongang', 'Seegang', 'Seemannsgang', 'Sonnenaufgang', 'Streugang', 'Sägang', 'Särillengang', 'Trippelgang', 'Umgang', 'Umgeher', 'Umgänger', 'Wallgänger', 'Wechselgang', 'Widergang', 'Wurfgang', 'Zugegangener', 'Zusammengegangene', 'Übergang', 'Übergangsgeld']"
Leute,"['Abendmahlleute', 'Abendmahlsleute', 'Allerweltsleute', 'Armeleutesholz', 'Armeleuteskuh', 'Beerenleute', 'Beerleute', 'Beerleutlein', 'Beichtleute', 'Bettelleute', 'Bittleute', 'Brautleute', 'Dampferleute', 'Dorfleute', 'Dreschleute', 'Freundesleute', 'Fronleute', 'Geschäftsleute', 'Gevatterleute', 'Gevattersleute', 'Guckleute', 'Gäuleute', 'Handelsleute', 'Hausleute', 'Heidelbeerleute', 'Hemdenleute', 'Hemdenleuter', 'Herrenleute', 'Hochzeitleute', 'Hochzeitsleute', 'Häusleinleute', 'Kaufleute', 'Kirchweihleute', 'Kramleute', 'Krempelleute', 'Kutterleute', 'Landsleute', 'Maintalleute', 'Mannleute', 'Mannsleute', 'Marktleute', 'Maschinenleute', 'Messleute', 'Micheleinsleute', 'Männerleut', 'Männerleute', 'Müllleute', 'Nachbarleute', 'Nachbarsleute', 'Nachtmahler', 'Prozessionsleute', 'Ramschleute', 'Schuttkübelleerer', 'Schuttleute', 'Schwarzbeerleute', 'Schwähersleute', 'Stadtleute', 'Standleute', 'Standlleute', 'Strohleute', 'Ständleinsleute', 'Taglerleute', 'Taglersleute', 'Waldleute', 'Wallersleute', 'Wallleute', 'Weiberleut', 'Weiberleute', 'Weibersleute', 'Weibleute', 'Weibsleute']"
Mutter,"['Abendmutter', 'Bärmutter', 'Dockenmutter', 'Fischmutter', 'Großemutter', 'Großmutter', 'Hasenmutter', 'Heckenmutter', 'Heckmutter', 'Karpfenmutter', 'Katzenmutter', 'Kindsmutter', 'Klagemutter', 'Klagmutter', 'Klagmütterlein', 'Kuppelmutter', 'Laichmutter', 'Laufmutter', 'Puffmutter', 'Puppenmutter', 'Schlagmutter', 'Schweinsmutter', 'Schwiegermutter']"
schmausen,"['Abendschmaus', 'Abschnittsschmaus', 'Ernteschmaus', 'Festschmaus', 'Kindleinskirchweihschmaus', 'Kindskirchweihschmaus', 'Kindskirmesschmaus', 'Kindsschenkschmaus', 'Kindsschmaus', 'Kindstaufschmaus', 'Kindstaufsschmaus', 'Kirchschmaus', 'Patenschmaus', 'Stopferschmaus', 'Taufschmaus']"
Stück,"['Abendstück', 'Abendstücken', 'Ackerstück', 'Ausraufstück', 'Backesstückchen', 'Brautstück', 'Brotstücklein', 'Dengelstücklein', 'Eckstück', 'Erbstück', 'Erdäpfelstücklein', 'Erntestück', 'Extrastück', 'Frühstück', 'Frühstückel', 'Gewendstück', 'Goldstück', 'Goldstücklein', 'Grundbirnenstück', 'Grundbirnenstückchen', 'Grundstück', 'Hackstück', 'Hefestückchen', 'Kartoffelstück', 'Kartoffelstücker', 'Knallstück', 'Kniestück', 'Krautstück', 'Kunststück', 'Kunststücklein', 'Langholzstück', 'Magenstücklein', 'Marktstück', 'Meisterstück', 'Mordsweibsstück', 'Mundstück', 'Museumsstück', 'Möbelstück', 'Pflanzstück', 'Plumpstück', 'Randstück', 'Rasenstück', 'Rauchstück', 'Reibigstücklein', 'Sattelstück', 'Schaustück', 'Schinkenstück', 'Schlotstück', 'Schneidstück', 'Schnitterntestück', 'Schokoladenstücklein', 'Schulfrühstücklein', 'Seitenstück', 'Seitenstücklein', 'Semmelstückel', 'Staatsstück', 'Stammstück', 'Stolperstücklein', 'Stutenstück', 'Vesperstück', 'Vorstück', 'Wasenstück', 'Weibsstück', 'Wetzstücklein', 'Zuckerstücklein', 'Zweitfrühstück']"
Suppe,"['Abendsuppe', 'Allerleisuppe', 'Batzensuppe', 'Biersuppe', 'Bohnensuppe', 'Brammelsuppe', 'Brautsuppe', 'Brotsuppe', 'Brotzelsuppe', 'Brummelsuppe', 'Brämmelsuppe', 'Buttersuppe', 'Drecksuppe', 'Einlaufsuppe', 'Erdäpfelsuppe', 'Fleischsuppe', 'Froschlaichsuppe', 'Frühsuppe', 'Gemüsesuppe', 'Gerstelsuppe', 'Gerstengrützesuppe', 'Gerstengrützsuppe', 'Gerstensuppe', 'Gerstleinssuppe', 'Gerstleinsuppe', 'Geschmälzsuppe', 'Graupelnsuppe', 'Graupelsuppe', 'Graupensuppe', 'Griebensuppe', 'Grießsuppe', 'Grindelsuppe', 'Grützensuppe', 'Grützsuppe', 'Kaffeesuppe', 'Kindbettsuppe', 'Klößsuppe', 'Krautschnittleinsuppe', 'Kälberkernsuppe', 'Kälberzähnesuppe', 'Mahdersuppe', 'Mahdesuppe', 'Mehlbrennsuppe', 'Mehlsuppe', 'Metzelsuppe', 'Milchsuppe', 'Nachtsuppe', 'Neunkräuterleinsuppe', 'Nudelsuppe', 'Omelettsuppe', 'Rachsuppe', 'Raingerstensuppe', 'Röhrsuppe', 'Sagsuppe', 'Schneegesupp', 'Schneesuppe', 'Schrotsuppe', 'Semmelsuppe', 'Spintsuppe', 'Traumsuppe', 'Wassersuppe', 'Weifsuppe', 'Wurstsuppefett', 'Würstsuppenfett']"
Vesper,"['Abendvesper', 'Frühvesper', 'Nachmittagsvesper', 'Nachmittagvesper', 'Pausenvesper', 'Schulvesper', 'Schulvesperlein', 'Vormittagvesper']"
glauben,"['Aberglauben', 'Ahnferleinsglaube']"
Grummet,"['Abergrummet', 'Aftergrummet', 'Herbstgrummet', 'Nachgrummet', 'Nochmalgrummet', 'Zweitgrummet']"
Saat,"['Abersaat', 'Aftersaat', 'Ansaat', 'Breitsaat', 'Doppelsaat', 'Drillsaat', 'Einsaat', 'Frischeinsaat', 'Frühjahrssaat', 'Grassaat', 'Grünlandeinsaat', 'Hacksaat', 'Hafersaat', 'Handsaat', 'Herbstsaat', 'Laufsaat', 'Magsaat', 'Maschinensaat', 'Nachsaat', 'Neigsaat', 'Neuaussaat', 'Neusaat', 'Obersaat', 'Stoppelsaat', 'Stupfelsaat', 'Untersaat', 'Wintersaat', 'Zweitsaat', 'Zwiesaat', 'Zwischensaat', 'Übersaat']"
fahren,"['Abfahrt', 'Ackerfuhre', 'Bachfuhre', 'Bauchfahren', 'Bauchrutschfahren', 'Bierfahrer', 'Bierwägeleinfahrer', 'Binsenfuhre', 'Bittfuhre', 'Brautfuhr', 'Brautfuhre', 'Bräutfuhr', 'Bräutfuhre', 'Dreckfahrer', 'Durchfuhre', 'Einfuhre', 'Eingefahrene', 'Erdbirnfuhre', 'Fahret', 'Fahrradfahren', 'Fahrt', 'Fuhre', 'Getreidefuhre', 'Gäulsfuhre', 'Heufahren', 'Heufuhr', 'Heufuhre', 'Hohlfuhre', 'Holzfuhre', 'Kammerwagenfahren', 'Kehrichtfahrer', 'Kreuzfuhre', 'Kübelfahrer', 'Kühfuhre', 'Langholzfuhrwerk', 'Marktfahrer', 'Maschinenfahrer', 'Mistfahren', 'Mistfuhre', 'Mordsfuhre', 'Müllabfuhr', 'Müllabfuhrer', 'Müllabfuhrerer', 'Müllfahrer', 'Ochsenfuhre', 'Radfahren', 'Radfahrer', 'Radleinfahren', 'Randausfahrer', 'Rangeleinsfuhre', 'Rumpelfuhre', 'Schlittenfahren', 'Schlittschuhefahren', 'Schlittschuhfahren', 'Schubkarrensfuhre', 'Schuttfahrer', 'Schüttfahrer', 'Stammfuhrwek', 'Strohfahrer', 'Strohfuhre', 'Wagenradfahren', 'Waldfuhre', 'Wallfahrer', 'Wasserfuhre', 'Wiesenfuhre', 'Zelgfuhre', 'Zusammengefahrene']"
Zeichen,"['Abfahrtszeichen', 'Abzeichen', 'Brandzeichen', 'Brauereizeichen', 'Farbzeichen', 'Hauszeichen', 'Kennzeichen', 'Ohrenzeichen', 'Ohrzeichen', 'Schafszeichen', 'Schafzeichen', 'Scherzeichen', 'Schneezeichen', 'Warnungszeichen']"
fallen,"['Abfall', 'Abfallet', 'Abfällig', 'Abgefallenes', 'Anfall', 'Ausfall', 'Ausgefallenes', 'Ausgefallig', 'Ausgefalliges', 'Druschabfall', 'Durchfall', 'Durchfaller', 'Einfallen', 'Flöhfalle', 'Gefallen', 'Gemüsabfall', 'Getreideabfall', 'Getreidefall', 'Haarausfall', 'Herabgefallenes', 'Herabgefalliges', 'Herausgefallenes', 'Heruntergefallenes', 'Herzanfall', 'Hinabfall', 'Hinuntergefallenes', 'Niederfall', 'Niederfalle', 'Niederfallen', 'Niederfallet', 'Reinfall', 'Schlaganfall', 'Schneefall', 'Seegefallene', 'Tennfallig', 'Tobsuchtsanfall', 'Umfallen', 'Umfaller', 'Wasserfall', 'Wegfall', 'Windfall', 'Wutanfall']"
Friedrich,"['Abfallfritzen', 'Bratwurstfritze', 'Dreckfritzen', 'Fischfritzlein', 'Hemdfritz', 'Heringsfritz', 'Klaufritz', 'Pomadenfritz', 'Pomadenfritze', 'Quasselfritze', 'Stelzenfritz', 'Weinfritz', 'Zappelfritz', 'Zappelfritzlein']"
kehren,"['Abfallkehrich', 'Abkehrig', 'Auskehrich', 'Einkehr', 'Grundbirnenkehrich', 'Schulkehren', 'Schulkehrer', 'Schulkehrerin', 'Tennenkehrich', 'Tennenkehricht', 'Wiederkehrer', 'Zusammengekehrtes', 'Zusammenkehr', 'Zusammenkehret', 'Zusammenkehretes', 'Zusammenkehrich', 'Zusammenkehricht', 'Überkehr', 'Überkehre', 'Überkehrer', 'Überkehrets', 'Überkehrich']"
Obst,"['Abfallobst', 'Auflesobst', 'Barnobst', 'Brechobst', 'Dörrobst', 'Dürrobst', 'Fallobst', 'Geleeobst', 'Kelterobst', 'Kleinobst', 'Lesobst', 'Mischobst', 'Mostobst', 'Stauchobst', 'Steinobst', 'Säuobst']"
fangen,"['Abfanger', 'Anfang', 'Anfänger', 'Angefangtes', 'Atemfangen', 'Auffanger', 'Ballenfanger', 'Dreckfänger', 'Fliegenfangen', 'Gimpelfängerei', 'Heringsfänger', 'Jahresanfang', 'Männerfang', 'Mückenfänger', 'Rattenfänger', 'Ratzenfänger', 'Schlangenfänger', 'Schneefang', 'Schneefänger', 'Tropfenfänger', 'Wasserfanger', 'Wildfang', 'Windfang']"
fett,"['Abfeimfett', 'Abschälfett', 'Abschöpffett', 'Abschöpffette(n)', 'Bratenbrühfett', 'Bratenfett', 'Brühfett', 'Fett', 'Fleischfett', 'Gretelfett', 'Griebenfett', 'Gänsefett', 'Kesselfett', 'Kesselfetten', 'Lündenfett', 'Mückenfett', 'Schlachtfett', 'Schmalzfett', 'Schneckenfett', 'Schuhfett', 'Schweinefett', 'Schöpfefett', 'Schöpffett', 'Schöpfigfett', 'Soßenfett', 'Soßfett', 'Speckfett', 'Spintfett', 'Suppenfett', 'Säufett', 'Wurstfett', 'Wurstsuppenfett', 'Würstfett']"
Löffel,"['Abfeimlöffel', 'Abrahmlöffel', 'Abschaumlöffel', 'Abschaumsieblöffel', 'Abschöpflöffel', 'Abseihlöffel', 'Anrichtlöffel', 'Anziehlöffel', 'Aufgießlöffel', 'Bindlöffel', 'Buchtilöffel', 'Esslöffel', 'Fasslöffel', 'Feimelöffel', 'Feimlöffel', 'Gischtlöffel', 'Handlöffel', 'Herausfasslöffel', 'Herausrichtlöffel', 'Jästlöffel', 'Klößlöffel', 'Knödellöffel', 'Kochelöffel', 'Kochlöffel', 'Konlöffel', 'Kratzlöffel', 'Küchenlöffel', 'Küchenlöffelein', 'Lochlöffel', 'Milberinglöffel', 'Ohrlöffel', 'Quirllöffel', 'Rahmlöffel', 'Rotzlöffel', 'Rötzlöffel', 'Rührlöffel', 'Schaumlöffel', 'Schmierlöffel', 'Schuhlöffel', 'Schöpferlöffel', 'Schöpflöffel', 'Seiherlöffel', 'Seihlöffel', 'Sieblöffel', 'Sternleinskuchenlöffel', 'Sudlöffel', 'Suppenlöffel', 'Säulöffel', 'Teiglöffel', 'Totenlöffel', 'Vorlegelöffel', 'Walzenlöffel', 'Windenlöffel', 'Windlöffel']"
finden,['Abfindung']
Fisch,"['Abfischen', 'Backfisch', 'Backfischlein', 'Bauernfischer', 'Erdäpfelsfischlein', 'Goldfischlein', 'Haifisch', 'Kirchweihfisch', 'Mutterfisch', 'Nachfischen', 'Sackfischen', 'Satzfisch', 'Setzfisch', 'Sommerfisch', 'Stockfisch', 'Walfisch']"
Weg,"['Abfuhrweg', 'Anliegerweg', 'Bergwegel', 'Dreckweg', 'Fahrweg', 'Fuhrweg', 'Fußweg', 'Fußwegel', 'Fußweglein', 'Gangweglein', 'Gehweg', 'Gehwegel', 'Gehweglein', 'Gickerleinsweg', 'Grasweg', 'Grenzweg', 'Hasenwegel', 'Hasenweglein', 'Heckenweg', 'Heimweg', 'Hohlweg', 'Hohlweglein', 'Holzweg', 'Holzwegel', 'Holzweglein', 'Hängweg', 'Höhlweg', 'Jagersweglein', 'Judenweg', 'Jägersweg', 'Jägersweglein', 'Jägerweglein', 'Kirchenweg', 'Kirchenweglein', 'Kreuzweg', 'Lausweg', 'Läuseweg', 'Läusweg', 'Metzgersweg', 'Mistweeg', 'Mähnweg', 'Pirschweg', 'Pirschweglein', 'Rehweglein', 'Scheidweg', 'Schlagweg', 'Schlangenweglein', 'Schleichweg', 'Schleichweglein', 'Schleifweg', 'Schlichtweg', 'Schluchtweg', 'Sollweg', 'Spitzbubenweg', 'Spitzbubenweglein', 'Spitzwegelein', 'Stadtweg', 'Trampelweglein', 'Waldweg', 'Waldwegel', 'Waldweglein', 'Wiesenweg', 'Wurzelweg']"
führen,"['Abführen', 'Anführer', 'Anführerin', 'Betriebsführer', 'Brautausführer', 'Brautführer', 'Bräutelführer', 'Dampferführer', 'Dampfmaschinenführer', 'Dreschmaschinenführer', 'Hundführer', 'Lokführer', 'Lokomotivführer', 'Maschinenführer', 'Maschinführer', 'Reiseführerin', 'Reiseleiterin', 'Rädelführer', 'Rädelsführer', 'Rädleinsführer', 'Rädleinsführerin', 'Rückgeführter', 'Spielführer', 'Streitführer', 'Wortführer', 'Wortführerin', 'Überführung']"
geben,"['Abgabe', 'Angeber', 'Angeberer', 'Angeberin', 'Aufgabe', 'Beigabe', 'Bekanntgabe', 'Draufgabe', 'Dreingabe', 'Dreingeben', 'Dreingeberlein', 'Dreingäbelein', 'Drübergabe', 'Herausgabe', 'Hingebets', 'Hofübergabe', 'Hofübergeben', 'Kirchenabgabe', 'Liebesgabe', 'Mitgebig', 'Pfötschengeben', 'Pfötschleingeben', 'Tonangeber', 'Tonangeberin', 'Zugabe', 'Zugeberlein', 'Zugebsel', 'Zugäbelein', 'Übergabe', 'Übergabsgeld', 'Übergeben']"
brühen,"['Abgebrühter', 'Adelbrühe', 'Anbrühe', 'Anbrühen', 'Anbrühig', 'Anbrühtig', 'Angebrühtes', 'Arschbrühe', 'Aufwaschbrühe', 'Dreckbrühe', 'Einbrühe', 'Eingebrühtes', 'Eisbrühe', 'Essigbrühe', 'Fettbrühe', 'Fleischbrühe', 'Fläubrühe', 'Fröschbrühe', 'Gretelbrühe', 'Hadelwaschbrühe', 'Hasenbrühe', 'Kaffeebrühe', 'Kartoffelbrühe', 'Kesselbrühe', 'Kletzenbrühe', 'Kloßbrühe', 'Klößbrühe', 'Klößebrühe', 'Knödelbrühe', 'Knödeleinsbrühe', 'Käsbrühe', 'Käsebrühe', 'Lapperbrühe', 'Larifaribrühe', 'Laugenbrühe', 'Läpperigbrühe', 'Lühbrühe', 'Mistbrühe', 'Mistbrühensaufer', 'Pritschbrühe', 'Quetschenbrühe', 'Schimmelbrühe', 'Schlamperbrüh', 'Schleifsteinbrühe', 'Schlotbrühe', 'Schnorrenbrühe', 'Schwetzelbrühe', 'Seifenbrühe', 'Soßbrühe', 'Suppenbrühe', 'Süttbrühe', 'Wäschbrühe', 'Wäschebrühe']"
hacken,"['Abgehackte', 'Angehacktes', 'Baumhacker', 'Baumhäckel', 'Beilhacker', 'Betthacke', 'Brachhackelein', 'Breithacke', 'Dreispitzhacke', 'Einhacke', 'Eishacke', 'Eishacker', 'Feldhacke', 'Fleischhacker', 'Furchhacke', 'Gartenhacke', 'Gartenhackelein', 'Gartenhäcklein', 'Geizhaken', 'Genaubehacker', 'Grundbirnenheraushacken', 'Haberhacker', 'Handhacke', 'Handhackel', 'Herumhackerei', 'Holzhacke', 'Holzhacken', 'Holzhacker', 'Holzhackern', 'Häckerhaus', 'Jäthacke', 'Kartoffelhacke', 'Kliebhacke', 'Kopfabhacken', 'Krauthacke', 'Kreuzhacke', 'Kulturhackelein', 'Misthackel', 'Neidhaken', 'Queckhacke', 'Rebenhäcklein', 'Reuthacke', 'Riefhacke', 'Rodhacke', 'Rübenhacke', 'Schlaghacke', 'Schneehacke', 'Schälhacke', 'Spitzhacke', 'Spitzhäckelein', 'Spitzhäcklein', 'Streuhäcklein', 'Unkrauthacke', 'Waldhäkel', 'Ziehhacke', 'Zwetschgengehäck', 'abhacken']"
hauen,"['Abgehautes', 'Abhaue', 'Anhaue(r)', 'Anhauer', 'Aufgehaute', 'Baumshaue', 'Brachhaue', 'Brechhaue', 'Breithaue', 'Böschungshaue', 'Daumenhieben', 'Draufhauer', 'Dreckhaue', 'Dreispitzhaue', 'Einhau', 'Erdbirnenhaue', 'Feldhaue', 'Furchenhauer', 'Fürchleinshaue', 'Fürhaue', 'Gartenhaue', 'Gartenhauerl', 'Gartenhaulein', 'Garthaue', 'Getreidehaue', 'Gottesackerhauerl', 'Grabaushaue', 'Grabeleinshaulein', 'Grabenhaue', 'Grabhaue', 'Grantelhauer', 'Graßlethauen', 'Grenzhaue', 'Gräbenhaue', 'Haberhauer', 'Haberhauerin', 'Hackhaue', 'Halbhaue', 'Handhaue', 'Harkhaue', 'Haue', 'Haulein', 'Herhau', 'Hineingehautes', 'Hineinhauen', 'Holzhauer', 'Hopfenhaue', 'Kartoffelhaue', 'Keilhaue', 'Keilhauer', 'Kerbenhaue', 'Kistenhauen', 'Kopfabhauen', 'Kopfherunterhauen', 'Kornhaue', 'Kornhauer', 'Krauthaue', 'Kreuzhaue', 'Lattenhauer', 'Mooshaue', 'Nebenhinaushauer', 'Pflanzhäulein', 'Queckhaue', 'Rasenhaue', 'Rebenhabe', 'Rebenhaue', 'Rebenhauelein', 'Rebenhaulein', 'Reuthaue', 'Reuthauer', 'Reuthäulein', 'Riefenhaue', 'Rodehaue', 'Rodhaue', 'Rosenhaue', 'Rosthaue', 'Rundhaue', 'Räumhaue', 'Rübenhaue', 'Rübenhaue(r)', 'Scheithauer', 'Schlaghaue', 'Schrollenhaue', 'Senshieb', 'Spitzhaue', 'Spitzhaue(r)', 'Spitzhaulein', 'Steinhauer', 'Stockhaue', 'Stockhauer', 'Streuhaue', 'Waldhaue', 'Wasenhaue', 'Wendhaue', 'Ziehhaue', 'Zwerghaue']"
Holz,"['Abgeholztes', 'Anmachholz', 'Anschürholz', 'Astholz', 'Aufbruchholz', 'Ausforstholz', 'Backholz', 'Bandholz', 'Bauchholz', 'Bauholz', 'Besoldungsholz', 'Binderholz', 'Bischofsholz', 'Bleuholz', 'Blochholz', 'Blockholz', 'Brammelholz', 'Brechholz', 'Bremsholz', 'Bremsquerholz', 'Bremsschleifholz', 'Brennholz', 'Brennhölzlein', 'Brockholz', 'Bruchholz', 'Brummhölzel', 'Brückholz', 'Brückhölzlein', 'Buschenholz', 'Buschholz', 'Bändelhölzlein', 'Büscheholz', 'Büschelesholz', 'Büschelholz', 'Büschleinholz', 'Deichselholz', 'Dürrholz', 'Eicheleinholz', 'Eichenholz', 'Einkerbholz', 'Erlenholz', 'Eschenholz', 'Fallholz', 'Faserholz', 'Fesselholz', 'Feuerholz', 'Feuerhölzchen', 'Feuerhölzlein', 'Firstholz', 'Fußholz', 'Fürholz', 'Gaffelholz', 'Garbenbändelhölzlein', 'Garbenhölzlein', 'Garbenstrickhölzlein', 'Gartholz', 'Gaukelholz', 'Gebrücksholz', 'Gertholz', 'Grubenholz', 'Grubholz', 'Gurtholz', 'Hackholz', 'Handmangholz', 'Hartholz', 'Hebenholz', 'Hochholz', 'Holzhäcklein', 'Häppenholz', 'Jochholz', 'Jungholz', 'Kannelholz', 'Kannelsholz', 'Kantholz', 'Kerbholz', 'Kipfholz', 'Kleinholz', 'Kleinhölzel', 'Klopfholz', 'Klüpfelholz', 'Knotenholz', 'Knotenhölzlein', 'Knörzholz', 'Krackenholz', 'Krakelholz', 'Krausholz', 'Krähenholz', 'Krähennestholz', 'Krüppelholz', 'Kälberholz', 'Lagerholz', 'Lamentierholz', 'Langholz', 'Legholz', 'Lenkholz', 'Leseholz', 'Lesholz', 'Leuchsenholz', 'Lindenholz', 'Lärchenholz', 'Mangelholz', 'Mangholz', 'Manghölzer', 'Marterholz', 'Meterholz', 'Mickeholz', 'Nadelholz', 'Niederholz', 'Niedrigholz', 'Nudelholz', 'Nutzholz', 'Ofenholz', 'Papierholz', 'Parasolholz', 'Prügelholz', 'Querholz', 'Rechtlerholz', 'Reisigholz', 'Riegelholz', 'Riffelholz', 'Ritzholz', 'Ritzhölzlein', 'Rundholz', 'Saubrückholz', 'Saustallholz', 'Schalholz', 'Schattholz', 'Scheitholz', 'Schiebholz', 'Schlagholz', 'Schlehenholz', 'Schlehenhölzerlein', 'Schleifholz', 'Schleifholzbacke', 'Schleifhölzlein', 'Schlichtenholz', 'Schneeholz', 'Schneidholz', 'Schnittholz', 'Schreiholz', 'Schrotholz', 'Schrubbholz', 'Schubholz', 'Schubhölzer', 'Schuldenholz', 'Schulterholz', 'Schwachholz', 'Schwefelholz', 'Schwefelhölzchen', 'Schwefelhölzlein', 'Schwellholz', 'Schwingholz', 'Seilhölzelein', 'Seilhölzlein', 'Servierholz', 'Sohlholz', 'Sommerholz', 'Spannholz', 'Sperrholz', 'Spreizholz', 'Spreißelholz', 'Staketenhölzlein', 'Stallholz', 'Stammholz', 'Stangenholz', 'Stangenhölzlein', 'Steckeleinsholz', 'Steckelholz', 'Steigenholz', 'Sterholz', 'Stichholz', 'Stiefelholz', 'Stockholz', 'Stolperholz', 'Streichholz', 'Streichholzwald', 'Streichhölzchen', 'Streichhölzel', 'Streichhölzlein', 'Streifholz', 'Streifhölzlein', 'Streitholz', 'Strickhölzlein', 'Stängelholz', 'Stöckholz', 'Stöckleinsholz', 'Säubrückholz', 'Säustallsbrückholz', 'Süßholz', 'Tannenholz', 'Tragholz', 'Traufholz', 'Treibholz', 'Triebelholz', 'Tännesholz', 'Untergeholz', 'Untergehölz', 'Unterholz', 'Unterhölzlein', 'Verschalholz', 'Walkholz', 'Wallholz', 'Waschholz', 'Wellenholz', 'Wellenholzbüschel', 'Wellholz', 'Werkelholz', 'Wetterholz', 'Wetternholz', 'Wildholz', 'Wimmerholz', 'Windenholz', 'Windholz', 'Windhölzer', 'Winkelholz', 'Winselholz', 'Wälgerholz', 'Wäscheholz', 'Würgelholz', 'Würgholz', 'Zeichholz', 'Ziehholz', 'Zwiebelholz', 'Zündholz', 'Zündhölzchen', 'Zündhölzel', 'Zündhölzlein', 'Zündhölzleinholz', 'Überholz', 'Üntergeholz', 'Ünterholz']"
klauben,"['Abgeklaubtes', 'Abklauber', 'Erbirneneinklauben', 'Erdbirnenklauben', 'Erdbirnenzusammenklauben', 'Erdäpfelzusammenklauben', 'Kartoffelklauben', 'Nachklauberlein', 'Patakenklauben', 'Pumserklauben', 'Steineklauben', 'Steinklauben', 'Zusammengeklaubtes', 'Zusammenklaubig']"
putzen,"['Abgeputzig', 'Abgeputztes', 'Abtrittsputzer', 'Adventsputzen', 'Arschabputzer', 'Aufgeputzte', 'Ausputz', 'Ausputzer', 'Ausputzig', 'Barnausputzig', 'Brunnenputzer', 'Erdäpfelputzer', 'Feiertagsputz', 'Frühjahrshausputz', 'Frühjahrsputz', 'Frühjahrsputzerei', 'Frühlingsputz', 'Gelberübenputzen', 'Generalputz', 'Hausputz', 'Herausgeputztes', 'Herausputzig', 'Klingelputz', 'Klingelputzen', 'Magenausputzer', 'Magenausputzerlein', 'Magenputzer', 'Magenputzerlein', 'Ofenputzer', 'Ofenputzerlein', 'Ofenrohrputzer', 'Oferputzerlein', 'Ohrenputzer', 'Osterputz', 'Peterleinputzen', 'Rachenputz', 'Rachenputzer', 'Rohrputzer', 'Rübenputzer', 'Schneeputzer', 'Schnurrenputzer', 'Schuhputz', 'Schuhputzer', 'Schuhputzig', 'Schulhausputzerin', 'Schulputzerin', 'Tafelputzer', 'Wegputzig', 'Zusammenputz', 'Zusammenputzet', 'Zusammenputzig']"
Racker,"['Abgerackerter', 'Rackler']"
Rahm,"['Abgerahmte', 'Abrahm', 'Abrahmer', 'Abrahmig', 'Butterrahm', 'Dickrahm', 'Milchrahm', 'Sauerrahm', 'Schlagrahm', 'Süßrahm']"
rechen,"['Abgerechtes', 'Aufgerechig', 'Aufrechig', 'Breitrechen', 'Böckleinsrechen', 'Eisenrechen', 'Eisenrechenlein', 'Eisenrechlein', 'Eisigrechen', 'Eisrechelein', 'Futterrechen', 'Fütterrechen', 'Gabelrechen', 'Gartenrechelein', 'Gartenrechen', 'Getreiderechen', 'Grasrechen', 'Großrechen', 'Gäulsrechen', 'Haferrechen', 'Halmrechen', 'Handrechen', 'Hauptrechen', 'Haurechen', 'Heurechen', 'Holrechen', 'Holzrechen', 'Hungerrechen', 'Lauberigrechen', 'Lausrechen', 'Läuserechen', 'Mahdrechen', 'Mistrechen', 'Moosigrechelein', 'Nachernte', 'Nachgereche', 'Nachgerechig', 'Nachgerecht', 'Nachgerechtel', 'Nachgerechtes', 'Nachheurechen', 'Nachrech', 'Nachrechel', 'Nachrechen', 'Nachrecherer', 'Nachrechet', 'Nachrechets', 'Nachrechig', 'Rechen', 'Rillenrechen', 'Schlauenrechen', 'Schleifrechen', 'Schleppenrechen', 'Schnapprechen', 'Schorrechen', 'Stahlrechen', 'Stallrechen', 'Steinrechen', 'Streifrechen', 'Streurechen', 'Striffelrechen', 'Stupfelrechet', 'Stupfelrechig', 'Umschlagrechen', 'Wenderechen', 'Wäscherechen', 'Zeilrechen', 'Ziehrechen', 'Zusammengerechente', 'Zusammengerechig', 'Zusammengerechtes', 'Zusammenrech', 'Zusammenreche', 'Zusammenrechel', 'Zusammenrechen', 'Zusammenrecherer', 'Zusammenrecherig', 'Zusammenrechet', 'Zusammenreching', 'Zusammenrechles', 'Zusammenrechnig', 'Zusammenrechsel', 'Zusammenschlagrechen', 'Ährenrechen', 'Ährleinsrechen', 'Überzugrechen']"
Reiter,"['Abgereiterig', 'Abgereiterte', 'Abreiter', 'Abreitere', 'Ausgereitertes', 'Dinkelreiter', 'Erbsenreiter', 'Gerstenreiter', 'Getreidereiter', 'Haberreiter', 'Heureiter', 'Kornreiter', 'Langreiter', 'Mehlreite', 'Reite', 'Reiter', 'Sandreiter', 'Schneereiter', 'Staubreiter', 'Tennenreitig', 'Wagengereitertes', 'Wagenreitertes', 'Ährreiter']"
Reute,"['Abgereutetes', 'Ackerreute', 'Ackerreutel', 'Ackerreuter', 'Holzreute', 'Neureut', 'Pflugreute', 'Pflugsreute', 'Pflugsreutel', 'Schorreutel', 'Stumpfreuter']"
reißen,"['Abgerissener', 'Apfelreißer', 'Ausreißer', 'Bahnreißer', 'Beerenreißer', 'Beerenreißerer', 'Beerleinszupfer', 'Beerreißer', 'Blumenreißerer', 'Einriss', 'Eisenabreißen', 'Geriss', 'Glockenreißer', 'Goschenaufreißer', 'Hauptmaulaufreißer', 'Hautriss', 'Herumreißig', 'Herzzerreißen', 'Kettenreißer', 'Kleeriss', 'Kopfherabreißen', 'Kopfreißen', 'Lungenreißer', 'Maschinenriss', 'Maulaufreißer', 'Nagelrissel', 'Neuriss', 'Pfählereißer', 'Possenreißer', 'Ranzenreißen', 'Riss', 'Schneereißer', 'Schwarzbeerenreißer', 'Schwarzbeerreißer', 'Stupfelreißen', 'Umriss', 'Wiesenriss', 'Zusammenreißer', 'wegreißen', 'Äpfelreißer']"
Raum,"['Abgeräumig', 'Abgeräumtes', 'Abräumig', 'Abräumsel', 'Abstellraum', 'Aufgeräumtes', 'Aufräumen', 'Aufräumung', 'Bahnräumer', 'Dolenräumer', 'Herausräumen', 'Kehrichträumer', 'Schlagabraum', 'Schlagraum', 'Schneeräumer', 'Schneewehenräumer', 'Schärräumer', 'Schüttwegräumer', 'Strohräumer', 'Strohverräumer', 'Wegräumer']"
schmecken,"['Abgeschmack', 'Abgeschmackter', 'Bodenschmecker', 'Brunnenschmecker', 'Bubenschmecker', 'Einhingeschmeckter', 'Feinschmecker', 'Gutschmecker', 'Gutschmeckerlein', 'Hereingeschmeckig', 'Hereingeschmeckte', 'Hereingeschmeckter', 'Hereingeschmecktes', 'Hereinschmecker', 'Hineingeschmeckte', 'Hineingeschmeckter', 'Lehrerschmecker', 'Lehrersschmecker', 'Mädleinschmecker', 'Mädleinsschmecker', 'Schönschmecker', 'Streuschmeckerin', 'Wasserschmecker', 'Zitronengeschmack']"
schöpfen,"['Abgeschöpfte', 'Abschöpfer', 'Abschöpfet', 'Blechschöpfer', 'Dreckschöpfer', 'Fettschöpfer', 'Herumschöpfe(r)', 'Klößschöpfer', 'Melkschöpfer', 'Milchschöpfer', 'Ofenhafenschöpfer', 'Pappelschöpfe', 'Sandschöpfen', 'Schaumabschöpfer', 'Schaumschöpfer', 'Schäfeschöpfer', 'Suppenschöpfer', 'Wasserschöpfe', 'Wasserschöpfer', 'Wasserschöpferlein']"
stechen,"['Abgestochener', 'Angestochener', 'Anstechung', 'Anstich', 'Augenstecher', 'Ausstecher', 'Ausstecherlein', 'Bauchstecher', 'Bauchstecherlein', 'Bienenstich', 'Birnenstecher', 'Butterzeugstecherlein', 'Distelstecher', 'Durchstecher', 'Eingestochenes', 'Fröschstecher', 'Garbenaufstechen', 'Garbenstechen', 'Garbenstecher', 'Getreidstechen', 'Hinaufstechen', 'Hinaufstecher', 'Hochgestochener', 'Katzenstecher', 'Kornstecher', 'Krackenstecher', 'Krapfenstecher', 'Krappenstecher', 'Krähenstecher', 'Krötenstecher', 'Kupferstecher', 'Nasenstecher', 'Neunstecher', 'Pferdestecher', 'Pferdstecher', 'Platzleinsausstecher', 'Plätzchenausstecher', 'Plätzchenstecher', 'Plätzleinsausstecher', 'Plätzleinsausstecherlein', 'Plätzleinsstecher', 'Plätzleinstecher', 'Rabenstecher', 'Rasenstechen', 'Rattenstecher', 'Ratzenstecher', 'Rodelstecher', 'Rübenstecher', 'Schusterstecher', 'Schwabenstecher', 'Schwarmstecher', 'Schwarzwurzelstecher', 'Siebenstecher', 'Spargelstecher', 'Stich', 'Strohstecher', 'Stupfelstecher', 'Torfstich', 'Umstochenes', 'Vorstecher', 'Wanzenstecher', 'Wurzelstecher', 'Zückerleinausstechen', 'einstechen', 'wegstechen']"
tun,"['Abgetue', 'Allerweltsgetu', 'Allerweltsgetue', 'Antuer', 'Dicktuer', 'Erdapfelheraustun', 'Erdbirnenheraustun', 'Erdäpfelheraustun', 'Erdäpfelsheraustun', 'Falschtuer', 'Gefährlichtuerin', 'Geheimtuerei', 'Großtuer', 'Großtuerin', 'Großtuner', 'Heimlichtuerei', 'Heraustun', 'Hochtuender', 'Hosentutler', 'Kartoffelheraustun', 'Kartoffelnheraustun', 'Kartoffelsheraustun', 'Kreißtengetue', 'Maientun', 'Mordsgetu', 'Mordsgetue', 'Nichtstuer', 'Schöntuer', 'Schöntuerin', 'Strohwegtuer', 'Vielvertuer', 'Vortuer', 'Wichtigtuer', 'Wichtigtuerin', 'Wohltuer', 'Zutat', 'Zutuerlein', 'heraustun', 'schöntun']"
Gott,"['Abgott', 'Behütsgöttlein', 'Gottesgabe', 'Herrgott', 'Herrgottlein', 'Herrgotts', 'Herrgöttlein', 'Muttergottes', 'Plattengott', 'Ölgötze', 'Ölgötzlein']"
Grund,"['Abgrund', 'Aischgründer', 'Aurachgründer', 'Baunachsgründer', 'Erlensgrund', 'Hutzelgrund', 'Kahlgründer', 'Lümmelgrund', 'Maingründer', 'Maingründler', 'Rezatgründler', 'Schlehengrund', 'Schwabbelgrund', 'Sinngründer', 'Stupfelgrundbirne', 'Untergrund', 'Werngründer', 'Wiesengrund', 'Wörnitzgründer']"
hängen,"['Abhang', 'Abhäng', 'Abhänger', 'Anhang', 'Anhenken', 'Anhängelein', 'Anhänger', 'Anhängerlein', 'Anhänglein', 'Anhänglicher', 'Anhängsel', 'Aufhenkel', 'Aufhänge', 'Aufhängel', 'Aufhänger', 'Aufhängerl', 'Aufhängerlein', 'Aufhängsel', 'Aufspülhaderlaufhänger', 'Aushang', 'Aushänger', 'Bulldoganhänger', 'Dreschflegelaufhängen', 'Flegelhenke', 'Flegelhäng', 'Freibierhenker', 'Geiferhängerl', 'Geiferhängerlein', 'Geschirrhänge', 'Henker', 'Kleideraufhänger', 'Kleiderhänge', 'Kleiderhänger', 'Latschhänger', 'Maulhinanhänger', 'Ofengehänge', 'Ofenhenke', 'Ofenhänge', 'Ohrengehäng', 'Ohrenhängelein', 'Ohrgehänge', 'Ohrgehänglein', 'Ohrhängel', 'Ohrhängelein', 'Ohrhängerlein', 'Ohrhänglein', 'Ohrhängselein', 'Paterleingehänge', 'Paterleinsohrenhängerlein', 'Perleinsohrhängelein', 'Perlenvorhang', 'Perlgehänge', 'Salzhängerlein', 'Schläpperehänger', 'Schläpperhänger', 'Schutzhang', 'Sichelhenke', 'Sichelhenket', 'Trenshängelein', 'Viehanhänger', 'Wandhänge', 'Warhänge', 'Wäschehänge', 'Wäschehänger', 'Überhänger']"
Haus,"['Abhaus', 'Aborthaus', 'Altsitzhäuslein', 'Armbrödlerhaus', 'Armenhaus', 'Austrägleinshaus', 'Beinhaus', 'Bienenhaus', 'Bienhaus', 'Brauhaus', 'Brunnenhaus', 'Bräuhaus', 'Daraufhaus', 'Durchhaus', 'Eckhaus', 'Einfamilienhaus', 'Einstockhaus', 'Eiterhaus', 'Engeleinshaus', 'Fangenhäusel', 'Feuerhaus', 'Freudenhaus', 'Fürhaus', 'Geruhhaus', 'Getreidehäuslein', 'Giftenhaus', 'Hennenhaus', 'Hinkelhaus', 'Hinkelshaus', 'Hirtenhaus', 'Hofbräuhaus', 'Holzhaus', 'Hurenhaus', 'Hühnerhaus', 'Immenhaus', 'Judenhaus', 'Kernhaus', 'Kleinhäusler', 'Kornhäuslein', 'Krankenhaus', 'Leuchsenhaus', 'Lusthäusel', 'Maschinenhäuslein', 'Narrenhaus', 'Nebenhäuslein', 'Osterhäusel', 'Pfandhaus', 'Planhäuschen', 'Quadrathäuslein', 'Rathaus', 'Rathauspöpel', 'Redhaus', 'Ruhehaus', 'Ruhhaus', 'Schafhaus', 'Scheißhaus', 'Scheißhäusel', 'Scheißhäusleinspapier', 'Schnallenhaus', 'Schneckenhaus', 'Schneckenhäuslein', 'Schneehäusel', 'Schäferhäuslein', 'Seichhäuslein', 'Starenhaus', 'Starenhäuschen', 'Starenhäuslein', 'Starenvogelhäuslein', 'Stockhaus', 'Taghaus', 'Taglerhaus', 'Taubenhaus', 'Tollhaus', 'Traufhäuslein', 'Traumhaus', 'Treppenhäusi', 'Trollhaus', 'Tropfhaus', 'Tropfhäuslein', 'Träumhaus', 'Trüpfhaus', 'Trüpfhäuslein', 'Vogelhäuschen', 'Vogelhäuslein', 'Vorhäuslein', 'Wirtshaus', 'Zuchthaus', 'Zuchthäusler', 'Züchthaus']"
Mahd,"['Abhermahd', 'Afteramahd', 'Anmähder', 'Driemahd', 'Driemahdig', 'Driemähd', 'Driemähdig', 'Durchmahd', 'Edelmahder', 'Einhermahd', 'Fruchtmahde', 'Getreidemahd', 'Getreidemahde', 'Heumahd', 'Heumahden', 'Letztmahd', 'Raffelmahd(e)', 'Schneidmahd', 'Streumahden', 'Zwischenmahd']"
Hieb,"['Abhieb', 'Anhieb', 'Aushieb', 'Baumhieb', 'Einhieb', 'Erdbirnenhieblein', 'Erdäpfelshieblein', 'Fallhieb', 'Frühjahrshieb', 'Hackhiebelein', 'Hiebiges', 'Holzanhieb', 'Holzhieb', 'Holzhieber', 'Kahlhieb', 'Langholzabhieb', 'Pratzenhieb', 'Rebenhieblein', 'Sensenhieb', 'Spitzhieblein', 'Stockhieb', 'Stöckhiebelein', 'Stöckhieblein', 'Vorhieb']"
Haufen,"['Abklaubhaufen', 'Abklaubsteinhaufen', 'Ablegehaufen', 'Ablesehaufen', 'Ablesesteinhaufen', 'Ackersteinhaufen', 'Ameisenhaufen', 'Ameishaufen', 'Ameishäufen', 'Ametzenhaufen', 'Ametzhaufen', 'Asthaufen', 'Aufstellhaufen', 'Bienenhaufen', 'Bockhäuflein', 'Büschelhaufen', 'Erdbirnenhaufen', 'Feldsteinhaufen', 'Feldsteinhäuflein', 'Fruchthaufen', 'Garbenhaufen', 'Gerstenhaufen', 'Gerstenhäuflein', 'Gestellhaufen', 'Getreidehaufen', 'Getreidehäuflein', 'Grummethäuflein', 'Gänsehaufen', 'Haberhaufen', 'Haberhäuflein', 'Heuhaufen', 'Holzhaufen', 'Huthaufen', 'Kappenhaufen', 'Klaubsteinhaufen', 'Kleiderhaufen', 'Klemmerhaufen', 'Kornhaufen', 'Kornhäuflein', 'Kreuzhaufen', 'Kreuzhäuflein', 'Kühhaufen', 'Lametzenhaufen', 'Legehaufen', 'Leshaufen', 'Maulwurfshaufen', 'Maulwurfshäufen', 'Misthaufen', 'Mordhaufen', 'Mordshaufen', 'Männelhaufen', 'Pfahlhaufen', 'Radhaufen', 'Randhaufen', 'Reihenhaufen', 'Roggenhaufen', 'Rollenhaufen', 'Rundhaufen', 'Rübenhaufen', 'Sauhaufen', 'Schlumphäuflein', 'Schneehaufen', 'Schotterhaufen', 'Schrotthaufen', 'Seichameisenhaufen', 'Seichameishaufen', 'Seichametzenhaufen', 'Seichhameisenhaufen', 'Seichhameishaufen', 'Seichhametzenhaufen', 'Setzhaufen', 'Spitzhaufen', 'Stangehaufen', 'Stangenhaufen', 'Stauchhaufen', 'Steinhaufen', 'Steinhäufelein', 'Steinhäuflein', 'Steinlesehaufen', 'Stellhaufen', 'Strohhaufen', 'Weizenhaufen', 'Weizenhäuflein', 'Wetterhaufen', 'Wetterhäuflein', 'Wiedehäuflein', 'Windhaufen', 'Windhäuflein', 'Wühlershaufen', 'Ährenhaufen']"
Stein,"['Abklaubstein', 'Ablesestein', 'Ablesstein', 'Absteinig', 'Achselstein', 'Ackerstein', 'Ackersteinchen', 'Ackersteinlein', 'Angelstein', 'Backestein', 'Backstein', 'Backsteinlein', 'Bimsstein', 'Blendstein', 'Brockenstein', 'Brunnenstein', 'Brunnstein', 'Brunzstein', 'Bruststein', 'Dachstein', 'Dengelstein', 'Eichenstein', 'Eisenstein', 'Euterversteinerung', 'Feldstein', 'Feuerstein', 'Feuersteinlein', 'Flintstein', 'Fuhrenstein', 'Füllstein', 'Glatzenstein', 'Grenzstein', 'Grundstein', 'Hackstein', 'Hundsstein', 'Häckstein', 'Kalkstein', 'Kieselstein', 'Kieselsteinlein', 'Kiesstein', 'Klaubstein', 'Kleestein', 'Kugelstein', 'Kümmelstein', 'Lachstein', 'Lagerstein', 'Lesestein', 'Lesstein', 'Markstein', 'Mauerstein', 'Milchstein', 'Mühlstein', 'Pflasterstein', 'Pfortenstein', 'Pinkelstein', 'Pissrinnenstein', 'Rainstein', 'Rauchstein', 'Riechsteinlein', 'Rinnstein', 'Sandstein', 'Schlehenstein', 'Schleifstein', 'Schockstein', 'Schollenstein', 'Schotterstein', 'Schreibsteinlein', 'Seichstein', 'Steinmetzehammer', 'Stockstein', 'Säulenstein', 'Torstein', 'Traufstein', 'Tropfstein', 'Tränkstein', 'Tuffstein', 'Türstein', 'Verreckstein', 'Wabenstein', 'Wackenstein', 'Wackerstein', 'Wasserstein', 'Wetzstein', 'Wetzsteindüppel', 'Ziegelstein', 'Zuckerstein', 'Zusammenlesstein', 'Zwickstein']"
klopfen,"['Abklopfer', 'Anklopfelein', 'Anklopfer', 'Anklopfet', 'Ausklopfer', 'Bettausklopfer', 'Bettklopfer', 'Bierklopfer', 'Bierklöpfel', 'Eisklopfer', 'Fingerklopfen', 'Fleischklopfer', 'Fleischklopferlein', 'Herzklopfen', 'Karfreitagsklopfer', 'Kotelettklopfer', 'Pfötleinklopfen', 'Rohrklopfer', 'Schellenklopfen', 'Schnitzelklopfer', 'Schollenklopfen', 'Schollenklopper', 'Schrollenklopfen', 'Schrollenklopfer', 'Sprüchklopfer', 'Sprüchklopferei', 'Steinklopfer', 'Teppichausklopfer', 'Teppichklopfer', 'Wäscheklopfer']"
kratzen,"['Abkratzig', 'Arschkratzer', 'Arschkrätzlein', 'Backkratze', 'Backkratzer', 'Backtrogkratze/r', 'Backtrogkratzer', 'Backtrogkrätzer', 'Baumkratze', 'Baumkratze(r)', 'Baumkratzer', 'Beetpflugkratzer', 'Brotkratzer', 'Bärenkratzer', 'Eiskratze', 'Eiskratzer', 'Feldkratzer', 'Feuerkratzer', 'Gartenkratzer', 'Halskratzer', 'Kratzkästlein', 'Kübelkratzer', 'Lehmkratzen', 'Lungenkratzer', 'Mistkratzen', 'Mistkratzer', 'Muldenkratzer', 'Ofenkratzer', 'Pechkratzer', 'Rindenkratzer', 'Saitenkratzer', 'Schneekratze', 'Schneekratzer', 'Schneekrätzer', 'Schuhekratzer', 'Schuttkratzer', 'Schüttkratzer', 'Teigkratze', 'Teigkratzer', 'Teigkratzerlein', 'Trogkratze', 'Trogkratzer', 'Zusammengekratzte', 'Zusammenkratze', 'Zusammenkratzig', 'Zusammenkratziges', 'Zwiebelbeetkrätzerlein', 'arschkratzen', 'kratzen']"
Kraut,"['Abkraut', 'Bambeskraut', 'Baumkraut', 'Baumkräutlein', 'Baumleinskraut', 'Bleikraut', 'Bohnenkraut', 'Bumbeskraut', 'Drachenkräutig', 'Erdapfelkraut', 'Erdapfelkräuterig', 'Erdapfelskräutig', 'Erdbirnenkraut', 'Erdbirnenkräuterig', 'Erdbirnenkräutig', 'Erdbirnenkräutlein', 'Erdäpfelkräuterig', 'Erdäpfelkräuticht', 'Erdäpfelkräutig', 'Erdäpfelkräutlein', 'Erdäpfelkräutrig', 'Erdäpfelskräuterig', 'Erdäpfelskräutig', 'Erdäpfelskräutlig', 'Erdäpfelskräutrig', 'Farnkraut', 'Farnkräuterig', 'Farnkräutig', 'Flohkraut', 'Franzosenkraut', 'Fräuleinskräutig', 'Frühkraut', 'Frühlingsknabenkraut', 'Geißkraut', 'Gichtkraut', 'Gläserkraut', 'Grundbirnenkraut', 'Grundbirnenkräuterig', 'Grundbirnenkräutig', 'Grundbirnenskraut', 'Grundbirnenskräutig', 'Gräberkraut', 'Gänsekraut', 'Hasenkraut', 'Heusämigkraut', 'Hexenkraut', 'Hundskraut', 'Häuptleinskraut', 'Hühnleinskraut', 'Irrkraut', 'Irrkräutlein', 'Johanniskraut', 'Kannelkraut', 'Kappeskraut', 'Kartoffelkraut', 'Kartoffelkräuterig', 'Kartoffelkräutig', 'Kartoffelkräutlein', 'Kartoffelskräutig', 'Katzenkraut', 'Kernkraut', 'Knoppelkraut', 'Krautsköpflein', 'Kümmelkraut', 'Kümmerleinskraut', 'Lattichkraut', 'Läuskraut', 'Magenkraut', 'Maikraut', 'Mückenkraut', 'Natternkraut', 'Otterkraut', 'Otterkräuterig', 'Otternkraut', 'Otternkräuter', 'Otternkräuterig', 'Otternkräutig', 'Otternkräutlein', 'Patakenkraut', 'Patakenkräuterig', 'Patakenkräutlein', 'Patakenskräutlein', 'Pflanzenkraut', 'Pfundskraut', 'Podagrakraut', 'Pumserkraut', 'Riechkraut', 'Sauerkraut', 'Schachtelkraut', 'Schafskraut', 'Scheuerkraut', 'Scheuerkräutig', 'Schlammkraut', 'Schlangenkraut', 'Schlitzkraut', 'Stinkkraut', 'Suppenkraut', 'Suppenkräuter', 'Suppenkräutig', 'Suppenkräutlein', 'Säukräutig', 'Teufelskraut', 'Waldkraut', 'Wanzenkraut', 'Wanzenkräutig', 'Weichkraut', 'Weißkraut', 'Weißkrauthäuptlein', 'Wollkraut', 'Wurmkraut', 'Wurmkräutig', 'Zappelkräutlein', 'Zinnkraut', 'Zinnkräutig', 'Zitronenkraut']"
kaufen,"['Abkäufer', 'Bratwurstverkäufer', 'Einkaufen', 'Einkäufer', 'Fischverkäufer', 'Gemüskäufer', 'Großeinkauf', 'Hereingekaufter', 'Heringsschwanzverkäufer', 'Heringsverkäufer', 'Leihkauf', 'Leutverkäufer', 'Marktkäufer', 'Reukauf', 'Seelenverkäufer', 'Straßenverkäufer', 'Weckverkäufer', 'Weiberverkäufer', 'Wochenmarktkäufer', 'Wochenmarktverkaufer', 'Wurstverkäufer', 'Würstleinsverkäufer']"
laden,"['Abladig', 'Aufladen', 'Auflader', 'Beilade', 'Brautlader', 'Einladung', 'Frontlader', 'Gespannladung', 'Getreidladen', 'Hennenladen', 'Heulader', 'Hochzeitlader', 'Hochzeitslader', 'Kirchweihladen', 'Leichtlader', 'Schuttabladerer', 'Selbstlader', 'Strohlader']"
legen,"['Ablage', 'Ablege', 'Ablegen', 'Ableger', 'Ablegstein', 'Angelegte', 'Angelegtes', 'Anlagbackelein', 'Anlagknöppelein', 'Auflegen', 'Aufleger', 'Auslagbackelein', 'Beilage', 'Eierlegen', 'Eierverlegen', 'Einlage', 'Einlege', 'Einleger', 'Einlegig', 'Fröschgeleg', 'Grablege', 'Handablage', 'Hereingelegtes', 'Hineingelegenes', 'Hineingelegtes', 'Holzlege', 'Kartenlegerinnen', 'Kleiderablage', 'Krottenlege', 'Pickellege', 'Sichellege', 'Sichellegen', 'Strohleger', 'Vogelgeleg', 'Wettergeleg', 'Widerlege', 'Zulage', 'Zwirbellege', 'weglegen', 'Überlege', 'Überlegung']"
laufen,"['Ablauf', 'Ablaufer', 'Allerweltslaufer', 'Anlauf', 'Anlaufen', 'Auflaufer', 'Auslauf', 'Ausläufer', 'Dahergelaufener', 'Davongelaufener', 'Davonlaufen', 'Eierlauf', 'Einhingelaufener', 'Einlauf', 'Eisenlauf', 'Eislaufen', 'Freilauf', 'Füllenslauf', 'Gassatenläufer', 'Geflügelauslauf', 'Hasenläufer', 'Hemdläufer', 'Hereingelaufenen', 'Hereingelaufener', 'Hergelaufene', 'Hergelaufener', 'Herumläufer', 'Hinterlauf', 'Hühnerlauf', 'Jungläufer', 'Katzenläufer', 'Kirchenläufer', 'Landläufer', 'Leben', 'Marktläufer', 'Mordslauferei', 'Nachlauf', 'Nachlauferleins', 'Rehlauf', 'Rundlauf', 'Schlittenlauf', 'Schlittschuhelaufen', 'Schlittschuhlauf', 'Trablaufen', 'Umlauf', 'Vorderlauf', 'Vorlauf', 'Wasserlauf', 'Zugelaufene', 'Zugelaufener', 'Zusammengelaufene', 'herumlaufen', 'Überlauf', 'Überlaufen', 'Überläufer']"
graben,"['Ablaufgraben', 'Abwendgraben', 'Abziehgraben', 'Abzugsgraben', 'Adelgrube', 'Bachgraben', 'Besuchsgräbelein', 'Bettgräbelein', 'Böschungsgraben', 'Chausseegraben', 'Dolgraben', 'Drainagegraben', 'Drainiergraben', 'Entwässerungsgraben', 'Erdbirnengraben', 'Erdbirnengraber', 'Erdbirnengraberer', 'Erdäpfelgräber', 'Fettgraben', 'Flutgraben', 'Geißgraben', 'Grundbirnengraben', 'Herumgraber', 'Hohlergraben', 'Hohlgraben', 'Kartoffelgraben', 'Kartoffelgraber', 'Katzengraben', 'Kirchweihausgraben', 'Kulturgraben', 'Lachgraben', 'Lachgräbelein', 'Landgraben', 'Läusegraben', 'Massengrab', 'Mordsgraben', 'Patakengraben', 'Patakengraber', 'Pumsergraben', 'Raingraben', 'Rübengraben', 'Schanzgraben', 'Schatzgräber', 'Scheidgraben', 'Schlitzgraben', 'Schränzgraben', 'Schwegelgraben', 'Seitengraben', 'Sickergraben', 'Steckengraber', 'Steingraben', 'Stockgräber', 'Straßengraben', 'Straßgraben', 'Straßgräblein', 'Stöckegraber', 'Stöckgraber', 'Sumpfgraben', 'Totengräberfinger', 'Wassergrabelein', 'Wassergraben', 'Wassergräbchen', 'Wassergräbelein', 'Wassergräbenlein', 'Wiesengraben', 'Wiesengräblein', 'Wässergraben', 'Wässerungsgraben', 'Zuggraben']"
Maschine,"['Ablegmaschine', 'Bundmaschine', 'Dampfdreschmaschine', 'Dampfmaschine', 'Dreschmaschine', 'Dreschmaschiner', 'Dreschmaschinist', 'Erdbirnenmaschine', 'Grundbirnenherausmachmaschine', 'Grundbirnenmaschine', 'Grundbirnsmaschine', 'Heumaschinen', 'Händsämaschine', 'Kartoffelmaschine', 'Kleesamenmaschinlein', 'Kleesämaschine', 'Mordsmaschine', 'Mähmaschine', 'Mähmaschinendreschen', 'Patakenmaschine', 'Plärrmaschine', 'Pressmaschine', 'Schleudermaschine', 'Schreibmaschine', 'Schreibmaschinenmamsell', 'Stiftmaschine', 'Stopfmaschine', 'Stürzmaschine', 'Sämaschine', 'Sämaschinel', 'Sämaschinlein', 'Tretmaschine', 'Waschmaschine', 'Zugmaschine']"
leiten,"['Ableiter', 'Ableitung', 'Blitzableiter', 'Wasserleitung']"
lesen,"['Ablese', 'Ablesen', 'Aufleser', 'Ausgelesene', 'Beerenleser', 'Erdbirnenlese', 'Erdäpfelauflese', 'Erdäpfelauflesen', 'Erdäpfeleinlesen', 'Erdäpfellese', 'Erdäpfellesen', 'Erdäpfelsauflesen', 'Erdäpfelslese', 'Erdäpfelslesen', 'Erdäpfelsleserei', 'Erdäpfelszusammenlesen', 'Grundbirnenlese', 'Grundbirnenlesen', 'Grundbirnenzusammenlesen', 'Grundbirnenzusammenleses', 'Kartoffelauflese', 'Kartoffellese', 'Kartoffellesen', 'Kartoffelzusammenlesen', 'Nachlese', 'Obstauflesig', 'Patakenlesen', 'Steinelesen', 'Traubenlese', 'Träubellese', 'Träubelslese', 'Ährleinslesen', 'Ährleinsleser', 'Ährlesen']"
los,"['Ablösegeld', 'Appetitlosigkeit', 'Auflösig', 'Heilloser', 'Hörnerlose', 'Kopfloser', 'Rücksichtsloser', 'Treulose']"
machen,"['Abmachen', 'Abmachung', 'Allerweltsuntereinandermacher', 'Amahdmachen', 'Angemachte', 'Angemachtes', 'Anmachen', 'Aufmacher', 'Ausgemachtes', 'Ausmacher', 'Ausmacherin', 'Bahnmacher', 'Ebiggemachtes', 'Eingemachtes', 'Faxenmacher', 'Fertigmachen', 'Feuermachen', 'Futtermachen', 'Gaudimacher', 'Gaudimacherin', 'Geschreimaulende', 'Gewürgmacherin', 'Großmacher', 'Großmacherl', 'Großreinemachen', 'Grundbirnenausmachen', 'Grundbirnenherausmachen', 'Grundbirnensausmachen', 'Haaremachen', 'Hadermacher', 'Hasenmachen', 'Hausgemachte', 'Heftleinsmacher', 'Heiratsbekanntmachung', 'Herabmachen', 'Hereingemachte', 'Hereingemachter', 'Heumachen', 'Holzmachen', 'Holzmacher', 'Händelmacher', 'Jungemacher', 'Kalendermacher', 'Kartoffelausmachen', 'Kartoffelherausmachen', 'Katzelmachen', 'Katzelmacher', 'Katzenmachen', 'Katzenmacher', 'Knicksleinsmacher', 'Krachmacher', 'Krachmacherin', 'Krawallmacher', 'Krawallmacherin', 'Krämpfmacher', 'Lachetmacher', 'Leimmacher', 'Leutausmacherin', 'Leuteausmacher', 'Lochmacher', 'Lärmemacherin', 'Maulaufmachen', 'Maulmacher', 'Miesmacher', 'Miesmacherin', 'Minusmacher', 'Neugemachte', 'Plempeleinsmacher', 'Radaumacher', 'Radaumacherin', 'Saumacher', 'Schlafgemach', 'Schönmach', 'Schönmachen', 'Siebmacher', 'Spaßmacher', 'Spirenzenmacher', 'Sprüchemacher', 'Sprüchmacher', 'Spukmacher', 'Spüchmacher', 'Türaufmacher', 'Walzelmachen', 'Wegmachen', 'Wettermacher', 'Wichtigmacher', 'Wissmacher', 'Witzmacher', 'Zusammengemachtes', 'Zusammenmachen', 'langmachen']"
Sense,"['Abmachsense', 'Anhausensel', 'Aufräumsense', 'Bleusense', 'Bogensense', 'Bogensensel', 'Einmähsense', 'Einwendsense', 'Flattersense', 'Flügelsense', 'Gereffsense', 'Getreidesense', 'Getreidesensel', 'Getreidsensenwurf', 'Gittersense', 'Grassense', 'Grassensel', 'Korbsense', 'Laschensense', 'Laschsense', 'Reffelsense', 'Reffsense', 'Schnittsense', 'Senfsense', 'Tuchsense', 'Wackelsense', 'Widmähersense', 'Wurfsense', 'Wurfsensel']"
Milch,"['Abmilch', 'Biestermilch', 'Biestmich', 'Biestmilch', 'Bistmilch', 'Blaumilch', 'Blechmilch', 'Blutmilch', 'Brunstmilch', 'Buttermilch', 'Bärenmilch', 'Bätzeleinsmilch', 'Dickmilch', 'Dünnmilch', 'Erstlingsmilch', 'Erstmilch', 'Fegmilch', 'Frühmilch', 'Geißmilch', 'Grommilch', 'Harzmilch', 'Hexenmilch', 'Jungmilch', 'Kalbsmilch', 'Klumpenmilch', 'Kolostrummilch', 'Koppeleinsmilch', 'Kälberkuhmilch', 'Kälbermilch', 'Käsemilch', 'Käsmilch', 'Leiermilch', 'Magermilch', 'Milchdüppen', 'Milzmilch', 'Mockeleinmilch', 'Muttermilch', 'Neuntagemilch', 'Neuntagsmilch', 'Obermilch', 'Pechmilch', 'Priestermilch', 'Röggleinsmilch', 'Sauermilch', 'Saumilch', 'Schalmilch', 'Scheelmilch', 'Schleudermilch', 'Schlickermilch', 'Schlippmilch', 'Schluckeleinsmilch', 'Schludermilch', 'Schüsselmilch', 'Stockmilch', 'Stöcketmilch', 'Stöcktmilch', 'Säuleinsmilch', 'Teufelsmilch', 'Wassermilch', 'Wolfsmilch', 'Zentrifugmilch', 'Zentrifugsmilch', 'Ziebeleinsmilch']"
nehmen,"['Abnehmer', 'Abnehmes', 'Aufnehmen', 'Aufnehmer', 'Ausgenommenes', 'Ausnahme', 'Ausnahmgeld', 'Ausnahmsgeld', 'Herausnahme', 'Mitnehmer', 'Strohwegnehmer', 'Wegnehmer', 'Wegnehmerer', 'Zunehmen', 'Zunehmender', 'Zunehmendes', 'Zunehmes', 'Zunehmet', 'Zunehmeter', 'Zunehmetes', 'Übernahme', 'Übernahmschuld', 'Übernehmen']"
Deckel,"['Abortdeckel', 'Augendeckel', 'Bierdeckel', 'Bierdeckelein', 'Bierflaschendeckelein', 'Düppendeckel', 'Fettdeckel', 'Flaschendeckel', 'Flaschendeckelein', 'Groppendeckel', 'Hafendeckel', 'Hochzeitsdeckel', 'Kappendeckel', 'Kochdeckel', 'Kronendeckelein', 'Pappdeckel', 'Pfannendeckel', 'Pfauendeckel', 'Pfeifendeckel', 'Platzdeckel', 'Schabbesdeckel', 'Schimmeldeckel', 'Sonnendeckel', 'Sonnendeckelein', 'Speckdeckel', 'Topfdeckel', 'Verschlussdeckel']"
Schlauch,"['Abortschlauch', 'Gartenschlauch', 'Ofenschlauch']"
Würfel,"['Abortwürfel', 'Brunzwürfel', 'Brunzwürfelein', 'Desinfektionswürfel', 'Duftwürfel', 'Goldwürfelein', 'Klowürfel', 'Nudelwürfelein', 'Pissrinnenwürfel', 'Platzwürfelein', 'Rasenwürfel', 'Riechwürfel', 'Schiffwürfel', 'Seichrinnenwürfel', 'Seichwürfel', 'Semmelwürfel', 'Stinkwürfel', 'Weckwürfel', 'Weckwürfelein']"
pecken,['Abpecken']
Pfeife,"['Abpfeifer', 'Fußballpfeifer', 'Pfeifelein', 'Pfeifer', 'Pfeiflein']"
platzen,"['Abplätze', 'Abplätzig', 'Altarsplätzer', 'Bauchplatzer', 'Bauchplätzer', 'Bettplatzer', 'Hereingeplatzer', 'Mordsplatze', 'Mostplatzer', 'Schindplatzer']"
Becken,"['Abputzbeckel', 'Abwaschbecken', 'Abwaschbecklein', 'Buttenbecken', 'Handbeckel', 'Handbeckelein', 'Handbecken', 'Handbecklein', 'Tränkbecken', 'Tränkebecken', 'Tränkerbecken', 'Waschbeckel', 'Waschbecken', 'Waschbecklein', 'Wasserbecken']"
Gerät,"['Abputzgerät', 'Handsägerät', 'Heugerät', 'Kleesägerät']"
Hader,"['Abputzhader', 'Abspülhader', 'Abtrockenhader', 'Abtrockenhaderl', 'Abtrockenhaderlein', 'Abtrockenhäderlein', 'Abwaschhader', 'Anfasshadern', 'Aufspülhader', 'Aufspülhaderl', 'Aufspülhäderlein', 'Aufwaschhader', 'Aufwaschhädel', 'Aufwaschhäderlein', 'Aufwischhader', 'Bankhader', 'Bänkhader', 'Feghader', 'Feghadere', 'Geschirrhader', 'Hader', 'Handhader', 'Herdhader', 'Küchenhader', 'Ofenhader', 'Putzhader', 'Rohrhader', 'Röhrenhader', 'Schmeichhader', 'Seichhader', 'Spülhader', 'Spülhadern', 'Topfhader', 'Waschhader', 'Waschhäderlein', 'Wischhader', 'Zusammenfeghader', 'Zusammenräumhader', 'Zusammenwaschhader', 'Zusammenwischhader']"
Schaufel,"['Abputzschäufelein', 'Ackerschäufelein', 'Ackerschäuferl', 'Ackerschäuflein', 'Aschenschäufelein', 'Backschaufel', 'Backschauferl', 'Besenschaufel', 'Blechschaufel', 'Bützigschaufel', 'Bützigschäufelein', 'Dreckaufschaufel', 'Dreckschaufel', 'Dreckschäufelein', 'Dreckschäuferl', 'Erdschaufel', 'Fruchtschaufel', 'Früchtschaufel', 'Getreideschaufel', 'Getreidewendschaufel', 'Grabschaufel', 'Grundbirnenschäufelein', 'Halmschaufel', 'Handschaufel', 'Handschäufelein', 'Hebschaufel', 'Holzschaufel', 'Kartoffelschäufelein', 'Kehr(er)schaufel', 'Kehrerschaufel', 'Kehretschaufel', 'Kehrichschaufel', 'Kehrichschäufelein', 'Kehrichtschaufel', 'Kehrichtschäufelein', 'Kehrkotschaufel', 'Kehrschaufel', 'Kehrschäufelein', 'Kehrwischschaufel', 'Kohlenschaufel', 'Kohlenschäufelein', 'Kohleschaufel', 'Kornschaufel', 'Kotschaufel', 'Krautschaufel', 'Küchenschaufel', 'Küchenschäufelein', 'Kücheschaufel', 'Maulwurfsschaufel', 'Metallschaufel', 'Mischschaufel', 'Ofenschaufel', 'Pflugschaufel', 'Pflugschäufelein', 'Reutenschauferl', 'Reutenschäufelein', 'Reutenschäuferl', 'Reutschaufelein', 'Reutschäufelein', 'Reutstecken', 'Räumschaufel', 'Sandschaufel', 'Schafschaufel', 'Schanzschaufel', 'Scharschaufel', 'Scheeschaufel', 'Scherschaufel', 'Schneeschaufel', 'Schäufelein', 'Spatenschaufel', 'Stechschaufel', 'Stoßschaufel', 'Strohschaufel', 'Stubenschäufelein', 'Teigschäufelein', 'Totengräberschaufel', 'Trittschaufel', 'Trittschäufel', 'Trittschäufelein', 'Türschäufel', 'Türschäufelein', 'Wendeschaufel', 'Worfschaufel', 'Wurfschaufel', 'Wörfelschaufel', 'Wörfschaufel', 'Zugschaufel', 'Äschenschäufelein']"
Schüssel,"['Abputzschüssel', 'Abrahmschüssel', 'Abwaschschüssel', 'Abwischschüssel', 'Backschüsselein', 'Butterschüssel', 'Dickmilchschüssel', 'Hafenschüssel', 'Handschüssel', 'Handschüsselein', 'Kaffeeschüssel', 'Milchschüssel', 'Molkeschüssel', 'Mordsschüssel', 'Platzschüssel', 'Rahmschüssel', 'Salzschüssel', 'Salzschüsselein', 'Schlachtschüssel', 'Schleuderschüssel', 'Schwemmschüssel', 'Seihschüssel', 'Spülschüssel', 'Suppenschüssel', 'Tonschüssel', 'Tönerschüssel', 'Waschschüssel', 'Waschschüsselein', 'Wasserschüssel']"
Schuh,"['Abrahamschuh', 'Abrahamsschuh', 'Apostelschuh', 'Bauernschuh', 'Bockschuster', 'Christusschuh', 'Daumenhandschuh', 'Eisschlittschuh', 'Fausthandschuh', 'Flexibelschuh', 'Franziskanerschuh', 'Glacéhandschuh', 'Gleitschuh', 'Handschuh', 'Handschuhel', 'Handschuhlein', 'Handvollhandschuh', 'Hausschuh', 'Hemmschuh', 'Holzhandschuh', 'Jesusschuh', 'Judenschuh', 'Kapuzinerschuh', 'Leuchsenschuh', 'Leuchstenschuh', 'Linkshandschuh', 'Platzhandschuh', 'Radschuh', 'Riemchensschuh', 'Riemeleinschuh', 'Riemeleinsschuh', 'Riemenleinschuh', 'Riemenleinsschuh', 'Riemenschuh', 'Riemenschuhe', 'Riemleinschuh', 'Riemleinsschuh', 'Röhrenschuh', 'Schlappschuh', 'Schleifschuh', 'Schlittschuh', 'Schnallenschuh', 'Schneehemmschuh', 'Schneeschlittschuh', 'Schnürschuh', 'Schuhcremeschächtelein', 'Schuhputzschächtelein', 'Schuhschächtelein', 'Schuhschäufelein', 'Schuhwichsschächtelein', 'Werktagsschuh', 'Überhandschuh']"
Kuh,"['Abrahamskuh', 'Achatskühlein', 'Almhauskuh', 'Anderlingskühlein', 'Aprilkuh', 'Armeleutekuh', 'Armeleutskuh', 'Bierkuh', 'Bleikuh', 'Bleikühlein', 'Blessekuh', 'Blesskuh', 'Blindekuh', 'Blähkühlein', 'Bratwurstkühlein', 'Butzelkuh', 'Butzelkühlein', 'Eisenbahnerkuh', 'Erstlingskühlein', 'Fichtenbutzelkuh', 'Fichtenkuh', 'Fleischkuh', 'Föhrenbutzelkuh', 'Föhrenkuh', 'Geltkuh', 'Hasenkuh', 'Hasenkuhhöck', 'Hirtenkühlein', 'Johanniskühlein', 'Judenkuh', 'Kalbinkuh', 'Kellerkuh', 'Kienföhrenbutzelkuh', 'Kuhkälblein', 'Kälberkuh', 'Mainkuh', 'Melkkuh', 'Milchkuh', 'Milchkühlein', 'Mockelkühlein', 'Mooskuh', 'Mooskühlein', 'Mutterkuh', 'Petzkuh', 'Rotzkühlein', 'Saufkuh', 'Schutzekuh', 'Seichkuh', 'Tannenkühlein']"
raufen,"['Abraufer', 'Beerenraufer', 'Fressraufe', 'Futterraufe', 'Futterreff', 'Geißrauferei', 'Gitterraufe', 'Haarraufige', 'Heuraufe', 'Heuraufen', 'Heuräufe', 'Raufe', 'Schafraufe', 'Schlupfraufe', 'Schneeraufe', 'Schneeräufer', 'Viechraufe', 'Viehraufe']"
Zeug,"['Abrechzeug', 'Affenzeug', 'Afterszeug', 'Allerweltszeug', 'Anziehzeug', 'Aufspülzeug', 'Backzeug', 'Barraszeug', 'Bettzeug', 'Butterzeug', 'Butzelzeug', 'Bützelzeug', 'Einbrechwerkzeug', 'Einreibzeug', 'Einreibzeugs', 'Essenzeug', 'Euterzeug', 'Feuerzeug', 'Futterzeug', 'Gefiederzeug', 'Geflügelzeug', 'Gehahlerzeug', 'Gemüsezeug', 'Gewirrzeug', 'Graszeug', 'Grünzeug', 'Gürtzeug', 'Handwerkszeug', 'Heuerntewerkzeug', 'Heuhandwerkszeug', 'Heuhandwerkzeug', 'Heumachszeug', 'Heumachzeug', 'Heuwerkzeug', 'Heuzeug', 'Häusleinbauernzeuglein', 'Jungzeug', 'Kammerwagenzeug', 'Kleiderzeug', 'Kleinviehzeug', 'Kleinzeug', 'Kliebzeug', 'Kopfzeug', 'Kreißtenzeug', 'Kriegsfahrzeug', 'Krüppeleinszeug', 'Kuchenzeug', 'Lackelzeug', 'Lagerzeug', 'Lumpenzeug', 'Mangezeug', 'Mehlerzeugnis', 'Milchzeug', 'Nachrechzeug', 'Naschzeug', 'Nädelzeug', 'Plempelzeug', 'Rechzeug', 'Reisigzeug', 'Rieszeug', 'Rüstzeug', 'Sattelzeug', 'Sauzeug', 'Schleifzeug', 'Schreibzeug', 'Schreinzeug', 'Schuhputzzeug', 'Spülzeug', 'Stachelbeerzeug', 'Staudenzeug', 'Steinmetzzeug', 'Streifelzeug', 'Streuzeug', 'Strickzeug', 'Strümpfzeug', 'Suppenzeug', 'Säuzeug', 'Süßstoffzeug', 'Teufelszeug', 'Trankzeug', 'Viehzeug', 'Werktagszeug', 'Wichszeug', 'Wirrzeug', 'Zeug', 'Zieferzeug', 'Ziegenzeug', 'Zuckerzeug', 'Zunderzeug', 'Zusammenkehrzeug', 'Zusammenrechenzeug', 'Zusammenrechzeug', 'Überzeug']"
reden,"['Abrede', 'Allerweltsgered', 'Allerweltsgerede', 'Arschgerede', 'Ausrede', 'Dampfredner', 'Dauerreder', 'Dauerredner', 'Hauptreder', 'Hergered', 'Herumreden', 'Hingered', 'Leutsredner', 'Schmuredner', 'Selbstreder', 'Volksredner', 'Widerreden']"
reiben,"['Abreiberlein', 'Abreibig', 'Abreibung', 'Brotriebel', 'Eierriebelein', 'Einreiben', 'Erdbirnenreiber', 'Erdbirnenreiberlein', 'Erdbirnreibelein', 'Erdbirnreiber', 'Erdäpfelgereibig', 'Erdäpfelreiben', 'Erdäpfelreiber', 'Erdäpfelreiberlein', 'Erdäpfelreibig', 'Erdäpfelsreiber', 'Gerstengereiber', 'Griffelreibe', 'Grundbirnenreibe', 'Grundbirnenreibeisen', 'Grundbirnenreiber', 'Grundbirnreibe', 'Grundbirnreiber', 'Gummireibe', 'Gummireiber', 'Kartoffelreibe', 'Kartoffelreiben', 'Kartoffelreiber', 'Kleereiber', 'Mehlriebel', 'Patakenreibe', 'Pflugreibe', 'Pflugsreibe', 'Radreiber', 'Riebe']"
Mittel,"['Abreibmittel', 'Aufwaschmittel', 'Brechmittel', 'Einreibmittel', 'Geschirrspülmittel', 'Halbstarkenberuhigungsmittel', 'Putzmittel', 'Reinigungsmittel', 'Spülmittel']"
reren,"['Abrer', 'Abreret', 'Abrerig', 'Ausrerig', 'Tennenrerig']"
Ries,"['Abries', 'Abriesel', 'Abriesig', 'Samenriesig', 'Tennenries', 'Tennenriesel', 'Tennriesel']"
Kalender,"['Abrisskalender', 'Bauernkalender', 'Dorfkalender', 'Stadtkalender']"
Absatz,['Absatz']
bremsen,"['Absatzbremsen', 'Druckbremse', 'Fußbremse', 'Fußbremsung', 'Greifbremse', 'Hakenbremse', 'Hausbremse', 'Notbremse', 'Reißbremse', 'Schlittenbremse', 'Spindelbremse', 'Vollbremsung']"
Ferkel,"['Absatzferkel', 'Jungferkel', 'Milchferkel', 'Saugferkel', 'Spanferkel', 'Spanferkelein']"
Schaum,"['Abschaum', 'Abschaumer', 'Abschäumer', 'Krötenschaum']"
seihen,"['Abschaumseiher', 'Abschöpfseiher', 'Abseihen', 'Abseiher', 'Gemüseseiher', 'Gießerseiher', 'Gießerseiherlein', 'Gießkannenseichter', 'Gießkannenseiher', 'Gießseiher', 'Griebenseiher', 'Kaffeeseiher', 'Kaffeeseiherlein', 'Knödelseiher', 'Küchelseiher', 'Küchleinseiher', 'Milchseiher', 'Milchseiherlein', 'Salatseiher', 'Schaumseiher', 'Schaumsieber', 'Schöpfseiher', 'Sortierseiher', 'Sprengerseiher', 'Sprengseiher', 'Spritzerseiher', 'Spritzseiher', 'Spritzseiherlein', 'Teeseiher']"
scheinen,"['Abschein', 'Sonnenschein', 'Wetterscheinen', 'Widerschein']"
schlagen,"['Abschlag', 'Abschlagen', 'Anschlag', 'Anschlageleins', 'Anschlagerlein', 'Anschlagerleins', 'Anschlagplatz', 'Aufschlag', 'Ausschlag', 'Außenaufschlag', 'Beischlag', 'Bienenschlag', 'Bretterverschlag', 'Deichselarmbeschlag', 'Drischlag', 'Durchschlag', 'Einschlag', 'Einschlagen', 'Eisenbeschlag', 'Fichtenschlag', 'Fingerschlag', 'Fingerschlagen', 'Fleischschlager', 'Freischlag', 'Glockenschlag', 'Golleraufschlag', 'Hackschlag', 'Hagelschlag', 'Hahnenschlag', 'Handschlag', 'Hennenschlag', 'Herbstschlag', 'Herzschlag', 'Heuschlauen', 'Hinaufschlag', 'Hinkelsschlag', 'Hirnschlag', 'Holzschlag', 'Holzschläger', 'Händeschlagen', 'Händschlag', 'Hühnerschlag', 'Hühnerschläglein', 'Jackenaufschlag', 'Joppenaufschlag', 'Juppenaufschlag', 'Kahlschlag', 'Kanonenschlag', 'Kleideranschlag', 'Kragenaufschlag', 'Kragenumschlag', 'Kufenbeschlag', 'Mordsschlag', 'Pelzaufschlag', 'Rockaufschlag', 'Schaumschläger', 'Schlittenbeschlag', 'Schneeschlager', 'Schneeschläger', 'Schnellschlager', 'Sensschlag', 'Stangenschlag', 'Steinschlag', 'Steinschlager', 'Stockausschlag', 'Stockschlag', 'Stübelverschlag', 'Taubenschlag', 'Taubschlag', 'Totschlag', 'Totschlagen', 'Türanschlag', 'Türbeschlag', 'Umschlag', 'Unterschlag', 'Vorhandschlager', 'Vorschlag', 'Waagbeschlag', 'Zungenschlag', 'Zusammenschlag']"
schmettern,['Abschmettern']
Kuchen,"['Abschneidkuchen', 'Abschnittskuchen', 'Allerweltsküchlein', 'Apfelkuchen', 'Apfelküchelein', 'Apfelküchlein', 'Apfelpfannkuchen', 'Apfelsküchlein', 'Backkuchen', 'Backofenkuchen', 'Biestkuchen', 'Bischofskuchen', 'Blechkuchen', 'Brotkuchen', 'Bröckeleinkuchen', 'Bröckeleinskuchen', 'Bröseleinkuchen', 'Bröseleinskuchen', 'Bröselkuchen', 'Butterkuchen', 'Dotenlebkuchen', 'Eierkuchen', 'Eierpfannkuchen', 'Erdbirnenkrapflein', 'Erdbirnenkuchen', 'Erdbirnenküchlein', 'Erdbirnenpfannenkuchen', 'Erdbirnküchlein', 'Erdäpfelkuchen', 'Erdäpfelküchlein', 'Erdäpfelpfannenkuchen', 'Erdäpfelskuchen', 'Erdäpfelsküchlein', 'Erdäpfelspfannenkuchen', 'Erdäpfelspfannenküchlein', 'Erdäpfelspfannkuchen', 'Erdäpfelspfannküchlein', 'Fleischküchlein', 'Frankenkuchen', 'Fransenkuchen', 'Fransenküchlein', 'Franskuchen', 'Geriebeleinskuchen', 'Gesundheitskuchen', 'Graupeleinskuchen', 'Grindekuchen', 'Grundbirnenküchlein', 'Grundbirnenpfannenkuchen', 'Grundbirnenpfannkuchen', 'Grundbirnenpfannküchelchen', 'Grundbirnenspfannkuchen', 'Grundbirnküchlein', 'Grundbirnpfannekuchen', 'Grundbirnpfanneküchlein', 'Grundbirnpfannenkuchen', 'Grundbirnpfannkuche', 'Grundbirnpfannkuchen', 'Grundbirnpfannküchelchen', 'Grundbirnpfannküchlein', 'Grundbirnsküchlein', 'Grundbirnspfannenkuchen', 'Grundbirnspfannkuchen', 'Grundbirnspfannküchlein', 'Grundbirntiegelkuchen', 'Gräupeleinkuchen', 'Gräupeleinskuchen', 'Hackfleischküchlein', 'Hefekuchen', 'Hefeküchel', 'Hefeküchlein', 'Hefenküchlein', 'Herdküchlein', 'Hirtenkuchen', 'Hitzkuchen', 'Hollerküchlein', 'Honigkuchen', 'Kartoffelküchelchen', 'Kartoffelküchlein', 'Kartoffelpfannekuchen', 'Kartoffelpfannenkuchen', 'Kartoffelpfannkuchen', 'Kartoffelskuchen', 'Kartoffelsküchlein', 'Kirchweihkuchen', 'Kirchweihküchlein', 'Kirchweihskuchen', 'Kirchweihsküchlein', 'Kirchweikuchen', 'Kirmesenkuchen', 'Kirmeskuchen', 'Kirschkuchen', 'Kissenleinküchlein', 'Knieküchlein', 'Kranzkuchen', 'Krumpeleinkuchen', 'Krumpeleinskuchen', 'Krumpelskuchen', 'Krümeleinkuchen', 'Krümeleinskuchen', 'Krümelkuchen', 'Krümpeleinkuchen', 'Krümpeleinskuchen', 'Krümpelkuchen', 'Krümpelskuchen', 'Krümpfeleinskuchen', 'Krüpelskuchen', 'Käsekuchen', 'Käskuchen', 'Küchlein', 'Luftküchlein', 'Mattekuchen', 'Mehlkuchen', 'Mehlküchlein', 'Mehlpfannkuchen', 'Mohnkuchen', 'Moppeleinskuchen', 'Obstkuchen', 'Pappeleinskuchen', 'Patakenküchlein', 'Pfannekuchen', 'Pfanneküchlein', 'Pfannenkuchen', 'Pfannenküchel', 'Pfannenküchlein', 'Pfannkuchen', 'Pfannküchlein', 'Pfefferkuchen', 'Pfingstkuchen', 'Pustekuchen', 'Quarkkuchen', 'Querkuchen', 'Reibekuchen', 'Reibeküchlein', 'Reibeleinkuchen', 'Reibeleinskuchen', 'Reibelkuchen', 'Reiberkuchen', 'Reiberküchlein', 'Reibkuchen', 'Reibleinkuchen', 'Riebeleinskuchen', 'Riebeleinsküchlein', 'Riebelkuchen', 'Röhrenkuchen', 'Sandkuchen', 'Scharrkuchen', 'Schlamperkuchen', 'Schlierkuchen', 'Schmalzküchlein', 'Schmelzenkuchen', 'Schmierkuchen', 'Schneidersküchlein', 'Schustersküchlein', 'Schüsseleinsküchlein', 'Schüsselküchlein', 'Semmelkuchen', 'Sparkuchen', 'Speckkuchen', 'Spreißelkuchen', 'Stopferküchlein', 'Streuseleinkuchen', 'Streuseleinskuchen', 'Streuselkuchen', 'Streuskuchen', 'Streusleinkuchen', 'Streusleinskuchen', 'Sträubeleinkuchen', 'Sträubeleinskuchen', 'Tiegelkuchen', 'Weckbröseleskuchen', 'Weizenkuchen', 'Weißmehlpfannkuchen', 'Zimtkuchen', 'Zuckerkuchen', 'Zwetschgenkuchen', 'Äpfelkuchen', 'Äpfelküchelchen', 'Äpfelküchelein', 'Äpfelküchlein', 'Äpfelpfannenkuchen', 'Äpfelpfannenküchlein', 'Äpfelpfannkuchen', 'Äpfelskuchen', 'Äpfelsküchchen', 'Äpfelsküchlein', 'Äpfelspfannenküchelchen', 'Äpfelspfannkuchen', 'Äpfelspfannküchlein']"
Schnitt,"['Abschnitt', 'Abschnittlein', 'Abschnittling', 'Anschnitt', 'Anschnittlein', 'Ausschnitt', 'Brotschnitte', 'Brotschnittel', 'Brotschnittlein', 'Buchenschnitt', 'Durchschnitt', 'Einschnitt', 'Erdabschnitt', 'Erdäpfelschnittlein', 'Haberschnitt', 'Halsausschnitt', 'Häfeleinschnitt', 'Kernausschnitt', 'Langholzabschnitt', 'Langholzschnitt', 'Pfattenabschnitt', 'Sensenschnitt', 'Staffeleinsschnitt', 'Stäffeleinsschnitt', 'Sägenschnitt', 'Vorschnitt', 'Zackenschnitt']"
Feier,"['Abschnittfeier', 'Erntegansfeier', 'Kindstauffeier']"
Schar,"['Abschorer', 'Anflugschorer', 'Bahnschorer', 'Deichselschar', 'Doppelschar', 'Doppelscharer', 'Eisschorer', 'Gabelschar', 'Gartenschar', 'Gartenschare', 'Gartenschore', 'Gartschar', 'Grabschar', 'Pflugschar', 'Pflugschore', 'Pflugschorer', 'Pflugschörlein', 'Pflugsschar', 'Sauschar', 'Schare', 'Schneeschar', 'Schorschaufel', 'Schärlein', 'Stechschar']"
Schale,"['Abschälen', 'Apfelschale', 'Apfelschäle', 'Blumenschale', 'Eierschale', 'Eierschalenfüttern', 'Eischale', 'Erdbirnenschale', 'Erdbirnenschäle', 'Erdäpfelgeschäle', 'Erdäpfelschäle', 'Froschschale', 'Gackeleinschale', 'Gackeleinsschale', 'Gießschale', 'Grundbirnenschale', 'Grundbirnenschäle', 'Halmschälen', 'Holzsachale', 'Hornschale', 'Kaffeeschale', 'Kaffeschale', 'Kalkschale', 'Kalkschalen', 'Kartoffelschale', 'Kartoffelschalen', 'Kartoffelschäle', 'Käseschale', 'Meisterschale', 'Milchschale', 'Obstschäle', 'Patakenschale', 'Patakenschäle', 'Rahmschale', 'Rasenschäle', 'Rasenschälze', 'Reibschale', 'Salzschale', 'Schlagschale', 'Schäler', 'Stachelbeerschale', 'Stoppelschälen', 'Stupfelschälen', 'Trogschäle', 'Weinbeerschale', 'Wetzschale', 'Äpfelgeschälein', 'Äpfelschäle', 'Äpfelsschäle']"
Schmalz,"['Abschöpfschmalz', 'Achsenschmalz', 'Armschmalz', 'Buchtelschmalz', 'Eierleinschmalz', 'Erdbirnengeschmalz', 'Erdbirnenschmalzer', 'Gackeleinschmalz', 'Hirnschmalz', 'Schweineschmalz', 'Schweinschmalz', 'Schweinsschmalz', 'Speckschmalz']"
Brett,"['Abseihbrettel', 'Achsenbrett', 'Anmerkbrett', 'Anrichtbrett', 'Anrichtbrettel', 'Anrichtbrettlein', 'Aufsetzbrett', 'Aufstellbrett', 'Auftragbrett', 'Auftragbrettlein', 'Auftragsbrett', 'Auftragsbrettlein', 'Aufwartbrettlein', 'Bettbrett', 'Bettstattbrett', 'Blumenbrett', 'Bodenbrett', 'Bodenbrettstütze', 'Brette(n)', 'Bügelbrett', 'Dielenbrett', 'Essbrett', 'Fensterbrett', 'Fensterbrettel', 'Fensterbrettlein', 'Fußbrett', 'Fußbrettlein', 'Geschirrbrett', 'Gesimsbrettlein', 'Grabbrett', 'Hackbrett', 'Hafenbrett', 'Hafenbrettlein', 'Hineintragbrettlein', 'Holbrett', 'Holzbrett', 'Hornbrett', 'Häfeleinsbrett', 'Häfenbrett', 'Kaffeebrett', 'Kaffeebrettlein', 'Kammbrett', 'Kammerbrett', 'Kannelbrett', 'Kannenbrett', 'Kantenbrett', 'Kleiderbrett', 'Kopfbrett', 'Kreidbrett', 'Küchenbrett', 'Küchenbrettel', 'Lamentierbrett', 'Lehnbrett', 'Leistenbrett', 'Leiterbrett', 'Mangbrett', 'Mangelbrett', 'Mistbrett', 'Mistbretter', 'Moltbrett', 'Nudelbrett', 'Querbrett', 'Querbrettlein', 'Reibbrett', 'Räumbrett', 'Rückbrett', 'Schalenbrett', 'Scharbrett', 'Schemelbrett', 'Schippebrett', 'Schlagbrett', 'Schlittenbrett', 'Schlittenbrettlein', 'Schlittschuhbrettlein', 'Schlüsselbrett', 'Schmalbrett', 'Schneckenbrett', 'Schneebrett', 'Schubbrett', 'Schuldenbrett', 'Schuldenbrettlein', 'Schulterbrett', 'Schutzbrett', 'Schwartenbrett', 'Schwellbrettlein', 'Schwellenbrett', 'Schwellenbrettlein', 'Schüsselbrett', 'Schützenbrett', 'Servierbrett', 'Servierbrettel', 'Servierbrettlein', 'Simsbrett', 'Sitzbrett', 'Sitzbrettlein', 'Staubrett', 'Stechbrett', 'Stellbrett', 'Stemmbrett', 'Stirnbrett', 'Stürzenbrett', 'Stützbrett', 'Tassenbrett', 'Tellerbrett', 'Tellerbretter', 'Tragbrett', 'Tragebrett', 'Tragebrettlein', 'Treibbrett', 'Trittbrett', 'Trittbrettlein', 'Truhbrett', 'Truhenbretterwagen', 'Türbrett', 'Türbrettlein', 'Wagenbrett', 'Wagenbrettstütze', 'Wanzenbrett', 'Waschbrett', 'Wasserbrett', 'Wasserbrettlein', 'Wendebrett', 'Wetterbrett', 'Zapfenbrett', 'Zechbrett', 'Zechbrettlein', 'Zwischenbrett']"
Seite,"['Abseite', 'Ausseiter', 'Außenseiter', 'Einseiter', 'Einseitige', 'Futterseite', 'Innenseite', 'Kantseite', 'Kehrseite', 'Linkseite', 'Linksseite', 'Mächenseite', 'Nordseite', 'Oberseite', 'Reißseite', 'Schattenseite', 'Schlagseite', 'Seulseite', 'Sonnenseite', 'Sonntagsseite', 'Speckseite', 'Stirnseite', 'Südseite', 'Wendseite', 'Winterseite']"
spülen,"['Abspülerin', 'Abspülig', 'Aufspülen', 'Aufspülerin', 'Aufspülig', 'Geschirrspülerin', 'Gesteh', 'Mordsgespületes']"
Frau,"['Abspülfrau', 'Abwäschefrau', 'Ahnferin', 'Ahnferl', 'Ahnferlein', 'Ahnfern', 'Ahnfrau', 'Ahnfraulein', 'Ahnfräulein', 'Allerweltsfrau', 'Ammenfrau', 'Ammenfräulein', 'Aufspülfrau', 'Aufwaschfrau', 'Balkenfraulein', 'Beerenfrau', 'Beerenfraulein', 'Bettelfrau', 'Birkenfraulein', 'Bratwurstfrau', 'Bürofräulein', 'Dienersfrau', 'Eierfrau', 'Gebetfraulein', 'Gebetsfraulein', 'Gehfrau', 'Gemeindeputzfrau', 'Geschirrfrau', 'Gickelfrau', 'Göckelfrau', 'Hakenfräulein', 'Hausfrau', 'Hollefrau', 'Hollefraulein', 'Hollefräulein', 'Holzfraulein', 'Holzfräulein', 'Hutzelfraulein', 'Häkelfrau', 'Jungferlein', 'Jungfernwäldlein', 'Jungfrau', 'Kappelfraulein', 'Kappelfräulein', 'Kehrfrau', 'Kinderfräulein', 'Klapperfrau', 'Klassefrau', 'Klatschfrau', 'Kornfraulein', 'Kornfräulein', 'Kranzeljungfrau', 'Krenfräulein', 'Kronfräulein', 'Küchenfrau', 'Leichfrau', 'Mahlfrau', 'Marktfrau', 'Mehlfrau', 'Mehlfraulein', 'Milchfrau', 'Nachtfrau', 'Nebenfrau', 'Neujahrfraulein', 'Neujahrsfraulein', 'Patschfrau', 'Putzfrau', 'Putzfräulein', 'Pätschfrau', 'Quatschfrau', 'Reinmachfrau', 'Salbenfrau', 'Schaufrau', 'Scheuerfrau', 'Schneefraulein', 'Schnuckelfrlaulein', 'Schreibfräulein', 'Schulauskehrfrau', 'Schulfrau', 'Schulkehrfrau', 'Schulputzfrau', 'Seichfrau', 'Spülfrau', 'Standelfrau', 'Standfrau', 'Strohwitfrau', 'Tippelfräulein', 'Tippfräulein', 'Waldfraulein', 'Waldfräulein', 'Waschfrau', 'Wasserfrau', 'Wasserjungfrau', 'Weckfrau', 'Witfrau', 'Wollfraulein', 'Wullefrau', 'Würstleinsfrau']"
Lappen,"['Abspüllappen', 'Abtrockenlappen', 'Abtrockerlappen', 'Abwaschlappen', 'Abwischlappen', 'Anpacklappen', 'Aufputzlappen', 'Aufspüllappen', 'Aufwaschlappen', 'Aufwischlappen', 'Bänklappen', 'Drecklappen', 'Geiferlappen', 'Geiferlappes', 'Geiferlapplein', 'Geiferläppel', 'Geschirrlappen', 'Groppenlappen', 'Groppenlumpen', 'Gropplappen', 'Hafenlappen', 'Halsläpplein', 'Hebelappen', 'Herdlappen', 'Jammerlappen', 'Kochlappen', 'Kopflappen', 'Küchenlappen', 'Lederlappen', 'Leierlappen', 'Ofenlappen', 'Ohrenlappen', 'Ohrlappel', 'Ohrläppchen', 'Ohrläppel', 'Ohrläpplein', 'Pinkellappen', 'Poussierlapplein', 'Putzlappen', 'Röhrenlappen', 'Sauglappen', 'Saugläpplein', 'Saulappen', 'Scheuerlappen', 'Schieferlappen', 'Schmierlappen', 'Schmuslappen', 'Schullappen', 'Spüllappen', 'Sützelläppchen', 'Tafellappen', 'Topflappen', 'Triellappen', 'Töpfelappen', 'Töpfleinslappen', 'Waschlapp', 'Wischlappen', 'Zapfenlappen', 'Zuckerlappen', 'Zulllappen', 'Zusammenwaschlappen']"
Lump,"['Abspüllumpen', 'Abtrockenlumpen', 'Allerweltslump', 'Anfasslumpen', 'Aufputzlumpen', 'Aufwaschlumpen', 'Aufwischlumpen', 'Dreckgelumpe', 'Drecklump', 'Feglumpen', 'Füßlumpen', 'Geschirrlumpen', 'Grobbelumpen', 'Gröppenlumpen', 'Haderlump', 'Haderlumpen', 'Haderlumperer', 'Hafenlumpen', 'Handlumpen', 'Herdlumpen', 'Hundsgelumpe', 'Hundslump', 'Häfeleinslumpen', 'Kochlumpen', 'Kopflumpen', 'Küchenlumpen', 'Lump', 'Lumpen', 'Ofenlumpen', 'Putzlumpen', 'Rußlumpen', 'Röhrenlumpen', 'Sauflump', 'Sauglumpen', 'Schuhlumpen', 'Seiherlumpen', 'Spüllumpen', 'Staublumpen', 'Tafellumpen', 'Tiegellumpen', 'Topflumpen', 'Waschlumpen', 'Wischlumpen', 'Zapfenlumpen', 'Zuckerlumpen', 'Zullerlumpen']"
mittel,"['Abspülmittel', 'Aufspülmittel']"
Mädchen,"['Abspülmädlein', 'Allerweltsmädel', 'Allerweltsmädlein', 'Aufpassmadlein', 'Bauernmädlein', 'Beichtmädlein', 'Besitzemädlein', 'Blitzmädel', 'Blumenmädlein', 'Brautmädchen', 'Brautmädel', 'Brautmädlein', 'Bäckermädlein', 'Büromädlein', 'Dampfmädlein', 'Dorfmädlein', 'Frankenmädlein', 'Grantelmädchen', 'Hasenmädlein', 'Hausmädlein', 'Hemdmädlein', 'Hochzeitmädlein', 'Kindermadel', 'Kindermadlein', 'Kindermädchen', 'Kindermädel', 'Kindermädlein', 'Kindsmadel', 'Kindsmadlein', 'Kindsmädchen', 'Kindsmädel', 'Kindsmädlein', 'Kirchweihmädchen', 'Kirchweihmädlein', 'Krachmädchen', 'Kranzmädlein', 'Kulturmädlein', 'Küchenmädlein', 'Ladenmädlein', 'Lausmadel', 'Lausmädchen', 'Lausmädel', 'Lausmädlein', 'Lehrermädel', 'Lehrmädchen', 'Lehrmädel', 'Lehrmädlein', 'Magd', 'Mädlein', 'Planmädchen', 'Platzmädchen', 'Platzmädlein', 'Sachsenmädlein', 'Saumädlein', 'Schleiermädlein', 'Schmalzmädchen', 'Spülmadel', 'Spülmädchen', 'Spülmädel', 'Spülmädlein', 'Straßenmädchen', 'Streumädel', 'Streumädlein', 'Strohmädlein', 'Taglersmädlein', 'Tippmädlein', 'Waldmädchen', 'Zechmädlein']"
Pulver,"['Abspülpulver', 'Läusepulver', 'Scheuerpulver', 'Schießpulver', 'Schneepulver', 'Schnupfpulver', 'Seifenpulver', 'Speipulver', 'Sprengpulver', 'Teufelspulver']"
Tuch,"['Abspültuch', 'Abtrockeltuch', 'Abtrockengetüchlein', 'Abtrockenhandtuch', 'Abtrockentuch', 'Abtrockentüchel', 'Abtrockentücher', 'Abtrockentüchlein', 'Abtröckelhandtuch', 'Abtröckeltuch', 'Abtröckeltüchlein', 'Abwaschtuch', 'Abwischtüchlein', 'Altartuch', 'Anbindtüchel', 'Aufsetztüchlein', 'Aufspültüchlein', 'Aufwaschtüchlein', 'Backtüchlein', 'Betttuch', 'Bindestüchlein', 'Bindtüchlein', 'Blahtuch', 'Blatttuch', 'Bollentuch', 'Brottuch', 'Brottüchel', 'Brottüchlein', 'Brotzeittuch', 'Brotzeittüchlein', 'Bundtuch', 'Bündeleinstüchlein', 'Bündeltuch', 'Bündeltüchel', 'Bündeltüchlein', 'Deiseltüchlein', 'Dreituch', 'Drucktuch', 'Einbindtuch', 'Einbindtüchel', 'Einbindtüchlein', 'Einschlagtuch', 'Einschlagtüchlein', 'Einstecktuch', 'Einstecktüchlein', 'Einstricktüchlein', 'Einwickeltuch', 'Einwickeltüchlein', 'Fransentuch', 'Frotteetuch', 'Futtertuch', 'Fürtuch', 'Geifertüchlein', 'Geschirrhandtuch', 'Geschirrspültuch', 'Geschirrtuch', 'Geschirrtüchel', 'Geschirrtüchlein', 'Grastuch', 'Halstuch', 'Halstüchlein', 'Handtuch', 'Handtüchlein', 'Herabbindtüchlein', 'Hereinbindtüchlein', 'Herumbindetüchlein', 'Huckeltuch', 'Hüllentüchlein', 'Hülletuch', 'Hülletüchlein', 'Kirchweihtüchlein', 'Knüpftüchel', 'Kopftuch', 'Kopftüchel', 'Kopftüchelchen', 'Kopftüchlein', 'Kopftüchlelchen', 'Koptüchlein', 'Krauttuch', 'Kuchentuch', 'Kuchentüchlein', 'Küchenhandtuch', 'Küchenhandtüchelchen', 'Küchenhandtüchlein', 'Leichentuch', 'Leinentuch', 'Leintuch', 'Leintüchlein', 'Lutschtüchlein', 'Meicheltuch', 'Meicheltüchel', 'Meicheltüchlein', 'Patenbündeltüchlein', 'Pflücktuch', 'Platztüchlein', 'Rindentüchlein', 'Sacktuch', 'Sacktüchlein', 'Saugtüchel', 'Scheuertuch', 'Schlingtuch', 'Schmaustüchlein', 'Schmustüchlein', 'Schnabeltüchlein', 'Schnupfertüchel', 'Schnupftuch', 'Schnupftüchel', 'Schnäuztüchlein', 'Schnürpfeltüchlein', 'Serviettentüchlein', 'Speitüchlein', 'Spülhandtuch', 'Spültuch', 'Spültüchlein', 'Stirntüchlein', 'Streutuch', 'Stricktuch', 'Sätuch', 'Topftuch', 'Tragetuch', 'Tragtuch', 'Tragtüchel', 'Tragtüchlein', 'Trockentuch', 'Trockentüchel', 'Trockentüchlein', 'Tröckelhandtüchlein', 'Tröckeltuch', 'Tröckeltüchlein', 'Umschlagtüchlein', 'Vespertüchlein', 'Vierecktüchlein', 'Wickeltuch', 'Wischtuch', 'Wischtüchlein', 'Zipfeltuch', 'Zipfeltüchlein', 'Zwerchtuch']"
Wasser,"['Abspülwasser', 'Abwaschwasser', 'Altmühlwasser', 'Altwasser', 'Apfelsinenwasser', 'Arschbackenwasser', 'Aufspülwasser', 'Aufwaschwasser', 'Ausspülwasser', 'Auswaschwasser', 'Batzelwasser', 'Bauchwehwasser', 'Belustigungswasser', 'Bitzelwasser', 'Blödelwasser', 'Botenwasser', 'Bratzelwasser', 'Bremswasser', 'Brunnenwasser', 'Bräuwasser', 'Dachrinnenwasser', 'Dachwasser', 'Dreckwasser', 'Eiswasser', 'Essigwasser', 'Fackenwasser', 'Feuerwasser', 'Fischwasser', 'Fleischwasser', 'Fläuderwasser', 'Fläuwasser', 'Flöhwasser', 'Freudenwässerlein', 'Froschwasser', 'Fruchtwasser', 'Gefläuwasser', 'Geschirrwasser', 'Gottesackerwasser', 'Gröppserwasser', 'Gröppswasser', 'Gurgelwasser', 'Güllewasser', 'Hafenwasser', 'Hasenwasser', 'Himbeerwasser', 'Hochwasser', 'Hollerwasser', 'Holunderwasser', 'Huckelwasser', 'Hummeleinswasser', 'Hüllwasser', 'Jammerwasser', 'Katerwasser', 'Kitzelwasser', 'Klickerwasser', 'Kopperwasser', 'Krabbelwasser', 'Kribbelwasser', 'Kühlwasser', 'Laugenwasser', 'Lehrbubenwässerlein', 'Leinwasser', 'Läuswasser', 'Lühwasser', 'Mineralwasser', 'Miserabelwasser', 'Nachspülwasser', 'Ofenhafenwasser', 'Pappelwasser', 'Plagwasser', 'Prasselwasser', 'Purzelwasser', 'Quellwasser', 'Radelwasser', 'Rakoczywasser', 'Regenwasser', 'Rieswasser', 'Rülpswasser', 'Rülpswasserlein', 'Rülpswässerlein', 'Sappwasser', 'Sauerwasser', 'Schleifsteinwasser', 'Schmelzwasser', 'Schnalzelwasser', 'Schneewasser', 'Schwitzwasser', 'Seichwasser', 'Seifenwasser', 'Selterswasser', 'Selterwasser', 'Seltzerwasser', 'Sporzenwasser', 'Spratzelwasser', 'Spritzwasser', 'Sprudelwasser', 'Sprunzelwasser', 'Spülabwasser', 'Spüligwasser', 'Spülwasser', 'Tafelwasser', 'Tauwasser', 'Totenwasser', 'Traufwasser', 'Tropfwasser', 'Trüpfwasser', 'Verlustierwasser', 'Waldwasser', 'Waschwasser', 'Wasserwännlein', 'Weihwasser', 'Würmerwasser', 'Zielwasser', 'Zitronenwasser', 'Zuckerwasser']"
stehen,"['Abstand', 'Absteher', 'Aufstand', 'Aufstehen', 'Ausstand', 'Beistand', 'Beiständer', 'Bratwurststand', 'Bratwürstleinstand', 'Dachständer', 'Dreschausstand', 'Eckensteher', 'Ehestandslokomotive', 'Einstand', 'Erdapfelstand', 'Essständer', 'Fleischständer', 'Förstersstand', 'Försterstand', 'Garderobenständer', 'Getreiderückstand', 'Glücksstand', 'Glückstand', 'Grundbirnenstand', 'Gutstehenerlein', 'Gutsteher', 'Gutsteherin', 'Gutsteherlein', 'Güldstand', 'Halbgeradestehen', 'Halbstand', 'Handstande', 'Handstände', 'Handständel', 'Handständer', 'Handständerlein', 'Hausstand', 'Herumgesteh', 'Hochanstand', 'Hochstand', 'Hochständerleins', 'Imbissstand', 'Jagdstand', 'Jungholzbestand', 'Jägeranstand', 'Jägersstand', 'Jägerssteig', 'Jägersstuhl', 'Jägerstand', 'Kleiderständer', 'Kunstgegenstand', 'Kälberstandel', 'Lakständer', 'Losestand', 'Losstand', 'Lotteriestand', 'Malzrückstand', 'Marktstandler', 'Melkständel', 'Melkständelein', 'Melkständer', 'Mordsaufstand', 'Musikantenstand', 'Neujahrsständelein', 'Rehstand', 'Ruhestand', 'Salzständer', 'Schießstand', 'Schrotständer', 'Spätaufsteher', 'Umstand', 'Unterstand', 'Unterstandling', 'Unterständer', 'Viehbestand', 'Vorstand', 'Widersteher', 'Wildstand', 'Wohlsteher', 'Wohlsteherin', 'Wurststand', 'Würstchenstand', 'Würstelstand', 'Würstleinsstand', 'Zuckererbsenständlein', 'Zusammenstand', 'Zustand', 'Überstand', 'Überständer']"
Geld,"['Abstandsgeld', 'Altenauszugsgeld', 'Altengeld', 'Altersgeld', 'Ausdinggeld', 'Ausgedingsgeld', 'Ausstandsgeld', 'Austraggeld', 'Austragsgeld', 'Auszugsgeld', 'Bräutelgeld', 'Elterngeld', 'Erbgeld', 'Fersengeld', 'Fischgeld', 'Glücksgeld', 'Handgeld', 'Hausherausgeld', 'Häusergeld', 'Kostgeld', 'Kuppelgeld', 'Läutgeld', 'Mahlgeld', 'Mühlgeld', 'Pfarrgeld', 'Pfrundgeld', 'Quartalgeld', 'Saugeld', 'Schmusgeld', 'Schoppengeld', 'Schulgeld', 'Schuttgeld', 'Schweinegeld', 'Sonntagsgeld', 'Taschengeld', 'Tischgeld', 'Trinkgeld', 'Vorabgeld', 'Vorausgeld', 'Vorgeld', 'Vorneweggeld', 'Wachsgeld', 'Wochengeld', 'Zehrungsgeld', 'Zeitengeld']"
Staub,"['Abstauber', 'Aprilstauber', 'Bodenstaub', 'Handstauber', 'Hasenstäubling', 'Rußstauber', 'Schneestaub', 'Teufelsstaub', 'Winterstaub']"
Platz,"['Absteigplatz', 'Afterplatz', 'Apfelplatz', 'Ausruhplatz', 'Backofenplatz', 'Brotplatz', 'Bröseleinsplatz', 'Bumsplatz', 'Butterplätzlein', 'Dirnenplatz', 'Dorfplatz', 'Dätschplatz', 'Eierplatz', 'Eierplätzlein', 'Erdbirnenplätzlein', 'Erdbirnplätzlein', 'Erdäpfelplätzlein', 'Fangplatz', 'Fleischplatzlein', 'Fransenplätschlein', 'Freiplatz', 'Freischlagplatz', 'Freudenplatz', 'Grundbirnenplätzlein', 'Grundbirneplätzlein', 'Hausplatz', 'Hefeplatz', 'Hitzeplatz', 'Hitzplatz', 'Holzplatz', 'Hutplatz', 'Hutzelplatz', 'Kartoffelplatz', 'Katzenplatz', 'Kirchweihpatz', 'Kirchweihplatz', 'Kirmesplatz', 'Klumpenplatz', 'Klößplatz', 'Konditorplätzlein', 'Krümeleinsplatz', 'Krümpelplatz', 'Krümpelsplatz', 'Krümpleinssplatz', 'Kuhplatz', 'Käseleinplatz', 'Käseplatz', 'Käseplotz', 'Käsplatz', 'Kühplatz', 'Malplatz', 'Matteplatz', 'Nuttenplatz', 'Ofenplatz', 'Omelettenplatz', 'Planplatz', 'Platz', 'Platze', 'Platzen', 'Platzer', 'Plätz', 'Plätze', 'Rahmplätzlein', 'Reffplatze', 'Reibeleinplatz', 'Reibeleinsplatz', 'Reibelplatz', 'Reibeplatz', 'Riebeleinplatz', 'Riebeleinsplatz', 'Rodelplatz', 'Ruheplatz', 'Ruhlein', 'Ruhplatz', 'Salzplatzlein', 'Salzplätzchen', 'Salzplätzlein', 'Schlafplatz', 'Schmelzenplatz', 'Schmelzeplatz', 'Semmelplatz', 'Sitzplatz', 'Speckplatz', 'Spielplatz', 'Sportplatz', 'Standplatz', 'Stehplatz', 'Streuselplatz', 'Strichplatz', 'Tanzplatz', 'Tropfplätzlein', 'Waldplatz', 'Wasserplatz', 'Wasserplatze', 'Weckmehlplatz', 'Weihnachtplätzlein', 'Weihnachtsplätzchen', 'Weihnachtsplätzlein', 'Weihnachtszuckerplätzlein', 'Weißkäse', 'Wäscheplatze', 'Zimtplatz', 'Zuckerplatz', 'Zupfplatz', 'Zwetschgenplatz', 'Äpfelplätzchen']"
stoßen,"['Abstößer', 'Abstößerlein', 'Angestoßenes', 'Anstoß', 'Anstößel', 'Anstößig', 'Anstößlein', 'Ausstoß', 'Bockstoßen', 'Bretterstoß', 'Eisstoßer', 'Eisstößel', 'Getreidestoß', 'Getreidestößlein', 'Haferstoß', 'Heustoß', 'Hirnstössel', 'Holzstoß', 'Holzstößlein', 'Hölzerstoß', 'Kreuzstoß', 'Lerchenstößel', 'Mordsstößel', 'Nachstoßer', 'Pflugstößel', 'Rollenstoß', 'Scheitstoß', 'Umstoßen', 'Webstoß', 'Überstößel']"
Balken,"['Absägbalken', 'Aufhängbalken', 'Auflagebalken', 'Aufliegebalken', 'Aufzugbalken', 'Balken', 'Bindebalken', 'Bremsbalken', 'Bretterbalken', 'Dachbalken', 'Dachgebälk', 'Deckbalken', 'Deckenbalken', 'Deckengebälk', 'Durchzugbalken', 'Dübelgebälk', 'Firstbalken', 'Gesimsbalken', 'Giebelbalken', 'Giebelgebälk', 'Grundbalken', 'Hahnbalken', 'Hahnenbalken', 'Hauptbalken', 'Hemmbalken', 'Hirschgebälk', 'Kahlbalken', 'Katzenbalken', 'Kehlbalken', 'Kehlgebälk', 'Kragbalken', 'Lagerbalken', 'Leierbalken', 'Leiterbalken', 'Längsbalken', 'Mauerbalken', 'Pfettenbalken', 'Querbalken', 'Quergebälk', 'Ruhebalken', 'Rußbalken', 'Schleifbalken', 'Schleifholzbalken', 'Schlittenbalken', 'Schrägbalken', 'Schulterbalken', 'Simsbalken', 'Spatzengebälk', 'Sperrbalken', 'Streichbalken', 'Stubenbalken', 'Stuhlbalken', 'Stützbalken', 'Tragbalken', 'Tragebalken', 'Trägerbalken', 'Verbundbalken', 'Vorbalken', 'Waagbalken', 'Waagenbalken', 'Wetterbalken', 'Widerlagerbalken', 'Windenbalken', 'Zimmerbalken', 'Zimmermannsbalken']"
Teil,"['Abteil', 'Altenteil', 'Altersteil', 'Anteilung', 'Barnsteil', 'Barnteil', 'Einteilung', 'Eisenbahnabteil', 'Erbteil', 'Felgenteil', 'Flurabteilung', 'Fußteil', 'Gemeindeteilein', 'Gesäßteil', 'Gewitterteiler', 'Gewitterverteiler', 'Hackenteil', 'Halbteil', 'Hinterteil', 'Holzteil', 'Hosenhinterteil', 'Hosenteil', 'Kirchenteil', 'Kopfteil', 'Küchleinsbarnteil', 'Lernteil', 'Mahlanteil', 'Oberteil', 'Personenabteil', 'Pfötschleinausteilen', 'Plätschleinausteilen', 'Seitenteil', 'Stahlteil', 'Vorteil', 'Vorteiler', 'Wagenabteil', 'Wagenvorderteil', 'Wetterverteiler', 'Zugabteil']"
tragen,"['Abtragig', 'Achseltrager', 'Antrag', 'Antrager', 'Auftrag', 'Auftrager', 'Austrag', 'Austragerin', 'Austräger', 'Austrägerin', 'Ballenzutrager', 'Ballherbeitrager', 'Betteltrager', 'Bodenträger', 'Bremsstöckleinträger', 'Brillenträgerin', 'Buttenträger', 'Dachträger', 'Deckenträger', 'Deckträger', 'Drecktrager', 'Dreckträger', 'Essenstrager', 'Essentragel', 'Essentragelein', 'Essentrager', 'Essentragerl', 'Essentragerlein', 'Essentraget', 'Essentragtöpflein', 'Essenträger', 'Essenträgerlein', 'Essträger', 'Firstträger', 'Geweihträger', 'Herumtrager', 'Herumtragerin', 'Herumträger', 'Herumträgerin', 'Heuertrag', 'Hinterwagenträger', 'Hintragerin', 'Hinträger', 'Hochgetragener', 'Hochtragende(r)', 'Holzträger', 'Hosenträger', 'Kirchenbeitrag', 'Kottrage', 'Krätzentragets', 'Langwiedträger', 'Leiternträger', 'Mausfallentrager', 'Mausfallenträger', 'Misttrage', 'Mittelträger', 'Pfarrsträgel', 'Pöpelträger', 'Querträger', 'Radtrage', 'Refftrager', 'Schmierplatzträger', 'Siedtrager', 'Spitzenschnurrbartträger', 'Steintrage', 'Strohträger', 'Suppenträger', 'Suppenträgerl', 'Suppenträgerlein', 'Säcktrager', 'Säckträger', 'Südenträger', 'Südträger', 'Taubenträger', 'Waagträger', 'Wagenträger', 'Wassertragen', 'Wasserträger', 'Wedelträgerlein', 'Wegtrager', 'Wegträger', 'Windenträger', 'Zusammentraget', 'Zutragerin', 'Zuträger', 'Zuträgerin']"
treiben,"['Abtrieb', 'Allerweltsherumtreiber', 'Antreiber', 'Antrieb', 'Auftreiber', 'Auftrieb', 'Durchtriebene', 'Durchtriebener', 'Dämonenaustrieb', 'Eintreiben', 'Eseltreiber', 'Fußantrieb', 'Gewittervertreiber', 'Haberfeldtreiben', 'Haberfeldtreiber', 'Hasentreiben', 'Heimatvertriebener', 'Heimtreiber', 'Herumtreiber', 'Hurentreiber', 'Hurenzutreiber', 'Kameltreiber', 'Keiltreiben', 'Kesseltreiben', 'Kesseltrieb', 'Kniescheibenantrieb', 'Kühtrieb', 'Massenauftrieb', 'Muskelantrieb', 'Quertreiber', 'Sautreiber', 'Schnallentreiber', 'Schnalltreiber', 'Säutreiber', 'Trieb', 'Umhertreiber', 'Umtreiber', 'Umtrieb', 'Viehtreiber', 'Weidetrieb', 'Zeitvertreib', 'Zutreiber', 'durchtrieben']"
Tritt,"['Abtritt', 'Antritt', 'Drecktritt', 'Fenstertritt', 'Fußtritt', 'Haustritt', 'Schneetritt', 'Stolpertrittlein', 'Türtreter', 'Türtritt', 'Türtrittlein']"
Papier,"['Abtrittspapier', 'Anbrennpapier', 'Anzündpapier', 'Arschabwischpapier', 'Bonboneinwickelpapier', 'Bonbonleinpapierlein', 'Bonbonpapier', 'Bonbonpapierlein', 'Bonbonspapierlein', 'Bonbonswickelpapierchen', 'Einwickelpapier', 'Einwickelpapierlein', 'Feuerpapierlein', 'Feuersteinpapierlein', 'Glaspapier', 'Griffelspitzpapier', 'Guteleinpapierchen', 'Gutschenpapier', 'Gutschenspapier', 'Gutseleinspapier', 'Gutsespapier', 'Gutsleinspapier', 'Gutsleinspapierlein', 'Gutspapier', 'Gutspapierchen', 'Gutspapierlein', 'Klümpchenspapier', 'Käspapier', 'Leckerleinspapier', 'Leckerleinspapierlein', 'Leidenpapier', 'Lokuspapier', 'Patschpapierlein', 'Platzpapierlein', 'Rosenpapier', 'Sandpapier', 'Scheißhauspapier', 'Scheißpapier', 'Schießpapierl', 'Schmirgelpapier', 'Spitzpapier', 'Steinleinpapierlein', 'Steinleinspapierlein', 'Zeitungspapier', 'Zuckerleinseinwickelpapier', 'Zuckerleinspapierlein', 'Zuckerlpapier', 'Zuckerlpapierlein', 'Zuckerpapier', 'Zuckerpapierlein', 'Zuckersteinpapierlein', 'Zückerleinspapier']"
trocken,"['Abtrocknen', 'Abtrockner', 'Ausgetrockneter', 'Kleidertrockner', 'Ofentrockner', 'Rohrtrockner', 'Trockenhader', 'Trockenlumpen', 'Windeltrockner', 'Wäschetrockner']"
waschen,"['Abwasch', 'Abwascherin', 'Abwaschfrau', 'Allerweltswasch', 'Allerweltswasch(e)', 'Aufwasch', 'Aufwaschen', 'Aufwascherin', 'Aufwaschig', 'Aufwäscherin', 'Auswaschbrühe', 'Bleuwäschel', 'Dorfwasch', 'Dorfwasch(e)', 'Dorfwasche', 'Dreckswasche', 'Gemeindewasch(e)', 'Katzenwäsche', 'Kittelwascher', 'Landwasch(e)', 'Pfarrwasch(e)', 'Schulwasch', 'Stadtwasche', 'Stadtwäscherin', 'Säuwasche', 'Tellerwäscherin', 'Unterwäsche', 'Verratwasch', 'Verratwäsche', 'Wusch']"
Hudel,"['Abwaschhudel', 'Anpackhudel', 'Aufspülhudel', 'Aufwaschhudel', 'Aufwischhudel', 'Geschirrhudel', 'Kochhudel', 'Ofenhudel', 'Saughudel', 'Scheuerhudel', 'Spülhudel', 'Topfhudel', 'Überhudler']"
wechseln,"['Abwechslung', 'Jahreswechsel', 'Jahrwechsel', 'Mondwechsel', 'Rehwechsel', 'Wildwechsel', 'Wortwechsel']"
weichen,"['Abweiche', 'Abweichen', 'Ausweiche']"
wenden,"['Abwender', 'Angewende', 'Angewender', 'Anwand', 'Anwande', 'Anwander', 'Anwende', 'Anwenden', 'Anwender', 'Anwendung', 'Aufwender', 'Doppelwender', 'Eckgewende', 'Eckwende', 'Eckwender', 'Eigentumswende', 'Eingewende', 'Einwand', 'Einwend', 'Einwende', 'Einwender', 'Erdäpfelwender', 'Halmwenden', 'Heuwenden', 'Heuwender', 'Innenwende', 'Innerwendige', 'Innerwendiges', 'Innwendige', 'Innwendiges', 'Jahreswende', 'Jahrtausendwende', 'Notwendel', 'Notwenderlein', 'Notwendigkeit', 'Notwendiglein', 'Rainwende', 'Seulwend', 'Seulwende', 'Sonnenwende', 'Stoppelwenden', 'Umwender', 'Wintersonnwende']"
Kelle,"['Abwinkkelle', 'Anhaltkelle', 'Blinkerkelle', 'Melkkelle', 'Schafkelle', 'Schaumkelle', 'Schoßkelle', 'Schusskelle', 'Schutzkelle', 'Schöpfkelle', 'Suppenkelle', 'Wasserkelle', 'Winkerkelle']"
wischen,"['Abwischer', 'Arschwisch', 'Arschwischer', 'Arschwischpapier', 'Aufwischen', 'Auswischer', 'Borstwisch', 'Borstwischlein', 'Drehwisch', 'Fauchwisch', 'Faustwischlein', 'Feuerwisch', 'Flederwisch', 'Handwisch', 'Handwischer', 'Hegewisch', 'Hegwisch', 'Heuwisch', 'Irrwisch', 'Kehrwisch', 'Kehrwischlein', 'Küchenwisch', 'Läusefederwisch', 'Mähwisch', 'Papierwisch', 'Pfandwisch', 'Pfändwisch', 'Rügwisch', 'Schneewisch', 'Spindelwisch', 'Strohwisch', 'Strohwischelein', 'Strohwischlein', 'Tafelwischer', 'Ziegelwuschlein']"
wuseln,"['Abwusel', 'Abwuselein']"
Zucht,"['Abzucht', 'Allerweltszuchtel', 'Aufzucht', 'Bauchzüchter', 'Bienenzüchter', 'Brunzzuchtel', 'Fischzüchter', 'Hasenkuhzüchter', 'Hasenzüchter', 'Karnickelzüchter', 'Läusezüchter', 'Notzucht', 'Notzüchtler', 'Sauzuchtel', 'Taubenzüchter', 'Tierleinzüchter', 'Tierzüchter', 'Viehzüchter']"
ziehen,"['Abzug', 'Allertagsanzug', 'Allerweltsanzug', 'Anziehen', 'Anzieherei', 'Anzug', 'Arbeitsanzug', 'Atemziehen', 'Atemzug', 'Aufgezogene', 'Aufgezogener', 'Aufzug', 'Ausgezogene', 'Auszug', 'Auszügler', 'Bettbezug', 'Bettziehe', 'Bettziehelein', 'Bettüberzug', 'Brautanzug', 'Dreckzieher', 'Drähtleinszieher', 'Durchzug', 'Einszug', 'Eisenbahnzug', 'Eiterzieher', 'Flaschenzieher', 'Furchenzieher', 'Furchenzug', 'Gackszieher', 'Gewitterzieher', 'Herausziehen', 'Hereingezogener', 'Hergezogener', 'Herumzieher', 'Herumzieherin', 'Herumzug', 'Heuziehe', 'Hochzeitanzug', 'Hochzeitzug', 'Holzunterzug', 'Kettenzug', 'Kirchweihanzüglein', 'Korkenzieher', 'Kurbelzug', 'Linealgezogener', 'Lungenzug', 'Nachzügerlein', 'Nachzüglein', 'Nachzügler', 'Nachzüglerin', 'Ofenzug', 'Ohrenzieher', 'Riefenzieher', 'Rillenzieher', 'Rückzieher', 'Sauzug', 'Schlepperzug', 'Schlittenzug', 'Schläppenzieher', 'Schläppernzieher', 'Schnellzug', 'Schraubenzieher', 'Schraubenzieherlein', 'Schraubzieher', 'Schuhanzieher', 'Schuhzieher', 'Schüttzieher', 'Sonntagsanzug', 'Stiefelzieher', 'Stopfenzieher', 'Strohzieher', 'Teichziehen', 'Umherzieher', 'Umzug', 'Unterzug', 'Vorzug', 'Wasserzieher', 'Zug', 'Überziehe', 'Überzieher', 'Überzug']"
Ähre,"['Abährig', 'Aufährig', 'Aufährlein', 'Erdäpfelaufähren', 'Erdäpfelähreln', 'Leseährlein', 'Nachähre', 'Nachähren', 'Nachähret', 'Nachährig', 'Stupfelähre', 'Zusammenährig']"
weh,"['Acheleweh', 'Bauchweh', 'Heimweh', 'Heimwehten', 'Kopfweh', 'Magenweh', 'Zahnweh']"
binden,"['Achsband', 'Achselband', 'Achsstockband', 'Angebind', 'Angebinde', 'Bauchband', 'Bauchbinde', 'Bauchbindlein', 'Bauchbändlein', 'Beckenband', 'Besenbinder', 'Bindenagel', 'Bürdenbinder', 'Bürstbinder', 'Bürstenbinder', 'Dockenband', 'Dreschbändel', 'Dörrband', 'Einbindband', 'Einbindbändel', 'Eindrehband', 'Einwickelband', 'Fasselbinder', 'Fatschband', 'Fatschbinde', 'Fatschbändel', 'Fatschenbändel', 'Firstbandel', 'Garbband', 'Garbbändel', 'Garbbändlein', 'Garbenband', 'Garbenbinder', 'Garbenbändel', 'Garbenbändlein', 'Geißband', 'Getreideband', 'Haarbändel', 'Halsband', 'Halsbinde', 'Halsbändlein', 'Hanfseilband', 'Hopfenband', 'Hopfenbänder', 'Hosenbändel', 'Hutband', 'Imponierbändel', 'Industrieband', 'Jochband', 'Juteband', 'Kerbenbinder', 'Kettenhalsband', 'Kinderwickelband', 'Kirchweihbund', 'Kopfband', 'Kornband', 'Kornstrohbündel', 'Kufenband', 'Lederhalsbändlein', 'Leibbinde', 'Leibbinden', 'Mutterband', 'Nabelbinde', 'Papierbändlein', 'Pfatschband', 'Pressbändel', 'Qualitätsband', 'Rauchbindlein', 'Reißband', 'Samtband', 'Samtbändlein', 'Schildscheitband', 'Schnitzbund', 'Schnurrenbinde', 'Schuhbändel', 'Schurzbändel', 'Schürzenbändel', 'Schüttbinder', 'Seegrasband', 'Selbstbinder', 'Seulbändel', 'Sisalband', 'Steuerbindlein', 'Stierbändel', 'Stirnbinder', 'Stirnbändlein', 'Strickband', 'Strohband', 'Strohbinder', 'Strohbändel', 'Strohpressbinder', 'Strohsband', 'Tragband', 'Trauerbändlein', 'Türband', 'Waagbändlein', 'Wegbindelein', 'Weidenband', 'Wellenbinden', 'Wickelband', 'Wickelbinde', 'Wickelbund', 'Wickelbändel', 'Wickelbändlein', 'Wiegenband', 'Wurstbändel', 'Zigarettenbändlein', 'Zigarrenbauchbinde', 'Zigarrenbinde', 'Zigarrenbändlein', 'Zugverband', 'Ösenband']"
Brücke,"['Achsbrücke', 'Erdäpfelbrücke', 'Erdäpfelsbrücke', 'Hochbrücke', 'Holzbrücke', 'Holzgebrück', 'Kartoffelbrücke', 'Kirchweihbrücke', 'Liebesbrücke', 'Mistbrücke', 'Saalbrücke', 'Saubrücke', 'Saustallbrücke', 'Schlittenbrücke', 'Stallbrücke', 'Stubenbrücke', 'Säubrücke', 'Säustallbrücke', 'Säustallgebrück', 'Säustallsbrücke', 'Säustallsgebrück', 'Tanzbruck', 'Tanzbrücke', 'Wiesenfestbrücke']"
Büchse,"['Achsbüchse', 'Bettelbüchse', 'Blechbüchse', 'Cremebüchslein', 'Eisenbuchse', 'Essentragbüchse', 'Essentragbüchsel', 'Fechtbüchse', 'Federbüchse', 'Federbüchsel', 'Federbüchslein', 'Geldbüchse', 'Geraffelbüchse', 'Griffelbüchse', 'Hollerbüchse', 'Holunderbüchse', 'Kielenbüchse', 'Klapperbüchse', 'Klimperbüchse', 'Klingelbüchse', 'Knallbüchse', 'Krawallbüchse', 'Lederbüchse', 'Malbüchse', 'Mauerbüchse', 'Maurersbüchse', 'Milchbüchsel', 'Milchbüchslein', 'Nabbüchse', 'Nabenbüchse', 'Nadelbüchslein', 'Nichtsenbüchlein', 'Opferbüchse', 'Radbüchse', 'Rohrbüchse', 'Rupfbüchse', 'Salzbüchse', 'Salzbüchsel', 'Salzbüchselein', 'Salzbüchslein', 'Sammelbüchse', 'Schieferbüchse', 'Schlotbüchse', 'Schmierbüchse', 'Schmierbüchslein', 'Schmierenbüchslein', 'Schrotbüchse', 'Schuhbüchse', 'Schuhcremebüchse', 'Schuhcremebüchslein', 'Schuhwichsbüchse', 'Schuhwichsbüchslein', 'Schulbüchse', 'Seichbuchse', 'Seichbüchse', 'Spendenbüchse', 'Spritzbüchse', 'Stechbüchse', 'Steinleinbüchse', 'Stiftbüchse', 'Stiftebüchse', 'Stiftebüchslein', 'Stiftelbüchse', 'Stiftleinsbüchse', 'Wagenbüchse', 'Wasserbüchse', 'Wasserknallbüchse', 'Wichsbuchse', 'Wichsbüchse', 'Wichsbüchslein', 'Wohlfahrtsbüchse']"
Bein,"['Achselbein', 'Bachstelzenbein', 'Bachstelzenbeinlein', 'Barnsbeinchen', 'Beinhans', 'Butterbeinlein', 'Dickbein', 'Drosselbein', 'Dürrbeineter', 'Eisbein', 'Feenbeinlein', 'Gaukelbein', 'Geißbein', 'Geißbeinlein', 'Gratschbein', 'Gänsebein', 'Hatschbein', 'Hinkebein', 'Hochbeinete', 'Hochbeineter', 'Holzbein', 'Hosenbein', 'Hundsbein', 'Hüpfbein', 'Katzenbeinlein', 'Kindsbein', 'Kipfbein', 'Klotzbein', 'Krakelbein', 'Kratzbein', 'Krummbeinet', 'Krummbeineter', 'Krähenbein', 'Krähenbeine', 'Krückelbein', 'Kufenbein', 'Langbeinete', 'Langbeineter', 'Latschbein', 'Linsenbeinlein', 'Mächenbein', 'Mückenbein', 'Nudelbein', 'Puttenbein', 'Puttleinsbein', 'Raubeiniger', 'Saubein', 'Schafbein', 'Schambein', 'Schaufelbein', 'Schienbein', 'Schlafbein', 'Schleifbein', 'Schlittenbein', 'Schlittenbeinlein', 'Schlossbein', 'Schlüssebein', 'Schlüsselbein', 'Schnakenbein', 'Schnappbein', 'Schulterbein', 'Sitzbein', 'Spatzenbein', 'Sperkenbein', 'Spinnenbein', 'Spitzbein', 'Spreitzbeine', 'Stachelbeerbein', 'Stampfbeinlein', 'Stampfelbein', 'Stangenbein', 'Steckeleinsbein', 'Steckeleinsbeine', 'Steckelsbein', 'Steckenbeinlein', 'Stelzbein', 'Stelzenbein', 'Storchbein', 'Storchbeinete', 'Storchenbein', 'Storchenbeineter', 'Storrenbein', 'Strampelbein', 'Strampelbeinlein', 'Stuhlbein', 'Stämpfbeinlein', 'Stämpfelbein', 'Stämpfeleinsbein', 'Störchenbein', 'Stützbein', 'Suppenbein', 'Säbelbein', 'Säubein', 'Säubeinlein', 'Trippelbeinlein', 'Weifbeinlein', 'Wurstbeinlein', 'Zigeunersbeinlein', 'Zuckbein', 'Überbein']"
Busch,"['Achselbuschelein', 'Augenbusch', 'Augenbüschel', 'Bauernbuschelein', 'Bauernbüschelein', 'Bienenbusch', 'Birkenbusch', 'Bitterbusch', 'Buschel', 'Dornenbusch', 'Eierbusch', 'Erbsenbüschel', 'Erlenbusch', 'Erlensbusch', 'Felberbusch', 'Fichtenbüschlein', 'Frankenbüschel', 'Garbenbüschel', 'Getreidbüschel', 'Getreidebüschel', 'Grasbüschel', 'Gänsebusch', 'Haarbusch', 'Haarbüschel', 'Hiefenbusch', 'Hollerbusch', 'Holzbüschel', 'Hüllebuschelein', 'Kehrbusch', 'Kettenbusch', 'Kettenbüsch', 'Kirchweihbusch', 'Kirchweihbüschlein', 'Kornstrohbüschelein', 'Krötenbusch', 'Maienbusch', 'Milchbusch', 'Märzbusch', 'Märzenbusch', 'Puppenbusch', 'Rebenbüschel', 'Reisigbuschen', 'Reisigbüschel', 'Reisigbüschelein', 'Ringelbusch', 'Ringelsbusch', 'Ringetsbusch', 'Ringleinsbusch', 'Rosenbusch', 'Ruschbuschel', 'Samenbüschel', 'Schaubbüschel', 'Schilfbüschel', 'Schlehbusch', 'Schlehebusch', 'Schlehenbusch', 'Schluttenbusch', 'Strohbusch', 'Strohbüschel', 'Strohbüschelein', 'Tropfbüsche', 'Wellenbüschel', 'Wellenbüschelein', 'Wetterbusch', 'Widerbusch', 'Wirrbüschel', 'Zichorienbusch', 'Ährenbüschel']"
Grube,"['Achselgrube', 'Beingrube', 'Brustgrübelein', 'Brustgrüblein', 'Drosselgrube', 'Erdbirnengrube', 'Erdgrube', 'Fischgrube', 'Froschgrube', 'Genicksgrube', 'Grübelein', 'Halsgrube', 'Halsgrübelein', 'Hungergrube', 'Kohlgrube', 'Kälbergrube', 'Mistgrube', 'Rübengrube', 'Schmalzgrube', 'Sickergrube', 'Traufgrube']"
Haar,"['Achselhaar', 'Armhaar', 'Armhärlein', 'Augenhaar', 'Augenrunzelhaar', 'Barthaar', 'Beinhaar', 'Beinhärlein', 'Dockeleinshaar', 'Engelhaar', 'Flachshaar', 'Flaumhärlein', 'Fotzenhaar', 'Fotzenhaarel', 'Fotzhaar', 'Futthaar', 'Kammhaar', 'Katzenhaar', 'Kolbenhaar', 'Kraushaar', 'Körperhaar', 'Maisdockeleinhaar', 'Maishaar', 'Maishärlein', 'Maiskolbenhaar', 'Maispoppehaare', 'Maispoppeleinhaare', 'Maispoppeleinshaare', 'Maispoppenhaare', 'Poppeleinshaar', 'Schwanzhaar', 'Schwitzhaar', 'Seidenhaar', 'Strubbelhaar', 'Wuschelhaar', 'Zimmermannshaar', 'Zottelhaar', 'Zöbelhaar', 'Zöttelhaar']"
hohl,"['Achselhöhle', 'Achselhöhlenhaar', 'Althohl', 'Grubenhohle', 'Kieshohle', 'Ohrenhöhlerer', 'Räubershöhle', 'Starenhöhle']"
reiten,"['Achselreiter', 'Armeseelenreiter', 'Beinreiten', 'Buckelreiter', 'Dachreiter', 'Drahteselreiten', 'Eseleinreiten', 'Firstreiter', 'Geißbockreiten', 'Griffelreiterin', 'Gäuleinsreiten', 'Hamperreiter', 'Hemdreiter', 'Hockereiter', 'Holzreiter', 'Hoppareiter', 'Hoppereiter', 'Hoppreiter', 'Hopsareiter', 'Hossereiter', 'Huckelreiten', 'Huckelreiter', 'Huckereiter', 'Hüpfereiter', 'Kamelreiten', 'Kopfereiten', 'Kopfreiten', 'Kopfreiter', 'Kopfreiterleins', 'Schlangenreiter', 'Schlittenreiter', 'Schnapsreiten', 'Stangenreiter', 'Säureiterleins']"
Schübel,"['Achselschübelein', 'Haarschübel', 'Hundschübel', 'Hundsschübel', 'Lügenschübel', 'Rasenschübel', 'Strohschübel', 'Strohschübelein', 'Wasenschübel', 'Windschübel', 'Wirrerschübel', 'Wundschübel']"
Gabel,"['Achsengabel', 'Astgabel', 'Böckleingabel', 'Böckleinsgabel', 'Deichselgabel', 'Erdbirnengabel', 'Erntegabel', 'Erntegabelein', 'Erntegäbelein', 'Feuergabel', 'Fruchtgabel', 'Früchtegabel', 'Früchtegäbelein', 'Früchtgabel', 'Futtergabel', 'Garbengabel', 'Garbengabelein', 'Garbengabeln', 'Garbgabel', 'Gerstengabel', 'Getreidegabel', 'Getreidegabelein', 'Getreidesgabel', 'Getreidespießer', 'Getreidgabel', 'Getreidgabelein', 'Getreidsgabel', 'Getreidspießer', 'Getreidstecher', 'Grabgabel', 'Heugabel', 'Heugabelein', 'Heugäbelein', 'Hinaufgabeln', 'Hinauflanggabel', 'Hinterachsgabel', 'Hintergabel', 'Holgabel', 'Korngabel', 'Korngäbelein', 'Langegabel', 'Langgabel', 'Leuchsengabel', 'Mistgabel', 'Mähgabel', 'Ofengabel', 'Rechengabel', 'Reutgabel', 'Schießgabel', 'Schleudergabel', 'Schlittengabel', 'Schürgabel', 'Schüttgabel', 'Spatengabel', 'Spießgabel', 'Spießgäbelein', 'Stallgabel', 'Stechgabel', 'Stechgäbelein', 'Storzenärengabel', 'Strohgabel', 'Strohgabler', 'Stürgabel', 'Wagengabel', 'Weggabel', 'Werfgabel', 'Zinkengabel', 'Ährengabel', 'Ährengäbelein', 'Ährgabel']"
Henkel,"['Achsenhenkel', 'Barrashenkel', 'Eimerhenkel', 'Griffhenkel', 'Handhaderhenkelein', 'Henkeldüppe', 'Henkelhäfelein', 'Hopfenhenkel', 'Kleiderhenkel', 'Streithenkel', 'Suppenhenkel', 'Taubenhenkel', 'Traghenkel', 'Wursthenkel']"
Nagel,"['Achsennagel', 'Achsnagel', 'Balkennagel', 'Bindernagel', 'Bindnagel', 'Blutnägelein', 'Buschnägelein', 'Büchsennagel', 'Deichselnagel', 'Drahtnagel', 'Drecknagel', 'Eisennagel', 'Erbsennagel', 'Fingernagel', 'Garbennagel', 'Gewürznägelein', 'Haufennagel', 'Holznagel', 'Holznägel', 'Holznägellein', 'Hängnagel', 'Kipfenagel', 'Kipfenstocknagel', 'Kipfnagel', 'Kipfstocknagel', 'Kipfstuhlnagel', 'Kornnäglein', 'Lagennagel', 'Lagenstangennagel', 'Lagstangennagel', 'Landenstangennagel', 'Langstangennagel', 'Langwiednagel', 'Leistennagel', 'Lenkstangennagel', 'Lenkwiednagel', 'Leuchsennagel', 'Lonnagel', 'Lönnagel', 'Neidnagel', 'Nelke', 'Nietnagel', 'Notnagel', 'Petrusnagel', 'Pfingstnägelein', 'Polsternagel', 'Radnagel', 'Radschuhnagel', 'Rangnagel', 'Ranknagel', 'Reibnagel', 'Renknagel', 'Renkstangennagel', 'Ridnagel', 'Riebnagel', 'Rührnagel', 'Sargnagel', 'Scherennagel', 'Schernagel', 'Schlossnagel', 'Schlussnagel', 'Schnernagel', 'Schuhnagel', 'Schuhnägellein', 'Sohlennagel', 'Sohlennägellein', 'Stecknagel', 'Stiefelnagel', 'Studentennägelein', 'Totennagel', 'Trauernagel', 'Täcksnagel', 'Täcksnägellein', 'Waagbalkennagel', 'Waagnagel', 'Wagenachsnagel', 'Wagennagel', 'Wetternagel', 'Zehennagel', 'Zimtnägelein']"
Ring,"['Achsenring', 'Achsring', 'Altersring', 'Armring', 'Auflegring', 'Augenringel', 'Baumring', 'Baumstammsring', 'Breitring', 'Büchsenring', 'Deichselring', 'Eierring', 'Eierringlein', 'Eiring', 'Eiringlein', 'Eisenring', 'Fingerringlein', 'Gaffelholzring', 'Glitzerohrring', 'Grindsringel', 'Gänseringel', 'Halsring', 'Haufenring', 'Hauptring', 'Holzring', 'Jahresring', 'Jahresringel', 'Jahrring', 'Jährleinsring', 'Kipfring', 'Kipfringe', 'Klauenring', 'Kreisring', 'Lagenring', 'Lagenstangenring', 'Lagstangenring', 'Lagwiedring', 'Langwellring', 'Langwiedring', 'Lebensring', 'Leistenring', 'Leistring', 'Leiterbaumring', 'Leiterring', 'Lenkstangenring', 'Lenkwiedring', 'Lenkwiedsring', 'Leuchseneisenring', 'Leuchsenring', 'Leuchsering', 'Leuchstenring', 'Lägwiedsring', 'Längstangenring', 'Längwiedring', 'Lünsenring', 'Maulring', 'Nabenring', 'Nabring', 'Nahtring', 'Nasenring', 'Näbring', 'Ohrenring', 'Ohrenringlein', 'Ohrring', 'Ohrringel', 'Ohrringelein', 'Ohrringlein', 'Ortscheitring', 'Paterleinsohrring', 'Paterleinsohrringlein', 'Paterleinsring', 'Paterleinsringlein', 'Perlenohrenringlein', 'Perlenohrring', 'Perlenohrringlein', 'Perlohrring', 'Perlohrringlein', 'Perlring', 'Perlringlein', 'Ragring', 'Rauchring', 'Rauchringel', 'Rauchringelein', 'Rauchringlein', 'Reißring', 'Renkstangenring', 'Räderring', 'Schernagelring', 'Scherring', 'Schließring', 'Schlossring', 'Schlüsselring', 'Schmierring', 'Schneeringel', 'Schulterring', 'Seilwindenring', 'Sensenring', 'Sensenringel', 'Sensenringlein', 'Setzlattenring', 'Sicherheitsring', 'Sommerring', 'Spannring', 'Spannsteckring', 'Sperrring', 'Spreizring', 'Spreizsteckenring', 'Steckring', 'Stiefelring', 'Tragring', 'Trauerring', 'Trauerringe', 'Viehring', 'Waagring', 'Waagringlein', 'Waagscheitring', 'Wagenring', 'Wetterring', 'Winterring', 'Zigarrenringlein', 'Älterring']"
stecken,"['Achsenstecker', 'Achsstecker', 'Achssteckerlein', 'Armsteckelein', 'Armsteckerlein', 'Birkleinstecken', 'Bremsstecken', 'Erdäpfelstecker', 'Feuersteckelein', 'Feuerzeugstecklein', 'Fürstecker', 'Garbensteckelein', 'Gestecklein', 'Gäustickel', 'Handsteckelein', 'Handstecker', 'Handsteckerlein', 'Hereingesteckter', 'Jochstecken', 'Jochstecker', 'Maienstecken', 'Mangelstecken', 'Marksteinverstecker', 'Nabenstecker', 'Paterleinstecker', 'Pfingstbaumstecken', 'Pflanzenstecken', 'Pflugsteckerlein', 'Radstecker', 'Radsteckerlein', 'Ringsteckerlein', 'Schwefelsteckelein', 'Steckel', 'Steckerl', 'Stiefelstecker', 'Stiefelsteckerlein', 'Streichholzsteckelein', 'Strohstecker', 'Vorstecker', 'Waagstecker', 'Wagenstecker', 'Wagensteckerlein', 'Wäschestecker', 'Zündsteckelchen', 'Zündsteckelein', 'Übersteckerlein']"
Stiefel,"['Achsenstiefel', 'Achsstiefel', 'Achsstiefelein', 'Barrasstiefel', 'Halbstiefel', 'Hochwasserstiefel', 'Krummstiefel', 'Kürassierstiefel', 'Langstiefel', 'Leistenstiefel', 'Leuchsenstiefelein', 'Leuchsstiefel', 'Napoleonstiefel', 'Radstiefelein', 'Reiternstiefel', 'Reitstiefel', 'Rohrstiefel', 'Rotstiefel', 'Röhrenstiefel', 'Röhrleinsstiefel', 'Schaftstiefel', 'Schenkelstiefel', 'Schäftstiefel', 'Steifstiefel', 'Stemmleistenstiefel', 'Stinkstiefel', 'Stulpenstiefel', 'Wadenstiefel', 'Wagenstiefel', 'Wasserstiefel', 'Zieharmonikastiefel']"
Stift,"['Achsenstift', 'Achsstift', 'Bleistift', 'Eisenstift', 'Holzstift', 'Holzstiftlein', 'Kratzstift', 'Lanerstift', 'Lonstift', 'Radstift', 'Reißstiftlein', 'Saustift', 'Schieferstift', 'Schreibstift', 'Schusterstiftlein', 'Splintstift', 'Tafelstift', 'Wagenstift', 'Wagenstiftel', 'Zwickstiftlein']"
Stock,"['Achsenstock', 'Achsstock', 'Achsstöckel', 'Allerheiligenstock', 'Allerheiligenstöcklein', 'Allerseelenstock', 'Allerseelenstöcklein', 'Allerweltsstock', 'Angelstock', 'Armenseelenstock', 'Astelstock', 'Ausruhstock', 'Ballenstock', 'Bauernstock', 'Baumstock', 'Bienenstock', 'Bienstock', 'Bildstock', 'Bildstöckel', 'Binsenstock', 'Blumenstock', 'Blättleinstock', 'Bremsstock', 'Bremsstöckel', 'Bremsstöcklein', 'Bubenstock', 'Dachstock', 'Dangelstock', 'Dengelstock', 'Dengelstöckchen', 'Dengelstöckel', 'Dengelstöcklein', 'Drehsperrstöcklein', 'Däumelingskipfstock', 'Däumlingskipfstock', 'Eckstock', 'Eichenstock', 'Eierstock', 'Erdbirnenstock', 'Erdbirnstock', 'Erdbirnstöcklein', 'Erdäpfelstock', 'Federstock', 'Feilsperrstöckel', 'Fensterstock', 'Fichtenstock', 'Firststock', 'Frauenstock', 'Freistock', 'Garbenstöcklein', 'Gartenstock', 'Gehstock', 'Geruhstock', 'Gerüngstock', 'Getreidestock', 'Grasstock', 'Gurtstock', 'Hackstock', 'Halbstock', 'Halbstocker', 'Haselnussstock', 'Haubenstock', 'Heustock', 'Hiefenstock', 'Hinterkipfstock', 'Hollerstock', 'Holzstock', 'Immenstock', 'Jungferleinsstöcke', 'Kartoffelstock', 'Keilstöcklein', 'Kinnstock', 'Kipfelstock', 'Kipfenstock', 'Kipfleinstock', 'Kipfstock', 'Kipfstöcklein', 'Kippstöckel', 'Kleiderstock', 'Kniestock', 'Knorzenstock', 'Landerstock', 'Lotstock', 'Maienstock', 'Maistöcklein', 'Malstock', 'Milchstöcklein', 'Mittelkipfstock', 'Märzenstock', 'Nägeleinsstock', 'Nägeleinsstöcklein', 'Oktoberstock', 'Pappeleinstock', 'Pappelstock', 'Patakenstock', 'Pfotenstock', 'Pumpensstock', 'Pumpenstock', 'Pumpenstöckel', 'Pumpenstöcklein', 'Rahmstöcklein', 'Reibstock', 'Ringleinsstock', 'Ringstock', 'Rohrstöcklein', 'Rosenstock', 'Rosenstöcklein', 'Ruhestock', 'Rungenstock', 'Rührstock', 'Salbeistock', 'Schemelstock', 'Schlehenstock', 'Schleifholzstöcklein', 'Schleifscheitstöcklein', 'Schleifstock', 'Schleifstöckel', 'Schleifstöckelein', 'Schleifstöcklein', 'Schlittenstöcklein', 'Schmeckensblättleinsstock', 'Schneestock', 'Schröpferstöcklein', 'Sensenstock', 'Stammstöcke', 'Steckeleinsstock', 'Straußstock', 'Streustock', 'Sträußstock', 'Stängelstock', 'Tatzenstock', 'Tomatenstock', 'Torstock', 'Träubelstock', 'Türstock', 'Unterstock', 'Vorderkipfstock', 'Wasserstock', 'Weinstock', 'Windenstöcklein', 'Windstöckel', 'Wurzelstock', 'Zaunstock', 'Zweistöcketer', 'Ächsstock']"
Zapfen,"['Achsenzäpflein', 'Achszapfen', 'Achszäpflein', 'Anzapfen', 'Büchsenzäpflein', 'Drosselzäpflein', 'Eisenzäpflein', 'Eiszapfen', 'Fichtenzapfen', 'Fichtzapfen', 'Flaschenzapfen', 'Föhrenzapfen', 'Hahnenzapfen', 'Halszäpflein', 'Haselzapflein', 'Heuwagenzapfen', 'Jungszäpflein', 'Kiefernzapfen', 'Kieferzapfen', 'Korkzapfen', 'Leuchsenzäpflein', 'Lumpenzapfen', 'Lünenzäpflein', 'Lüngzäpflein', 'Lünzäpflein', 'Nagelzäpflein', 'Radzäpflein', 'Rotzzapf', 'Saufzapfen', 'Schlehenzapfen', 'Schnarchzapfen', 'Spießzäpflein', 'Spitzzapfen', 'Spitzzäpfelein', 'Spitzzäpflein', 'Stiefelzäpflein', 'Tannenzapfen', 'Tannzapfen', 'Wagenzapfen', 'Wagenzäpfel', 'Wagenzäpflein', 'Zapf']"
Holm,"['Achsholm', 'Kufenholm', 'Leiterholm', 'Pflugholm', 'Querholm', 'Schlittenholm']"
Hülse,"['Achshülse', 'Getreidehülse', 'Getreidehülsen', 'Stachelbeerhülse', 'Waaghülse', 'Weinbeerhülse']"
Kapsel,"['Achskapsel', 'Bierkapsel', 'Bierkäpsel', 'Bierkäpselein', 'Flaschenkapsel', 'Flaschenkapselein', 'Flaschenkäppselein', 'Flaschenkäpselein', 'Kronenkapsel', 'Lüngkapsel', 'Radkapsel', 'Samenkapsel', 'Wagenkapsel', 'Zündkapsel', 'Zündkapselein', 'Zündkapslein', 'Zündkäpselein']"
Lünse,"['Achslaner', 'Leuchsenstiefel', 'Radlünlein']"
Schemel,"['Achsschemel', 'Drehschemel', 'Eisschemel', 'Fußschemel', 'Fußschemelchen', 'Fußschemelein', 'Hinterschemel', 'Melkschemelein', 'Reibschemel', 'Reitschemel', 'Tragschemel', 'Trittschemel', 'Trittschemerl', 'Vorderschemel']"
Schenkel,"['Achsschenkel', 'Bubenschenkel', 'Froschschenkel', 'Ofenschenkel', 'Stiefelschenkel', 'Waagschenkel', 'Waagschenkelein', 'Waagschenkerl', 'Waagschenkerlein', 'Wagenschenkel', 'Wetterschenkel']"
Splint,"['Achssplint', 'Wagensplint']"
acht,['Acht']
Blume,"['Achterblume', 'Allerheiligenblume', 'Allerheiligenblümlein', 'Allerseelenblume', 'Allerweltsblume', 'Bettpisserblume', 'Bettseicherblume', 'Bienenblume', 'Blasblume', 'Brunzblume', 'Butterblume', 'Butterblümlein', 'Dollenblume', 'Eisblume', 'Eisblümlein', 'Fensterblume', 'Fensterfrostblume', 'Feuerblume', 'Flurblume', 'Flöhblume', 'Franzosenblume', 'Frostblume', 'Frühjahrsblume', 'Gartenblume', 'Gefrierblume', 'Geißblume', 'Geißblümlein', 'Gergenblume', 'Gewitterblume', 'Gichtblume', 'Giftblume', 'Glockenblume', 'Gottesackerblume', 'Grasblume', 'Grießblume', 'Gräberblume', 'Gänsblumen', 'Gänsblümchen', 'Gänsblümel', 'Gänsblümelein', 'Gänseblume', 'Gänseblumen', 'Gänseblümchen', 'Gänseblümel', 'Gänseblümlein', 'Gäulsblume', 'Göckelblume', 'Göckeleinsblume', 'Göckersblume', 'Heiligenblume', 'Herbstblume', 'Herbstblümlein', 'Herrenblume', 'Herzeblümlein', 'Heublume', 'Heublumen', 'Heublümlein', 'Heugeblümel', 'Heugeblümlein', 'Hexenblume', 'Hexenblümchen', 'Hexenblümlein', 'Himmelfahrtsblumen', 'Hustenblume', 'Jörgenblume', 'Jörgesblume', 'Kaffeeblume', 'Kauzblume', 'Kettenblume', 'Kirchhofblume', 'Kirchhofsblume', 'Klatschblume', 'Kleeblume', 'Klitschblume', 'Klätscheblume', 'Kornblume', 'Krötelblume', 'Kuckucksblume', 'Kuckucksblümlein', 'Kuhblume', 'Käsblume', 'Leuchtblume', 'Lichterblume', 'Lorbeerblume', 'Läusblume', 'Läuseblume', 'Maiblume', 'Margaretenblume', 'Margeritenblümlein', 'Mauerblümlein', 'Messblümchen', 'Milchblume', 'Mohnblume', 'Mohnblumma', 'Mohnblümel', 'Mondblume', 'Märzenblume', 'Märzenblümchen', 'Märzenblümlein', 'Nägelblume', 'Oktoberblume', 'Osterblume', 'Osterblümlein', 'Pappelblume', 'Pappelkuhblume', 'Patscheblume', 'Pfaffenblume', 'Pfarrersblume', 'Pfingstblume', 'Pfingstenblume', 'Platscheblümel', 'Platschenblümel', 'Pusteblume', 'Pustenblume', 'Ringelblume', 'Ringelblümlein', 'Ringleinsblume', 'Rollblume', 'Saublume', 'Schmalzblume', 'Schneidersblume', 'Seichblümlein', 'Sonnenblume', 'Sterbeblume', 'Sternblume', 'Suttenblume', 'Tausendblätterblume', 'Teeblümel', 'Teeblümlein', 'Teufelsblume', 'Totenblume', 'Totenblumen', 'Totenblümlein', 'Wiesenblume', 'Wollblume', 'Wollenblume']"
Boden,"['Ackerboden', 'Arschboden', 'Aufstellbödchen', 'Bergboden', 'Betonboden', 'Bretterboden', 'Dachboden', 'Dielenboden', 'Dungboden', 'Erdboden', 'Feldboden', 'Flintsboden', 'Futterbödelein', 'Fußboden', 'Gallenboden', 'Getreideboden', 'Grasboden', 'Heuboden', 'Holzboden', 'Hosenboden', 'Humusboden', 'Hungerboden', 'Hühnerboden', 'Kalkboden', 'Keuperboden', 'Kieferboden', 'Kiesboden', 'Lehmboden', 'Lettenboden', 'Lichsboden', 'Lössboden', 'Malmboden', 'Mergelboden', 'Moorboden', 'Moosboden', 'Mutterboden', 'Reutboden', 'Riemenboden', 'Rötelboden', 'Sandboden', 'Sauboden', 'Sauerboden', 'Schalboden', 'Schlundboden', 'Schwarzboden', 'Schwarzböder', 'Spaltenboden', 'Spitzboden', 'Stallboden', 'Steinboden', 'Streuboden', 'Strohboden', 'Sumpfboden', 'Säuboden', 'Säuerboden', 'Tanzboden', 'Tanzbödelein', 'Tennboden', 'Tonboden', 'Truhboden', 'Waldboden', 'Wasboden', 'Wasenboden', 'Wiesenboden']"
Egge,"['Ackeregge', 'Beeteegge', 'Dornenegge', 'Erdäpfelegge', 'Grundbirnegge', 'Kultivatoregge', 'Nachegge', 'Nachhineggen', 'Netzegge', 'Niedereggen', 'Reißegge', 'Saategge', 'Saateggen', 'Scharegge', 'Scheibenegge', 'Schleifegge', 'Schweregge', 'Spatenegge', 'Zusammeneggen']"
Erde,"['Ackererde', 'Braterdäpfel', 'Dämpferdäpfel', 'Flurerde', 'Fußerde', 'Geißerdäpfelein', 'Grundbirnenreiben', 'Humuserde', 'Kalkerde', 'Muttererde', 'Putzerde', 'Samenerdäpfel', 'Samenerdäpfeln', 'Samenerdäpfels', 'Samerdäpfel', 'Sauerdäpfelein', 'Siloerdäpfel', 'Säuerdäpfelein']"
Eule,"['Ackereule', 'Brilleneule', 'Fliegeule', 'Haareule', 'Huheule', 'Kellereule', 'Nachteule', 'Nachtseule', 'Schlafeule', 'Schleiereule', 'Volleul']"
Fichte,"['Ackerfichte', 'Hutfichte', 'Kirchweihfichte', 'Kirchweihfichten', 'Kirchweihfichtlein', 'Kirchweihsfichte', 'Kirmesfichte', 'Krausfichte', 'Mutterfichte', 'Weißfichte', 'Wetterfichte', 'Zöttelfichte']"
Fotze,"['Ackerfotze', 'Backfotze', 'Fotzenhänsel', 'Großgefotzete', 'Hinterfotz', 'Hinterfotzer', 'Hinterfotziger', 'Hundsfott', 'Hundsfotz', 'Hundsfotze', 'Hundsfotze(n)', 'Hundsfotzen', 'Hundsfotzlein', 'Hundsfozenfraß', 'Hundsfötzlein', 'Pappelfotze', 'Saufotze']"
Furche,"['Ackerfurche', 'Anfurche', 'Angefurchtes', 'Backenfurche', 'Beetfurche', 'Doppelfurche', 'Erdbirnenfurche', 'Erdbirnenfürchlein', 'Erdbirnfurche', 'Erdbirnfürchlein', 'Erdäpfelfurche', 'Erdäpfelfürchlein', 'Erdäpfelsfurche', 'Fehlfurche', 'Grundbirnenfurche', 'Grundbirnenfürchlein', 'Grundbirnfurche', 'Grundbirnsfurche', 'Grundbirnsgefurche', 'Haarfurche', 'Halbfurche', 'Hauptfurche', 'Herbstfurche', 'Häuptenfurche', 'Häuptfurche', 'Kartoffelfurche', 'Kopffurche', 'Lausfurche', 'Mahdfurche', 'Mordsfurche', 'Patakenfurche', 'Pflugfurche', 'Rainfurche', 'Saatfurche', 'Saufurche', 'Schlampfurche', 'Schrotfurche', 'Schwingfurche', 'Schälfurche', 'Sommerfurchen', 'Stoppelfurche', 'Wasserfurche', 'Zwerchfurche', 'Zwiefurche']"
Kot,"['Ackerkot', 'Hundsköter', 'Krötenkot', 'Lausköter', 'Straßenkot']"
Krume,"['Ackerkrume', 'Brotkrumen', 'Brotkrümelein', 'Brotkrümpel', 'Brotkrümpelein', 'Krumpelein', 'Krumpen', 'Krümpelein']"
Land,"['Ackerland', 'Ausländer', 'Bauchlandung', 'Brachland', 'Dürrländer', 'Flachland', 'Grenzland', 'Grundbirnenland', 'Grünland', 'Hereinländerin', 'Holzland', 'Juralandschaft', 'Kappesland', 'Karstlandschaft', 'Keuperlandschaft', 'Koppesland', 'Krautländer', 'Kuhländer', 'Musterländlein', 'Nassland', 'Neuland', 'Oberland', 'Oberländer', 'Oberländler', 'Pflanzenland', 'Reutland', 'Rodland', 'Sauerland', 'Schwabachland', 'Sudetenländer', 'Sumpfland', 'Taubenland', 'Öberländler', 'Ödland']"
lang,"['Ackerlänge', 'Fichtenlangholz', 'Halblang', 'Handlanger', 'Himmellanger', 'Kieferlangholz', 'Langer', 'Längslatte', 'Zeitlang', 'Überlänge']"
Lattich,"['Ackerlätte', 'Brandlattich', 'Butterlatte', 'Esellattich', 'Huflatte', 'Huflatter', 'Huflattich']"
Mohn,"['Ackermohn', 'Feldmohn', 'Klatschmohn', 'Klitschmohn', 'Patschmohn', 'Rotmohn']"
Pfründe,"['Ackerpfrund', 'Pfarrenpfründe', 'Pfarrpfrund']"
Pilz,"['Ackerpilz', 'Aschepilz', 'Birkenpilz', 'Birkenpilze', 'Blaupilz', 'Blutpilz', 'Bratpilz', 'Bremenpilz', 'Butterpilz', 'Butterpilzel', 'Eierpilz', 'Fleischpilz', 'Fliegenpilz', 'Frauenpilz', 'Färberpilz', 'Glückspilz', 'Habichtpilz', 'Habichtspilz', 'Herrenpilz', 'Herrnpilz', 'Hexenpilz', 'Hirschpilz', 'Holzpilz', 'Hutpilz', 'Judenpilz', 'Kartoffelpilz', 'Karusellpilz', 'Knollenblätterpilz', 'Kuhpilz', 'Kühepilz', 'Kühpilz', 'Kümmelpilz', 'Leberpilz', 'Läuspilz', 'Maipilz', 'Maronenpilz', 'Mehlpilz', 'Mückenpilz', 'Parasolpilz', 'Patakenpilz', 'Perleinpilz', 'Perlenpilz', 'Perlpilz', 'Pfefferpilz', 'Rauchpilz', 'Rehpilz', 'Rohrpilz', 'Rotpilz', 'Rotzpilz', 'Sandpilz', 'Satanspilz', 'Schafpilz', 'Schirmpilz', 'Schmierpilz', 'Schnupftabakspilz', 'Semmelpilz', 'Staubpilz', 'Steinpilz', 'Stinkpilz', 'Teufelspilz', 'Tintenpilz', 'Wasserpilz', 'Wiesenpilz', 'Ziegenpilz', 'Zigeunerpilz', 'Zitronenpilz']"
Rain,"['Ackerrain', 'Ackerrainlein', 'Anrainen', 'Anrainer', 'Erdbirnleinrainlein', 'Erdbirnrain', 'Gemeinderain', 'Grenzrain', 'Grundbirnenrainlein', 'Grundbirnleinrainlein', 'Grundbirnrainlein', 'Hochrain', 'Kartoffelrain', 'Kartoffelrainlein', 'Menrain', 'Ockrain', 'Orterain', 'Ortrain', 'Querrain', 'Reihe', 'Seichrain', 'Seichrainlein', 'Särain', 'Werkrain', 'Winterrain']"
Rand,"['Ackerrand', 'Anrand', 'Augenrand', 'Bettrand', 'Dengelrand', 'Dorfrand', 'Dreckrand', 'Dreckrändlein', 'Friedhofsrand', 'Hutrand', 'Kappenrand', 'Knopflochrand', 'Knopflochrändlein', 'Lochrändlein', 'Saatrand', 'Samträndlein', 'Schüttrand', 'Straßenrand', 'Trauerrand', 'Trauerrändlein', 'Waldesrand']"
Reitel,"['Ackerreitel', 'Bierreitel', 'Kettenreitel', 'Reutel', 'Sprießreitel', 'Strohreitel', 'Wagenreitel']"
Halm,"['Ackerschachtelhalm', 'Getreidehalme', 'Grashalm', 'Haberhalm', 'Kornhalm', 'Lesehalme', 'Maishalm', 'Rechenhalm', 'Schachtelhalm', 'Spachtelhalm', 'Strohhalme', 'Strohshalm', 'Waldschachtelhalm']"
Schande,"['Ackerschande', 'Blutschande', 'Blutsschande', 'Flurschänder', 'Immerschänder', 'Mordsschänderei']"
Schnecke,"['Ackerschnecke', 'Aufgeschneckselte', 'Erdäpfelschnecklein', 'Goldschnecke', 'Mohnschnecke', 'Rainschnecke', 'Salatschnecke', 'Weinbergschnecke', 'Zuckerschneck', 'Zuckerschnecke', 'Zuckerschnecklein']"
Schrolle,"['Ackerschrolle', 'Eisschrolle(n)']"
spitz,"['Ackerspitze', 'Baumspitze', 'Baumspitzlein', 'Bleistiftspitzer', 'Bleistiftspitzerin', 'Christbaumspitze', 'Dreispitz', 'Dreispitze', 'Einwendspitze', 'Eisspitze', 'Fichtenspitze', 'Fichtenspitzlein', 'Fingerspitzeln', 'Geißelspitze', 'Giebelspitze', 'Griffelspitzer', 'Kronenspitze', 'Kämmspitze', 'Langholzspitze', 'Laubbaumspitze', 'Leuchsenspitze', 'Magenspitze', 'Maurerspitze', 'Mopsgedackelterwindhundspitz', 'Nachtspitzer', 'Nadelbaumspitze', 'Quarkspitze', 'Quarkspitzen', 'Quarkspitzlein', 'Quarzspitzer', 'Salzspitzel', 'Salzspitzlein', 'Schieferspitzer', 'Schieferstiftspitzer', 'Seelenspitze', 'Stiftespitzer', 'Stiftleinsspitzer', 'Stiftspitze', 'Stiftspitzer', 'Stiftspitzerlein', 'Tannenspitze', 'Tannenspitzlein', 'Trauerspitze', 'Wetterspitze', 'Zweispitz', 'Zähnespitze']"
Taube,"['Ackertaube', 'Feldtaube', 'Flugtaube', 'Hoftaube', 'Holztaube', 'Huttaube', 'Kröpfetäubet', 'Ringeltaube', 'Turteltaube', 'Wildtaube']"
Trumm,"['Ackertrumm', 'Frisiertrumm', 'Höllentrümmlein', 'Langholztrumm', 'Mannstrumm', 'Mordstrumm', 'Mordtrumm', 'Riesentrumm', 'Sautrumm', 'Steintrumm', 'Säutrumm']"
Waage,"['Ackerwaage', 'Deichselwaage', 'Draufwaage', 'Dreinwaage', 'Fuhrwaage', 'Fuhrwerkswaage', 'Fußwaaglein', 'Geschirrwaage', 'Halbwaage', 'Schmeißwaage', 'Spielwaage', 'Wagenwaage', 'Zugwaage', 'Zuwaage', 'Zuwäglein']"
walzen,"['Ackerwalze', 'Cambridgewalze', 'Dampfwalze', 'Mordswälzer', 'Nudelwalze', 'Nudelwälzlein', 'Ringelwalze', 'Schneewalze', 'Schneewälzen', 'Schrollenwalze', 'Sternwalze', 'Wuzel', 'Zugewalzter']"
Wiese,"['Ackerwiese', 'Brachwiese', 'Bruchwiese', 'Brunnenwieslein', 'Dauerwiese', 'Ebenwiese', 'Felderwiese', 'Feldwiese', 'Feldwieslein', 'Hitschewiese', 'Jungfernwiese', 'Jungferwiese', 'Jungwiese', 'Neuwiese', 'Sauerwiese', 'Sumpfwiese', 'Trockenwiese', 'Umbruchswiese', 'Umbruchwiesen', 'Wasserwieslein', 'Wechselwiese', 'Wiesel', 'Wässerwiese']"
Zeile,"['Ackerzeile', 'Anhiebzeile', 'Baumzeile', 'Erdbirnenzeile', 'Erdbirnzeile', 'Erdäpfelszeile', 'Erdäpfelzeile', 'Grundbirnenzeile', 'Grundbirnzeile', 'Heuzeilen', 'Hopfenzeile', 'Kartoffelszeile', 'Kartoffelzeile', 'Mistzeile', 'Rübenzeile', 'Semmelzeile', 'Steinzeile']"
Zipfel,"['Ackerzipfel', 'Ackerzipfelein', 'Bleichzipfel', 'Bleichzipfelein', 'Brockenzipfel', 'Hoffartszipfel', 'Katzzipfel', 'Lauszipfel', 'Läuszipfel', 'Städterszipfel']"
Apfel,"['Adamsapfel', 'Augapfel', 'Augenapfel', 'Ausleserdapfel', 'Ballapfel', 'Braterdapfel', 'Brechapfel', 'Christbaumäpfelein', 'Dörrapfel', 'Erdapfel', 'Erdapfelbackes', 'Erdapfelbeete', 'Erdapfelfurche', 'Erdapfelklauben', 'Erdapfelpamper', 'Erdapfelpamperlein', 'Erdapfelpoppelein', 'Erdapfelpämperlein', 'Erdapfelschäler', 'Erdäpfel', 'Erdäpfelbackel', 'Erdäpfelbackelein', 'Erdäpfelbacker', 'Erdäpfelbackes', 'Erdäpfelbackeslein', 'Erdäpfelbalferlein', 'Erdäpfelball', 'Erdäpfelballen', 'Erdäpfelbartelein', 'Erdäpfelbauch', 'Erdäpfelbauer', 'Erdäpfelbaunze(n)', 'Erdäpfelbaunzer', 'Erdäpfelbaunzerlein', 'Erdäpfelbettlein', 'Erdäpfelbraten', 'Erdäpfeldatsch', 'Erdäpfeldatsche', 'Erdäpfeldatschelein', 'Erdäpfeldrücklein', 'Erdäpfelein', 'Erdäpfeleinklauben', 'Erdäpfelgabel', 'Erdäpfelgebackene', 'Erdäpfelgraben', 'Erdäpfelgraber', 'Erdäpfelgraberei', 'Erdäpfelhacke', 'Erdäpfelhacken', 'Erdäpfelhaue', 'Erdäpfelhaut', 'Erdäpfelklauben', 'Erdäpfelkrapflein', 'Erdäpfelkraut', 'Erdäpfelmaschine', 'Erdäpfelnklauben', 'Erdäpfelpatschelein', 'Erdäpfelpfankelein', 'Erdäpfelpfannkelein', 'Erdäpfelpfannkuchen', 'Erdäpfelplatz', 'Erdäpfelrainlein', 'Erdäpfelrangenlein', 'Erdäpfelsaat', 'Erdäpfelsack', 'Erdäpfelsalat', 'Erdäpfelsamen', 'Erdäpfelsbacker', 'Erdäpfelsbackes', 'Erdäpfelsbackeslein', 'Erdäpfelsbauch', 'Erdäpfelschale', 'Erdäpfelschalze', 'Erdäpfelschmalzerlein', 'Erdäpfelsgraben', 'Erdäpfelsgraber', 'Erdäpfelshacke', 'Erdäpfelshacken', 'Erdäpfelskrapflein', 'Erdäpfelskraut', 'Erdäpfelspatz', 'Erdäpfelspfankelein', 'Erdäpfelsriefen', 'Erdäpfelsstampf', 'Erdäpfelsstutzel', 'Erdäpfelstampf', 'Erdäpfelstampfer', 'Erdäpfelstand', 'Erdäpfelstreu', 'Erdäpfelstölle', 'Erdäpfelwagen', 'Erdäpfelzammet', 'Erdäpfelzammete', 'Esserdapfel', 'Fallapfel', 'Falläpfelein', 'Früherdapfel', 'Futtererdapfel', 'Gaulapfel', 'Gaulbollen', 'Gaulsapfel', 'Geleeapfel', 'Hasenapfel', 'Holzapfel', 'Holzäpfelein', 'Kelterapfel', 'Kieferapfel', 'Kloßerdapfel', 'Konfirmandenäpfelein', 'Legeerdapfel', 'Legerdapfel', 'Mehläpfelchensbaum', 'Mordserdapfel', 'Mostapfel', 'Mostäpfelein', 'Paradiesapfel', 'Paradiesäpfelein', 'Pferdeapfel', 'Pferdeäpfelein', 'Pfingstäpfelein', 'Pflanzerdapfel', 'Pflückapfel', 'Podäpfelein', 'Quittenapfel', 'Raucherdapfel', 'Rossapfel', 'Rösterdapfel', 'Saatapfel', 'Saaterdapfel', 'Samenerdapfel', 'Sauerdapfel', 'Saufuttererdapfel', 'Schmalzapfel', 'Schmalzerdapfel', 'Schmorerdapfel', 'Schälerdapfel', 'Schüttelapfel', 'Siederdapfel', 'Siloerdapfel', 'Steckerdapfel', 'Stopferdapfel', 'Stopfererdapfel', 'Stroherdapfel', 'Säuapfel', 'Säuerdapfel', 'Säuäpfelein', 'Tannenapfel', 'Teufelsapfel', 'Transcherdapfel', 'Vieherdapfel', 'Waldäpfelein', 'Zankapfel', 'Äpfelbackelein', 'Äpfelbacker', 'Äpfelbackes', 'Äpfelfrau', 'Äpfelgraben', 'Äpfelkrapfel', 'Äpfelkrapfen', 'Äpfelkrapflein', 'Äpfelpfannkel', 'Äpfelpfannkelein', 'Äpfelplatz', 'Äpfelplatzlein', 'Äpfelranzen', 'Äpfelsack', 'Äpfelsbacke', 'Äpfelschale', 'Äpfeltasche']"
Grutz,"['Adamsgrotzen', 'Apfelgrutzen', 'Grützelein']"
Grubs,"['Adamsgrübs', 'Adamsgrübselein', 'Apfelgrübs', 'Birnengrübs', 'Evasgrübs', 'Grübslein', 'Saufgrübs', 'Zwetschgengrübs', 'Äpfelgrübs']"
Knochen,"['Adamsknöchel', 'Barrasknochen', 'Fingerknöchlein', 'Fußknochen', 'Fußknöchel', 'Fußknöchlein', 'Hundsknochen', 'Hüftknochen', 'Judenknochen', 'Judenknöchelchen', 'Judenknöchelein', 'Judenknöchlein', 'Knochentreter', 'Musikantenknochen', 'Schlossknochen', 'Säuknöchlein', 'Weinknochen', 'Weinknöchlein']"
Knopf,"['Adamsknöpflein', 'Barrasknopf', 'Drosselknopf', 'Drosselkopf', 'Erdbirnenknopf', 'Geizknopf', 'Gießerknopf', 'Gießkannenknopf', 'Gießknopf', 'Goschelknopf', 'Gurgelknopf', 'Gurgelknöpflein', 'Hosenknobel', 'Hosenknopf', 'Hosknopf', 'Klingelknopf', 'Kragenknöpfel', 'Kragenknöpflein', 'Mehlknopf', 'Patschenknopf', 'Pfingstknopf', 'Saufknöpflein', 'Semmelknopf']"
Kropf,"['Adamskropf', 'Adamskröpfel', 'Bierkropf', 'Bierkröpfel', 'Brotkropf', 'Brotkröpflein', 'Taubenkropf']"
Adam,"['Adamsäpfelein', 'Klapperadel']"
Fass,"['Adelfass', 'Bierfass', 'Bierfasslein', 'Bierfässchen', 'Bierfässel', 'Bierfässlein', 'Buttererfässlein', 'Butterfass', 'Butterfässlein', 'Fleischfass', 'Fleischfassel', 'Holzfass', 'Holzwetzfässlein', 'Kleiefass', 'Krautfässlein', 'Leierfass', 'Mehlfässlein', 'Mistsudelfass', 'Mistsuhlenfass', 'Plempelfass', 'Puhlfass', 'Pulverfässlein', 'Pökelfass', 'Rollerfässlein', 'Rollfass', 'Rollfässlein', 'Salzfass', 'Salzfassel', 'Salzfassl', 'Salzfässchen', 'Salzfässel', 'Salzfässlein', 'Salzfäßlein', 'Salzlaugenfass', 'Salznäpflein', 'Schlockerfass', 'Schlotterfass', 'Schlotterfässlein', 'Schrotfass', 'Selchfass', 'Solfass', 'Sorfass', 'Steinfass', 'Steinfässlein', 'Strotzenfass', 'Wetzfass', 'Wetzfassel', 'Wetzfässlein', 'Wetzsteinfass']"
saufen,"['Adelsaufer', 'Betsaufer', 'Bierflaschensüffel', 'Biersäufer', 'Blutsaufer', 'Brühaussaufer', 'Brühsaufer', 'Dachrinnensäufer', 'Dicksaufen', 'Flaschensäufer', 'Freibiersaufer', 'Hinmachersuff', 'Jauchensäufer', 'Kleiesaufen', 'Ludelsäufer', 'Meistbesoffenste', 'Mischbrühsaufer', 'Mitsäufer', 'Preußengesöff', 'Saufsäulein', 'Schrotsaufen', 'Suff', 'Taglohnsäufer', 'Viehsaufen', 'Wassergesöff', 'Zusaufen']"
Stange,"['Adelstange', 'Angststange', 'Armstange', 'Aselstange', 'Asenstange', 'Asenstänglein', 'Astenstange', 'Aufhängstange', 'Balancestange', 'Bohnenstange', 'Bohnenstänglein', 'Bremsgestänge', 'Bremsstange', 'Deichselstange', 'Führungsstange', 'Gelumpstängel', 'Gerüststange', 'Giftstange', 'Glimmstängel', 'Gurtstange', 'Herdstange', 'Herdstänglein', 'Hochstange', 'Hopfenstange', 'Höllstänglein', 'Hühnerstange', 'Kipfstange', 'Klopfstange', 'Lagenstange', 'Lagstange', 'Landenstange', 'Langkstange', 'Langkstangenring', 'Langstange', 'Laufstange', 'Lenkstange', 'Maßstange', 'Mohnstange', 'Nikotinstängel', 'Ofengestänge', 'Ofenstange', 'Ofenstängel', 'Ofenstänglein', 'Papierstänglein', 'Porreestängel', 'Poussierstängel', 'Rasenstange', 'Rechenstange', 'Rechenstängel', 'Rechenstänglein', 'Reibstange', 'Reitstange', 'Renkstange', 'Salzstange', 'Salzstangel', 'Salzstangelein', 'Salzstangen', 'Salzstanglein', 'Salzstängel', 'Salzstängelchen', 'Salzstängelein', 'Salzstänglein', 'Schafstänglein', 'Schleifholzstängel', 'Schleißenstange', 'Schlittenstange', 'Schlittenstangel', 'Schubstange', 'Sitzstange', 'Spanspange', 'Spanstange', 'Sperrstange', 'Stoßstangel', 'Stürstange', 'Teppichstange', 'Tragestange', 'Trockelstange(n)', 'Trockenstange(n)', 'Trockenstangel', 'Trockenstänglein', 'Trudenstange', 'Tröckelgestänge', 'Waagestange', 'Waagstänglein', 'Wasserstange', 'Wasserstänglein', 'Wiedstange', 'Wurfstange', 'Wäschestange', 'Wäschestange(n)', 'Wäschestängel', 'Wäschestänglein', 'Zugstange']"
Wagen,"['Adelwagen', 'Aussteuerwagen', 'Auszugswagen', 'Bauernwagen', 'Bernerwägelein', 'Birkenwagen', 'Brautelwagen', 'Brautwagen', 'Brautwägelein', 'Bräutelwagen', 'Bräutwagen', 'Brückenwagen', 'Brückwagen', 'Chaisenwägelchen', 'Dampfwagen', 'Dreschwagen', 'Dungwagen', 'Eilwagen', 'Eisenbahnwägelein', 'Erdwagen', 'Erntewagen', 'Federwagen', 'Federwägelein', 'Federwäglein', 'Futterwagen', 'Gajwagen', 'Gajwägelein', 'Gajwägenlein', 'Gefangenenwagen', 'Gefängniswagen', 'Gendarmwagen', 'Graswägelein', 'Gummiwagen', 'Gäuwagen', 'Gäuwägelein', 'Handwagen', 'Hauptwagen', 'Hausratswagen', 'Heuwagen', 'Hinterwagen', 'Hochzeitenwagen', 'Hochzeitswagen', 'Hochzeitwagen', 'Holzwagen', 'Ingewäge', 'Jagdwagen', 'Jammerwagen', 'Jochwägelein', 'Kammerwagen', 'Kartoffelwagen', 'Kastenwagen', 'Kipfwagen', 'Kippwagen', 'Kirchweihwagen', 'Klapperwagen', 'Krempeleinswagen', 'Käsebrotwägelein', 'Kühwagen', 'Ladewagen', 'Ladewägen', 'Landwägelein', 'Langwagen', 'Laubwagen', 'Leiterwagen', 'Luftwagen', 'Marodewagen', 'Maschinenwagen', 'Milchwäglein', 'Mistwagen', 'Motorwägelein', 'Panzerwagen', 'Pferchwagen', 'Planwagen', 'Polizeiwagen', 'Reisewagen', 'Reisewägelein', 'Riestwagen', 'Rollwagen', 'Rollwägelein', 'Rumpelwagen', 'Sauwagen', 'Sauwägelein', 'Schinderwagen', 'Schlittenwagen', 'Schreinzeugwagen', 'Schäferwagen', 'Selbstladewagen', 'Spazierwagen', 'Speichenwagen', 'Steirerwägelein', 'Sterzwagen', 'Streuwagen', 'Taufwagen', 'Treberwagen', 'Truhelwagen', 'Truhenwagen', 'Truhwagen', 'Trühelwagen', 'Unglückswägelein', 'Viehwagen', 'Viktoriawagen', 'Vorderwagen', 'Vörderwagen', 'Vürderwagen', 'Zapfel', 'Zeiseleinswagen', 'Zeiseleinwagen', 'Zeiselswagen', 'Zeiselwagen', 'Zeiserlwagen', 'Zeisigwagelein', 'Zeisigwägelein', 'Zeisleinswagen', 'Zigeunerwagen']"
lassen,"['Aderlass', 'Anlass', 'Aufgebotserlass', 'Auflassen', 'Ausgelassener', 'Ausgelassenes', 'Einlasser', 'Einlasserer', 'Hereingelassener', 'Verlass']"
sagen,"['Adesagen', 'Allerweltssager', 'Allerweltssagerin', 'Ansager', 'Ansagerin', 'Aussagelein', 'Beichtsagen', 'Hälftzusage', 'Lügensager', 'Lügensagerin', 'Lügsagerei', 'Weibergesag']"
Klaue,"['Adlerklaue', 'Adlersklaue', 'Bärenklau', 'Bärenklaue', 'Klaui', 'Riesenbärenklau', 'Sauklaue', 'Schweinsklaue', 'Spitzkläulein', 'Säuklaue', 'Säukläulein']"
Kralle,"['Adlerkralle', 'Adlerskralle', 'Diebeskralle', 'Faulenzerkralle', 'Gockeskralle', 'Hachtenkralle', 'Hebkralle', 'Hühnerkralle', 'Katzenkralle', 'Maulwurfskralle', 'Mistkralle', 'Mordskralle', 'Schlittenkralle', 'Schäferskralle', 'Teufelskralle', 'Trauerkralle', 'Vogelkralle']"
latsch,"['Adonislatsche', 'Christuslatsche', 'Drecklatsche', 'Herrgottslatsche', 'Jesulatsche', 'Jesuslatsche', 'Jesuslatscher', 'Klapperlatsche', 'Latsch', 'Latsche', 'Latscher', 'Lätsch', 'Lätsche', 'Quadratlatsche', 'Quadratlatschen']"
Lauge,"['Aferlauge', 'Aschenlauge', 'Seifenlauge', 'Spüllauge', 'Waschlauge', 'Wäschelauge']"
Affe,"['Affe', 'Affenärschlein', 'Allerweltsaffe', 'Allerweltsmaulaffe', 'Brillenaffe', 'Brüllaffe', 'Hochmutsaffe', 'Lackaffe', 'Lausaffe', 'Lieblingsafflein', 'Maulaffe', 'Mauläffchen', 'Messaffe', 'Plärraffe', 'Pomadenaffe', 'Prahlaffe', 'Putzaffe', 'Putzäfflein', 'Sauaffe', 'Schlauderaffe', 'Sparraffe', 'Speckaffe', 'Stadtaffe', 'Tänzaffe', 'Waldaffe']"
Arsch,"['Affenarsch', 'Atzelarsch', 'Babbelarsch', 'Baumarsch', 'Bibberarsch', 'Blasarsch', 'Blascharsch', 'Bleckarsch', 'Bläharsch', 'Bläkarsch', 'Bordsarsch', 'Borzarsch', 'Brummarsch', 'Brunzarsch', 'Bühlarsch', 'Bürzelarsch', 'Elefantenarsch', 'Entenarsch', 'Froscharsch', 'Furcharsch', 'Furzarsch', 'Gackerarsch', 'Gansarsch', 'Gewürgelarsch', 'Goldärschlein', 'Gäckerarsch', 'Gänsarsch', 'Gänsearsch', 'Hansarsch', 'Hockarsch', 'Hosenarsch', 'Hosenbodenarsch', 'Hängarsch', 'Hängearsch', 'Hühnerarsch', 'Kinderarsch', 'Klapperarsch', 'Labbelarsch', 'Laberarsch', 'Lahmarsch', 'Lahmarsche', 'Lahmarschete', 'Lahmarschige', 'Lapparsch', 'Leerarsch', 'Legarsch', 'Lotterarsch', 'Meckerarsch', 'Mückenarsch', 'Papier', 'Pappelarsch', 'Pappelärschlein', 'Papperarsch', 'Patscharsch', 'Plapperarsch', 'Potzarsch', 'Prahlarsch', 'Pulverarsch', 'Pumparsch', 'Quackarsch', 'Querarsch', 'Redarsch', 'Ribbelarsch', 'Rotarsch', 'Sauärschlein', 'Schlapparsch', 'Schmarrarsch', 'Schreiarsch', 'Schwarzarsch', 'Seicharsch', 'Sitzarsch', 'Sprucharsch', 'Traumarsch', 'Trippelarsch', 'Verratarsch', 'Wackelarsch', 'Wetzarsch', 'Zappelarsch']"
drehen,"['Affendreher', 'Andrehe', 'Ausgedrehte', 'Bremsdreher', 'Dorndreher', 'Dornendreher', 'Durchgedrehte', 'Eindreh', 'Eindreher', 'Feilsperrdrehe', 'Herabgedrehte', 'Hinaufgedrehter', 'Hineingedrehtes', 'Kerzendreher', 'Masseldrehter', 'Nudeldreher', 'Rechtsverdreher', 'Schleifdreher', 'Schnurrendreher', 'Schraubendreher', 'Selbergedrehte', 'Selbstgedrehte', 'Windendreher', 'Zudrehe', 'Zudreher', 'Zusammengedrehter', 'herumdrehen']"
Fleck,"['Affenflecklein', 'Altersfleck', 'Altersflecken', 'Binsenfleck', 'Blutfleck', 'Brustfleck', 'Datschenfleck', 'Dreckfleck', 'Druckfleck', 'Druckflecken', 'Einbindfleck', 'Essfleck', 'Fallfleck', 'Farbfleck', 'Fleckleinshans', 'Flurfleck', 'Geiferfleck', 'Geiferflecklein', 'Handfleck', 'Hauerfleck', 'Hosenfleck', 'Kirchhofsfleck', 'Knutschfleck', 'Knutschflecken', 'Kopffleck', 'Kuhflecken', 'Kuttelfleck', 'Kühfleck', 'Leberfleck', 'Leberflecklein', 'Lutschfleck', 'Mostfleck', 'Mostflecken', 'Mutterfleck', 'Nassfleck', 'Nutschfleck', 'Pappfleck', 'Poussierflecklein', 'Quellfleck', 'Rasenfleck', 'Rheumafleck', 'Sabberfleck', 'Schattenfleck', 'Schindfleck', 'Schlaffleckel', 'Schmelzfleck', 'Schnapsfleck', 'Schneidersfleck', 'Schnullerflecklein', 'Schoberfleck', 'Schwitzfleck', 'Schürzenfleck', 'Schürzenflecklein', 'Sommerfleck', 'Sonnenfleck', 'Stoßfleck(en)', 'Stoßflecken', 'Tanzfleck', 'Teigfleck(en)', 'Totenfleck', 'Wasenfleck', 'Wendfleck', 'Windenflecklein', 'Zuckerflecklein', 'Zullerfleck', 'Züllerfleck']"
Gesicht,"['Affengesicht', 'Allerweltsgesicht', 'Bazigesicht', 'Bertagesicht', 'Blasbalggesicht', 'Bleichgesicht', 'Bocksgesicht', 'Boxergesicht', 'Brillengesicht', 'Engeleinsgesicht', 'Erdapfelgesicht', 'Feuermeldergesicht', 'Freibiergesicht', 'Galgengesicht', 'Galgenvogelgesicht', 'Galgenvogelsspitzbubengesicht', 'Gangstergesicht', 'Gaunergesicht', 'Geißgesicht', 'Handwerksburschengesicht', 'Hundsgesicht', 'Kohlrabengesicht', 'Käsegesicht', 'Käsgesicht', 'Käsmattengesicht', 'Lausgesicht', 'Mondgesicht', 'Mordbrennergesicht', 'Mückengesicht', 'Puppengesichtlein', 'Riebeisengesicht', 'Räubergesicht', 'Schlaraffengesicht', 'Schweinsangesicht', 'Spitzbubengesicht', 'Totengesicht', 'Verbrechergesicht', 'Wachsgesicht', 'Weibsgesicht', 'Weißgesichtige']"
Hitze,"['Affenhitze', 'Anhitzer', 'Backofenhitze', 'Bluthitze', 'Blutshitze', 'Bratenhitze', 'Brodelhitze', 'Bruthitze', 'Brühhitze', 'Bullenhitze', 'Bummelhitze', 'Gluthitze', 'Glühhitze', 'Granatenhitze', 'Hundshitze', 'Hundstagshitze', 'Knallhitze', 'Mordshitze', 'Pfundshitze', 'Prügelhitze', 'Sauhitze']"
kalt,"['Affenkälte', 'Bärenkälte', 'Eiskalter', 'Eiskälte', 'Eisrappelkälte', 'Grimmkälte', 'Hundekälte', 'Hundskälte', 'Hundskälten', 'Mistkälte', 'Mordskälte', 'Pfundskälte', 'Sauhundskälte', 'Saukälte', 'Schafskälte', 'Scheißkälte', 'Säukälte', 'Todkälte', 'Windskälte', 'eiskalt']"
Nuss,"['Affennuss', 'Affennüsslein', 'Bodennuss', 'Bodennüsslein', 'Buchennuss', 'Doofnuss', 'Eckernuss', 'Erdnuss', 'Erdnüsslein', 'Haselnuss', 'Haselnussblühte', 'Haselnussstaude', 'Haselnüsser', 'Haselnüsslein', 'Negernuss', 'Negernüsslein', 'Pfeffernüsse', 'Pfeffernüsslein', 'Schalnüsslein']"
Pinscher,"['Affenpinscher', 'Hundspinscher', 'Pudeldachspinscher', 'Rattenpinscher', 'Ratzenpinscher', 'Rehpinscher', 'Rehpinscherlein']"
Rausch,"['Affenrausch', 'Granatenrausch', 'Kanonenrausch', 'Mordsrausch', 'Saurausch', 'Sternenrausch']"
Stall,"['Affenstall', 'Eckstaller', 'Gänsestall', 'Hammelstall', 'Hasenstall', 'Hennenstall', 'Hinkeleinsstall', 'Hinkelsstall', 'Hinkelstall', 'Hinkenstall', 'Hundestall', 'Hurenstall', 'Hühnerstall', 'Hünkelsstall', 'Kuhstall', 'Kühstall', 'Nachtstall', 'Pferchstall', 'Saustall', 'Schafensstall', 'Schafsstall', 'Schafstall', 'Schweinstallbrücke', 'Säustall', 'Taubenstall', 'Wasserstall', 'Winterstall', 'Ziebeleinsstall', 'Ziebeleinstall']"
Tempo,"['Affentempo', 'Eiltempo', 'Eilzugstempo', 'Höllentempo', 'Mordstempo', 'Renntempo', 'Sautempo', 'Schneckentempo']"
Theater,"['Affentheater', 'Mordstheater']"
Zahn,"['Affenzahn', 'Bremszahn', 'Bäffzahn', 'Eckzahn', 'Einzahner', 'Fangzahn', 'Giftzahn', 'Hackelzahn', 'Hasenzahn', 'Hauzahn', 'Hexenzahn', 'Jagdzahn', 'Kuchenzahn', 'Kälberzahn', 'Löwenzahn', 'Mordszahn', 'Mäuszähnlein', 'Pferdezahn', 'Raffzahn', 'Rechenzähne', 'Sauzahn', 'Schafzähnlein', 'Stiftzahn', 'Stockzahn', 'Storrenzahn', 'Wolfszahn']"
After,['After']
Same,"['Aftergesämig', 'Brotsamen', 'Buchelsamen', 'Buchensamen', 'Einsämeriger', 'Erdapfelsamen', 'Erdbirnensamen', 'Flügelsamen', 'Heugesämel', 'Heugesämig', 'Heugesämlein', 'Heugesämlig', 'Heusämelein', 'Heusämerig', 'Heusämig', 'Indersamen', 'Kartoffelsamen', 'Kettenstocksamen', 'Löwenzahnsamen', 'Magensamen', 'Maissamen', 'Milchschocksamen', 'Pappelsamen', 'Pappelstocksamen', 'Ringelbuschsamen', 'Ringeleinsstöcksamen', 'Ringelstöcksamen', 'Samen', 'Schmetterlingssamen', 'Teufelssamen', 'Unkrautsämerei']"
Getreide,"['Aftergetreide', 'Ausfallgetreide', 'Getreidegäbelein', 'Getreidgäbelein', 'Getreidsgäbelein', 'Halblagergetreide', 'Herrengetreide', 'Hintergetreide', 'Kleingetreide', 'Lagergetreide', 'Lesegetreide', 'Mahlgetreide', 'Mischgetreide', 'Pfarrgetreide', 'Reitergetreide', 'Restgetreide', 'Riesgetreide', 'Samengetreide', 'Schrotgetreide', 'Schüttgetreide', 'Sommergetreide', 'Tennengetreide', 'Wintergetreide', 'Wirrgetreide', 'Ziebeleinsgetreide', 'Zwirbelgetreide']"
Gras,"['Aftergras', 'Ausgegrasete', 'Ausgegraste', 'Ausgrasig', 'Farngras', 'Grundgras', 'Hasengras', 'Herbstgras', 'Heugras', 'Hirwestgras', 'Kannelgras', 'Kannelsgras', 'Kuhgras', 'Letztgras', 'Michaelisgras', 'Nachgras', 'Nachgrasen', 'Otterngras', 'Sauergras', 'Schabgras', 'Schafgras', 'Scheißgras', 'Scheuergras', 'Schindgras', 'Schwelkgras', 'Suchgras', 'Taugras', 'Teegras', 'Wiesengras', 'Zinkgras', 'Zinngras', 'Zweitgras']"
Posten,['Afterleinsposten']
Montag,"['Aftermontag', 'Aftermäntag', 'Montag']"
gut,"['Ahnengut', 'Gutselein', 'Heiratgut', 'Heiratsgut', 'Herzguter', 'Kirchengut', 'Mahlgut', 'Plätzleingutel', 'Tunichtgut', 'Weihnachtsgutes', 'Weihnachtsgutselein']"
Posse,"['Ahnferleinpossen', 'Ahnferleinspossen', 'Narrenposse']"
Ware,"['Ahnferleinsware', 'Alltagsware', 'Anziehware', 'Arbeitsware', 'Backware', 'Barrasware', 'Einreibware', 'Essenware', 'Essware', 'Fleischware', 'Grünware', 'Heuware', 'Kirchweihsware', 'Kleiderware', 'Knorpserware', 'Naschware', 'Ramschware', 'Ramschwarenhändler', 'Sauware', 'Sonntagsware', 'Suppenware', 'Teigware', 'Werktagsware']"
Herr,"['Ahnherr', 'Ahnherrel', 'Ahnherrlein', 'Hasenherrlein', 'Herrgottshändchen', 'Herrgottshändlein', 'Härtscheklaus', 'Hätscheklatscher', 'Hätscheklaus']"
fliegen,"['Ahornflieger', 'Anflug', 'Brummfliege', 'Eintagsfliege', 'Fleischfliege', 'Flugnandel', 'Gaulsfliege', 'Hereingeflogener', 'Kohlflieger', 'Kuhfliege', 'Kühefliege', 'Pfingstausflug', 'Samenanflug', 'Schmeißfliege', 'Schweißfliege', 'Stallfliege', 'Stechfliege', 'Taubfliege']"
Samen,"['Ahornsamen', 'Grassamen', 'Rangesensamen', 'Wiesengrassamen']"
Honig,"['Akazienhonig', 'Bienenhonig', 'Blatthonig', 'Blumenhonig', 'Blütenhonig', 'Fichtenhonig', 'Heidehonig', 'Heidhonig', 'Immenhonig', 'Kleehonig', 'Lindenblütenhonig', 'Lindenhonig', 'Löwenzahnhonig', 'Rapshonig', 'Rosenhonig', 'Scheibenhonig', 'Schleuderhonig', 'Tannenhonig', 'Wabenhonig', 'Waldhonig', 'Wiesenhonig', 'Zuckerhonig']"
Mode,"['Alamode', 'Allerweltsmode', 'Altemode']"
Bock,"['Alberbock', 'Aufbocken', 'Aufgebocktes', 'Barrasbock', 'Bock', 'Bockel', 'Bockelein', 'Bocker', 'Bockerlein', 'Bogen', 'Bärbock', 'Chaisenbock', 'Dampfbockel', 'Dengelbock', 'Dengelböckel', 'Dengelböcklein', 'Doppelbocker', 'Eisbock', 'Gaukelbock', 'Geißbock', 'Geißböckchen', 'Geißböckel', 'Geißböckelchen', 'Geißböcklein', 'Gerstenbock', 'Getreidebock', 'Getreidebockel', 'Glotzbock', 'Haberbock', 'Hammelsbock', 'Hasenbock', 'Haubock', 'Hausbock', 'Herdenbock', 'Heubock', 'Hinterbock', 'Hollerbock', 'Holzbock', 'Hurenbock', 'Hutzbock', 'Hutzebock', 'Hutzebockel', 'Hutzebockelein', 'Hutzelbock', 'Hörnerbock', 'Hörnerbocker', 'Hörnerböcklein', 'Hünkelbock', 'Hürdenbock', 'Jägerbock', 'Kamelbock', 'Kellerbock', 'Kirchweihbock', 'Kleebock', 'Kohlbock', 'Kommissbock', 'Kornbock', 'Kutschbock', 'Kutschenbock', 'Kutscherbock', 'Kutschersbock', 'Lammbock', 'Lutherbock', 'Osterbock', 'Rehbock', 'Reisigbock', 'Rollenbockel', 'Rollerbockel', 'Saubock', 'Schafbock', 'Schafbockel', 'Schafsbock', 'Scheelbock', 'Scherbock', 'Schlachtbock', 'Schleifbock', 'Schlittenbock', 'Schneebock', 'Schneidersbock', 'Schnitzbock', 'Sensenbock', 'Spinnenbock', 'Spitzbock', 'Spreißelbeerbock', 'Steinbock', 'Stinkbock', 'Stoßbock', 'Stummbock', 'Stupferbock', 'Sturbock', 'Stutzbock', 'Stutzbockel', 'Stutzerbock', 'Stutzerbockel', 'Stutzerbockelein', 'Sägbock', 'Sägebock', 'Sündenbock', 'Tannenbockelein', 'Trotzbock', 'Vorderbock', 'Weizenbock', 'Windbock', 'Windböcklein', 'Ziegenbock', 'Ziegenböcklein', 'Zornbock', 'Zuchtbock', 'Ährenböcke']"
Nikolaus,"['Albernickel', 'Allerweltsnickel', 'Bartnickel', 'Beißnickel', 'Benznickel', 'Brunznickel', 'Brutnickel', 'Butzernickel', 'Bätzenickel', 'Christnickel', 'Deppe(r)nickel', 'Drecknickel', 'Fasenickel', 'Geiznickel', 'Giftnickel', 'Hahnnickel', 'Hundsnickel', 'Kraftnickel', 'Lausnickel', 'Läusenickel', 'Läusnickel', 'Notnickel', 'Pelzennickel', 'Pelznickel', 'Pelznikolaus', 'Pomadennickel', 'Rotznickel', 'Saunickel', 'Scheißnickel', 'Schundnickel', 'Seichnickel', 'Senneklaus', 'Streitnickel', 'Säunickel', 'Thomanickel', 'Traumernickel', 'Wutnickel', 'Zornnickel']"
Hexe,"['Albhexe', 'Blatterhexe', 'Bodenhexe', 'Gewitterhexe', 'Grundbirnenhexe', 'Heuhexe', 'Kartoffelhexe', 'Kellerhexe', 'Kreischhexe', 'Milchhexe', 'Rübenhexe', 'Schlothexe', 'Schneehexe', 'Schreibhexe', 'Schreihexe', 'Streithexe', 'Wachtelhexe', 'Waldhexe', 'Wasserhexe', 'Wetterhexe', 'Windhexe', 'Woldhexn', 'Zöttelhexe']"
Mann,"['Albmännlein', 'Amtmann', 'Arbeitsmann', 'Ascherkübelmänner', 'Aschermann', 'Aschermänner', 'Bahnmann', 'Bartmann', 'Bauersmann', 'Beerenmännlein', 'Bergmann', 'Bergmännlein', 'Bettelmann', 'Bettelmänner', 'Bettelmännlein', 'Birkenmännlein', 'Birkmännlein', 'Blödmann', 'Bockelmann', 'Bohnensteckenmännlein', 'Bollermänner', 'Bozemann', 'Bratwurstmann', 'Brunnenmännlein', 'Brötmannel', 'Butzemann', 'Bösmann', 'Bützigmänner', 'Dampferleinsmann', 'Dampfermann', 'Dreckmänner', 'Dreschmaschinenmann', 'Dreschwagenmann', 'Druckmännlein', 'Dunkelmann', 'Edelmann', 'Eismann', 'Fackelmännlein', 'Feuermännchen', 'Feuermännlein', 'Fischkaufmann', 'Fischleinsmann', 'Fischmann', 'Fischmännlein', 'Fransenmann', 'Franzmann', 'Freiersmann', 'Fuhrmann', 'Fußballmann', 'Gabelmann', 'Gankelmännlein', 'Gansermännlein', 'Gaukelmann', 'Gaukelmännlein', 'Gedingemann', 'Gemüsmann', 'Genaschmännlein', 'Gerstenmännlein', 'Getreidemännel', 'Getreidemännelein', 'Getreidemännlein', 'Gevattermänner', 'Gewürzmann', 'Gickelmann', 'Glücksmann', 'Gäukelmann', 'Göckelmann', 'Habermännlein', 'Hafenmann', 'Hagmännlein', 'Haimännchen', 'Hakelmann', 'Hakelmännlein', 'Hakenmann', 'Hampelmann', 'Hampelmännlein', 'Handelsmann', 'Hanskaspermann', 'Hasenmann', 'Hasenmännlein', 'Hauptmann', 'Heinkelmann', 'Heinzelmann', 'Heinzelmännchen', 'Heinzelmännerich', 'Heinzelmännlein', 'Hemann', 'Hemännchen', 'Hemännlein', 'Henkelmann', 'Henkelmännlein', 'Heringsmann', 'Hetschermannel', 'Heumann', 'Hollemann', 'Honigkuchenmann', 'Huckelmännlein', 'Huhmännlein', 'Hundemännchen', 'Hutzelmann', 'Hutzelmannlein', 'Hutzelmännchen', 'Hutzelmännel', 'Hutzelmännlein', 'Häkelmann', 'Häkelmännlein', 'Häkenmann', 'Häkmann', 'Hörnleinsmann', 'Hülmann', 'Hüpfemännlein', 'Hüpfermann', 'Hüttenmännlein', 'Kappelmännlein', 'Kaufmann', 'Kehrichmänner', 'Kehrichtmann', 'Kehrichtmänner', 'Kellermännlein', 'Kipfstockmännlein', 'Kirschenmännlein', 'Klingelmännchen', 'Klingelmännlein', 'Kohlenmann', 'Kornmännel', 'Kornmännlein', 'Krempelmann', 'Krimskramsmännel', 'Käsemann', 'Kübelmänner', 'Labermannel', 'Lahmmann', 'Landmann', 'Lederhosenmann', 'Marktmann', 'Maschinenmann', 'Meisterleinsmann', 'Mittelsmann', 'Moppelmann', 'Mordsmann', 'Müllabfahrmann', 'Müllmann', 'Naschmännlein', 'Ofenmann', 'Pantoffelmann', 'Pantoffelmännlein', 'Patschenmann', 'Pelzmännlein', 'Pfeifenmann', 'Pfeiferleinmann', 'Pfeiferleinsmann', 'Pfingstmännlein', 'Polizeimann', 'Reitermann', 'Runzelmann', 'Runzelmännlein', 'Sandmann', 'Sandmännlein', 'Saubermann', 'Schieferbruchmännlein', 'Schleiermännlein', 'Schneemann', 'Schneemannel', 'Schneemannlein', 'Schneemännlein', 'Schnuckelmann', 'Schrumpelmannlein', 'Schrumpelmännchen', 'Schrumpelmännlein', 'Schuttmänner', 'Schutzmann', 'Schwarzbeermännlein', 'Sechsermännlein', 'Seemann', 'Siemännlein', 'Spinnenmann', 'Standlmann', 'Steckeleinsmann', 'Stehaufmannel', 'Stehaufmannlein', 'Stehaufmännchen', 'Stehaufmännlein', 'Steinmännlein', 'Strohmann', 'Strohmannel', 'Strohwischmännlein', 'Strohwitmann', 'Ständleinsmann', 'Tattermann', 'Tattermännlein', 'Taubenmann', 'Taubenmännchen', 'Tochtermann', 'Totemann', 'Totenmann', 'Totermann', 'Trachtenmann', 'Wackelmann', 'Wacklermännlein', 'Waldmännlein', 'Waldzimmermann', 'Wartmann', 'Wassermann', 'Wassermännlein', 'Weibsmann', 'Weingartsmännlein', 'Weizenmännel', 'Weizenmännlein', 'Wettermann', 'Wichtelmännlein', 'Wichtigmännlein', 'Winkelmann', 'Winzermännlein', 'Witmann', 'Wurstmann', 'Würstemann', 'Würstleinmann', 'Zappelmann', 'Zeugmann', 'Ziehaufmännlein', 'Zimmermann', 'Zugaufmännlein', 'Zwetschgenmannlein', 'Zwetschgenmännlein', 'Zwiemännlein', 'Äpfelmännlein']"
Traum,"['Albtraum', 'Nachtträumer', 'Tagträumer', 'Traumtänzer']"
besser,"['Allerbeste', 'Besserer', 'Bestes']"
dumm,"['Allerdümmste', 'Dummhannes', 'Saudumme', 'Saudummer']"
erst,['Allererster']
frech,"['Allerfrechster', 'Dummfrecher', 'Frechhans', 'Hundsfrecher']"
früh,"['Allerfrühste', 'Frühling', 'Herrgottsfrühe', 'Mittelfrühe']"
gescheit,"['Allergescheitester', 'Allerweltsgescheite', 'Gescheithannes', 'Neungescheit', 'Neungescheite', 'Neungescheiter', 'Neunmalgescheite', 'Neunmalgescheiter', 'Neuntelgescheiter', 'Siebengescheit', 'Siebengescheite', 'Siebengescheiter', 'Siebenmalsiebengescheiter', 'Übergescheiter']"
grau,"['Allergräuling', 'Morgengrauen']"
Heil,"['Allerheiligen', 'Drüsenheil', 'Heileklaus', 'Scheinheilige', 'Scheinheiliger', 'Unheil', 'scheinheilig']"
Aster,"['Allerheiligenaster', 'Allerheiligenastern', 'Herbstaster', 'Pfennigaster', 'Spätaster', 'Straußaster', 'Winteraster', 'Winterasterlein']"
Litanei,['Allerheiligenlitanei']
Schock,"['Allerheiligenschock', 'Allerseelenschock', 'Erdbirnenschockelein', 'Grindelschock', 'Grindschock', 'Maienschock', 'Maischock', 'Milchschock', 'Milchschocken', 'Milchstock', 'Nehmschöcke', 'Pappelschock', 'Pappelsschock', 'Ringelschock', 'Ringelstock', 'Ringleinsschock', 'Schöckel', 'Totenschock']"
Strauß,"['Allerheiligenstrauß', 'Allerseelenstrauß', 'Birkenstrauß', 'Blumenstrauß', 'Hollerstrauß', 'Kirchweihstrauß', 'Maienstrauß', 'Rosmarinsträußchen', 'Schmeckersträußlein', 'Ährenstrauß']"
Wetter,"['Allerheiligenwetter', 'Aprilswetter', 'Aprilwetter', 'Donnerwetter', 'Dreschwetter', 'Hinterwetter', 'Hundswetter', 'Kieselwetter', 'Kreuzdonnerwetter', 'Leinwetter', 'Matschwetter', 'Narrenwetter', 'Pflugwetter', 'Regenwetter', 'Sappwetter', 'Sauwetter', 'Schlappwetter', 'Säuwetter', 'Tauwetter', 'Vorwinterwetter', 'Wagenwetter', 'Winterwetter']"
all,['Allerlei']
letzt,"['Allerletzte', 'Hopfenletzt']"
lieb,"['Allerliebste', 'Allerliebster', 'Allerweltsliebchen', 'Allerweltsliebling', 'Engelleinlieber', 'Engellieber', 'Herzallerliebste', 'Herzallerliebster', 'Jelängerjelieber', 'Katzenliebe', 'Lehrerliebelein', 'Lehrersliebling', 'Liebe', 'Maßlieb', 'Maßliebchen']"
schön,"['Allerschönste', 'Allerschönster', 'Augenschön', 'Tausendschön', 'Tausendschönlein']"
Seele,"['Allerseelen', 'Dreiseligkeit', 'Hundsseele', 'Krämerseele', 'Seligkeit']"
Tag,"['Allertagesware', 'Allerweltsfeiertag', 'Allerweltskirchweihtag', 'Allerweltszahltag', 'Alltagen', 'Alltägiges', 'Altjahresbeschlusstag', 'Altjahrestag', 'Altjahrtag', 'Andreastag', 'Bauchwehtag', 'Beichttag', 'Bulzemärtelstag', 'Christtag', 'Dampferdreschtag', 'Dampftag', 'Donnerstag', 'Dreschmaschinentag', 'Dreschtag', 'Druschtag', 'Dötleinstag', 'Erchtag', 'Feiertag', 'Feiertagsgurgel', 'Festtag', 'Fleischtag', 'Frauentag', 'Geburtstag', 'Georgitag', 'Gergentag', 'Gründonnerstag', 'Guckeleinstag', 'Guckerleinstag', 'Halbwintertag', 'Hauptfeiertag', 'Hauptfesttag', 'Heimwehtag', 'Hochfesttag', 'Hundstag', 'Hundstage', 'Jahrtag', 'Johannistag', 'Johanniszeit', 'Jörgentag', 'Karpfenfesttag', 'Kirchweihsonntag', 'Kommtag', 'Konfirmandensonntag', 'Lebenstag', 'Lebestag', 'Lebetag', 'Lebtag', 'Lohntag', 'Lostage', 'Magenwehtag', 'Martinitag', 'Martinstag', 'Maschinentag', 'Mehltag', 'Meintag', 'Mordslebestag', 'Märtestag', 'Märtleinstag', 'Nachmittagbrotzeit', 'Narrentag', 'Neujahrsfeiertag', 'Neujahrstag', 'Neujahrtag', 'Nikolaustag', 'Osterfeiertag', 'Palmsonntag', 'Palmtag', 'Paulibekehrtag', 'Paulistag', 'Paulstag', 'Pelzmärtelstag', 'Pelzmärteltag', 'Pfefferleinstag', 'Pfeffertag', 'Pfingstfeiertag', 'Plärrtag', 'Reichsparteitag', 'Schlachttag', 'Sonntag', 'Sonntagige', 'Sonntagkleid', 'Sonntagser', 'Sonntagszeug', 'Sylvestertag', 'Säustag', 'Thomastag', 'Vormittagsmahlzeit', 'Vorweihnachtstage', 'Waldtagler', 'Waschtag', 'Wehtag', 'Weihnachtsfeiertag', 'Wintertag', 'Zahltag', 'Zahnwehtag']"
Kluft,"['Allertagskluft', 'Alltagskluft', 'Arbeitskluft', 'Barraskluft', 'Dreckkluft', 'Kirchweihklüftlein', 'Sonntagskluft', 'Sonntagsklüftlein', 'Stallkluft', 'Werktagskluft']"
Teufel,"['Allerteufel', 'Allerteufelskerl', 'Allerweltsteufel', 'Ankenteufel', 'Arbeitsteufel', 'Beißteufel', 'Disputierteufel', 'Dorfteufel', 'Dreckteufel', 'Fegteufel', 'Feuerteufelein', 'Geierteufel', 'Hausteufel', 'Hausteufelein', 'Heimteufel', 'Hochmutsteufel', 'Hofteufel', 'Hundsteufel', 'Kopfteuflein', 'Kreischteufel', 'Läusteufel', 'Prozessteufel', 'Präschteufel', 'Putzteufel', 'Röhrenteufelein', 'Schneidteufel', 'Schneidteufelein', 'Schreiteufel', 'Schändteufel', 'Speiteufel', 'Speiteufelein', 'Sprühteufel', 'Spukteufel', 'Stechteufel', 'Stinkteufel', 'Streitteufel', 'Verratteufel', 'Wasserteufel', 'Wetzteufel', 'Wühlteufel', 'Würgteufel', 'Zerrteufel', 'Zornbäsel']"
Loch,"['Allerweltsarschloch', 'Arschloch', 'Bauchloch', 'Büttelloch', 'Daumenloch', 'Deichselloch', 'Dorschenloch', 'Dreckloch', 'Däumelingloch', 'Däumlingsloch', 'Erdbirnenloch', 'Erdloch', 'Erdäpfelloch', 'Fahrkartenlocher', 'Fisperloch', 'Futterloch', 'Gabertloch', 'Grabloch', 'Grundbirnenloch', 'Guckloch', 'Gänsarschloch', 'Hennenloch', 'Hennensloch', 'Hennenstallloch', 'Heuloch', 'Hinkelsloch', 'Hühnerhausloch', 'Hühnerloch', 'Hühnerlöchel', 'Hühnerlöchlein', 'Hühnerstallloch', 'Hühnerstalltürlein', 'Hünkelsloch', 'Kartoffelloch', 'Keilloch', 'Kellerkartoffelloch', 'Kellerloch', 'Kipfenloch', 'Kipfenlöchlein', 'Kipfloch', 'Kipflöchlein', 'Kipfnagelloch', 'Kipfstockloch', 'Kipfstocklöcher', 'Kirchenlöchlein', 'Knopfelloch', 'Knopfloch', 'Knopflöchlein', 'Knöpfloch', 'Kohlloch', 'Kriechloch', 'Kröpfloch', 'Lehmloch', 'Leuchsenloch', 'Lünsenloch', 'Matschloch', 'Maulwurfloch', 'Mauseloch', 'Mausloch', 'Mäuselöchlein', 'Nassloch', 'Ofenloch', 'Ohrloch', 'Patschloch', 'Rangeresloch', 'Rangesenloch', 'Rangesloch', 'Rangeslöcher', 'Rangnagelloch', 'Regenloch', 'Rucksloch', 'Rungenloch', 'Runkelloch', 'Runkelsloch', 'Rübenloch', 'Rübenlöcher', 'Sackloch', 'Salzloch', 'Sauloch', 'Scherloch', 'Schlockerloch', 'Schlupfloch', 'Schneeloch', 'Schwingenloch', 'Seichloch', 'Sickerloch', 'Sumpfloch', 'Säuloch', 'Treberloch', 'Tropfloch', 'Türloch', 'Vaterunserlöchel', 'Vaterunserlöchlein', 'Warzenloch', 'Wasserloch', 'Wetzloch', 'Winterloch', 'Wurzelloch', 'Zapfenloch', 'Zapfloch', 'Zipfloch', 'Zugloch']"
Base,"['Allerweltsbase', 'Erbbase', 'Gäckerbase', 'Hochzeitsbäslein', 'Klatschbase', 'Klatschfraubase', 'Knaunschbase', 'Kneifbase', 'Patschbase', 'Quatschbase', 'Ratschbase', 'Sagbasel', 'Schulbäslein', 'Schwatzbase', 'Schwätzbase', 'Stadtfraubase', 'Stadtklatschbase', 'Tratschbase', 'Weilersbase', 'Wäschbase', 'klatschbase']"
Besen,"['Allerweltsbesen', 'Borstbesel', 'Borstbesen', 'Faustbesen', 'Fegbesen', 'Handbeschen', 'Handbesel', 'Handbeselein', 'Handbesen', 'Handbesenchen', 'Handbeslein', 'Heublumenbesen', 'Hochmutsbesen', 'Hundsbesen', 'Händbesen', 'Kehrbesel', 'Kehrbeselein', 'Kehrbesen', 'Kehrbeslein', 'Kehrichbeselein', 'Kehrichbesen', 'Kehrichtbeselein', 'Kehrichtbesen', 'Marktbesen', 'Marktbeslein', 'Ratschbesen', 'Schlagbesen', 'Schneebesen', 'Stallbesen', 'Stinkbesen', 'Streitbesen', 'Stubenbesel', 'Stänkerbesen', 'Teppichbesen', 'Tischbesen', 'Wischbesen']"
blöd,"['Allerweltsblödel', 'Inzuchtblödel']"
Braut,"['Allerweltsbräutigam', 'Brautjunker', 'Kindsbraut', 'Taubenbraut', 'Windsbraut']"
Bub,"['Allerweltsbub', 'Allerweltsspitzbub', 'Aufstellbub', 'Ballbub', 'Ballenbub', 'Bauernbub', 'Beichtbub', 'Bettelbub', 'Brautbub', 'Brunzbub', 'Bube', 'Bäckerbub', 'Bäckersbub', 'Bällesbub', 'Dorfbub', 'Dorfbuben', 'Dreckbub', 'Flaschenbub', 'Gassenbüblein', 'Hochzeitbub', 'Hundsbub', 'Hurenbub', 'Kegelbub', 'Kirchweihbub', 'Kirchweihbuben', 'Laufbub', 'Lausbub', 'Lausbubenerei', 'Lausbüberei', 'Lausbüblein', 'Lehrbub', 'Lehrerbub', 'Lotterbub', 'Mamabub', 'Mamabubelein', 'Mamaleinsbüblein', 'Mausfallenbub', 'Mordsbub', 'Mutterbubelein', 'Mutterbübchen', 'Mutterbüblein', 'Müllersbub', 'Patschbub', 'Peterleinsbub', 'Pfatzerbubel', 'Platzbub', 'Rotzbub', 'Rotzbübel', 'Rotzbüblein', 'Saubub', 'Schmalzbubi', 'Schulbub', 'Spitzbub', 'Spitzbube', 'Spitzbüblein', 'Springerlein', 'Zechbub', 'Zechbuben', 'Zigarettenbüblein']"
Bursche,"['Allerweltsbursche', 'Allerweltsbürschlein', 'Ballbursche', 'Ballenbursche', 'Bauernbursche', 'Beichtbursche', 'Brautbursche', 'Dorfbursche', 'Dorfburschen', 'Fünfpfennigbürschlein', 'Handwerksbursche', 'Kirbbursche', 'Kirchweihbursche', 'Kirchweihburschen', 'Kraftbursche', 'Laufbursche', 'Ortsbursche', 'Ortsburschen', 'Pfundsbursche', 'Planburschen', 'Platzbursche', 'Platzburschen', 'Schenkelbursche', 'Speckbursche', 'Strohbursche', 'Wanderbursche', 'Webersbürschlein', 'Wirtsburschen', 'Zechburschen']"
Butte,"['Allerweltsbutte', 'Brunzbutte', 'Buttenband', 'Familienbutte', 'Getreidebutte', 'Haferbuttelein', 'Haferbutterlein', 'Hagebutte', 'Hagebuttelein', 'Hagelbutte', 'Hagenbutte', 'Hiefenbutte', 'Kornbutte', 'Lachbutte', 'Mehlbutte', 'Mehlbüttlein', 'Patschbutte', 'Patschenbutte', 'Salzbutte', 'Salzbütte', 'Schmarrbutte', 'Schmarrenbutte', 'Schmusbutte', 'Seichbutte', 'Sprutzbüttner', 'Starenbutte', 'Tragbutte', 'Wasserbutte']"
Welt,"['Allerweltschar(r)i', 'Allerweltshammel', 'Allerweltskrankheit', 'Allerweltsnichtstäuger', 'Allerweltstoni', 'Allerweltstrottel', 'Herrgottswelt']"
Depp,"['Allerweltsdepp', 'Aprildepp', 'Dorfdepp', 'Erzdepp', 'Gemeindedepp', 'Granatendepp', 'Hausdepp', 'Klassendepp', 'Klotzdepp', 'Knalldepp', 'Linkerdepp', 'Linksdepp', 'Saudepp', 'Schuldeppelein', 'Überdepp']"
Dieb,"['Allerweltsdieb', 'Gäulsdieb', 'Stehldieb', 'Strauchdieb', 'Tagdieb', 'Tagedieb', 'Taschendieb']"
Docke,"['Allerweltsdocke', 'Aufgedockelte', 'Augendocke', 'Feuerdockelein', 'Hofdocke', 'Junidockelein', 'Korndockelein', 'Maisdocke', 'Maisdockelein', 'Maisdöckelein', 'Modedocke', 'Mohndockelein', 'Moosdocke', 'Porzellandocke', 'Putzdocke', 'Schlafaugendocke', 'Schlafdocke', 'Schlafdockelein', 'Schlenkerdocke', 'Schlittendocke', 'Schlohdocke', 'Staatsdocke', 'Strohdocke', 'Tanzdockelein', 'Wasserdocke', 'Zuckerdocke', 'Zuckerdockelein']"
Doldi,"['Allerweltsdoldi', 'Ballendoldi', 'Pfotschendoldi', 'Teigbirnendoldi']"
Dolle,"['Allerweltsdollen', 'Hopfendolle']"
Ber,"['Allerweltsdreckbär', 'Dreckbär', 'Sauber', 'Säuber', 'Wetzbär']"
Sau,"['Allerweltsdrecksau', 'Allerweltssau', 'Anderlingssäulein', 'Bauernsau', 'Beerensau', 'Blutsauerei', 'Bläksau', 'Brühsau', 'Drecksau', 'Duttelsau', 'Duttensau', 'Duttensäulein', 'Ebersau', 'Eichelsau', 'Einlegesäulein', 'Einlegsau', 'Erstlingssau', 'Ferkelsau', 'Fresssau', 'Futtersau', 'Futtersäulein', 'Hecksau', 'Hochzeitssau', 'Jungsau', 'Karpfensau', 'Kirchweihsau', 'Korbsäulein', 'Krätzensau', 'Krätzensäu', 'Krätzensäulein', 'Läufersäulein', 'Lügensau', 'Mastsau', 'Milchsau', 'Milchsäuchen', 'Milchsäulein', 'Muttersau', 'Plemsau', 'Rachsau', 'Regimentssau', 'Sausäckel', 'Schanzensau', 'Schellensau', 'Schlachtsau', 'Schlagsau', 'Schlampsau', 'Schlappsau', 'Schlumpsau', 'Schwungsau', 'Seichsau', 'Spansau', 'Specksau', 'Stachelsau', 'Stechsau', 'Stinksau', 'Streitsau', 'Suckelsau', 'Sucksau', 'Säusaufen', 'Säusaufig', 'Teichsau', 'Tragsau', 'Wagensau', 'Weihersau', 'Wildsau', 'Wühlsau', 'Zuchtsau', 'Zwergsäulein']"
Dot,['Allerweltsduttlein']
Esel,"['Allerweltsesel', 'Aprilesel', 'Christesel', 'Drahtesel', 'Kelleresel', 'Kirchweihesel', 'Klassenesel', 'Lahmesel', 'Maueresel', 'Maulesel', 'Mühlesel', 'Palmesel', 'Pfingstesel', 'Radesel', 'Schulesel', 'Speichenesel', 'Steinesel', 'Trampelesel', 'Traumesel', 'Traumeselein', 'Traumliesel', 'Tretesel', 'Waldesel']"
Firma,['Allerweltsfirma']
Freund,"['Allerweltsfreund', 'Busenfreund', 'Busenfreundin', 'Hasenfreund', 'Herzensfreund', 'Herzfreundin', 'Kinderfreund', 'Schulfreund', 'Schulfreundin', 'Sportsfreund']"
Frisur,"['Allerweltsfrisur', 'Arschfrisur', 'Schneckenfrisur']"
fatzen,"['Allerweltsfätz', 'Allweltsfätz', 'Klassenfatzer', 'Klassenfatzerin', 'Lalberfatz', 'Röhrfatz', 'Stadtfatzke']"
Gaudi,"['Allerweltsgaudi', 'Mordsgaudi']"
Gauner,"['Allerweltsgauner', 'Regnitzgauner', 'Sudetengauner']"
lallen,['Allerweltsgelall']
pappeln,"['Allerweltsgepappel', 'Dummpappler', 'Dummpäpper', 'Dummpäppler', 'Froschlackelpappe', 'Schlechtpappler']"
Predigt,"['Allerweltsgepredig', 'Festpredigt', 'Katzenpredigt', 'Strafpredigt']"
schmarren,"['Allerweltsgeschmarr', 'Allerweltsschmarren', 'Allerweltsschmarrer', 'Fastnachtschmarrer', 'Generalschmarrerin', 'Geschmarr', 'Geschmarri', 'Haferschmarren', 'Hollerschmarren', 'Leberschmarre', 'Oberschmarrer', 'Röggleinschmarren', 'Sauschmarrer', 'Schmarren', 'Schmarrer']"
Gespons,['Allerweltsgespusi']
Weife,"['Allerweltsgeweif', 'Allerweltsweife', 'Arschweife', 'Arschweifer', 'Balkenweife', 'Batzenwaffel', 'Bläkwaffel', 'Breiwaffel', 'Breiweife', 'Dauerweife', 'Dorfweife', 'Fischwaffel', 'Gatschwaffel', 'Gemeindeweife', 'Generalweife', 'Grantweife', 'Hergeweif', 'Herumgeweif', 'Heuweife', 'Hingeweif', 'Hohlweifer', 'Hundsweife', 'Klassenwafen', 'Klatschweife', 'Krautsweife', 'Krautweife', 'Krautweifer', 'Kreuzweife', 'Landweife', 'Langstreckenweifer', 'Lauweife', 'Leergeweif', 'Leerweife', 'Leerweifer', 'Leerweiferei', 'Lühweife', 'Patschwaffel', 'Plempelweife', 'Plärrwaffel', 'Quadratweife', 'Regimentsleerweife', 'Regimentsweife', 'Saftwaffel', 'Saftweife', 'Sakramentsweife', 'Salbenweife', 'Salbenweifer', 'Saugeweife', 'Sauweife', 'Sauweifer', 'Schnappweife', 'Schnapsweife', 'Schreiwaffel', 'Stadtweife', 'Säuweifer', 'Tagweife', 'Weckweife', 'Zahlweife', 'Zählweife', 'Zöttelweife']"
Gosche,"['Allerweltsgosche', 'Allerweltsgroßgosche', 'Bibbergosche', 'Bleckgosche', 'Bletzgosche', 'Blähgosche', 'Bläkgosche', 'Bläkgoschen', 'Blätzgosche', 'Breigosche', 'Bühlgosche', 'Deichselgosche', 'Dreckgosche', 'Dreckschäufeleinsgosche', 'Dreischoppengosche', 'Fischgosche', 'Freibiergosche', 'Fressgosche', 'Froschgosche', 'Geifergosche', 'Genaschgosche', 'Großgosche', 'Großgoschete', 'Heringsgosche', 'Hänggosche', 'Kammbrettsgosche', 'Karpfengosche', 'Kirschengöschlein', 'Klappergosche', 'Knätschgosche', 'Krawallgosche', 'Käugosche', 'Kühgosche', 'Kühgoschevoll', 'Labergosche', 'Lappgosche', 'Latschgosche', 'Leckgosche', 'Lästergosche', 'Lötschgosche', 'Maschinengewehrgosche', 'Maulgoscher', 'Mordsgosche', 'Naschgosche', 'Näschgosche', 'Pappelgosche', 'Pappelgöschel', 'Pappelgöschelein', 'Pappelgöschlein', 'Patschgosche', 'Petzgosche', 'Pfenniggosche', 'Pfenniggöschlein', 'Pfennigsgöschlein', 'Pfletschgosche', 'Plappergosche', 'Plappergöschlein', 'Platschgosche', 'Plärregosche', 'Plärrgosche', 'Protokollgosche', 'Quatschgosche', 'Regimentsgosche', 'Revolvergosche', 'Saugosche', 'Schlappergosche', 'Schlappergöschlein', 'Schlappgosche', 'Schlattergosche', 'Schlaudergosche', 'Schlaugosche', 'Schleckgosche', 'Schläppgosche', 'Schlättergosche', 'Schmarrergosche', 'Schmollgöschlein', 'Schnappergosche', 'Schnattergosche', 'Schnäppergosche', 'Schreigosche', 'Schwellgosche', 'Schwertgosche', 'Schändgosche', 'Sprechgosche', 'Sprüchgosche', 'Säugosche', 'Teiggosche', 'Verpatschgosche', 'Verratgosche', 'Verratsgosche', 'Wagengosche', 'Weifgosche', 'Wäschgosche', 'Zuckergöschlein', 'Zugbeutelgosche']"
Heinrich,"['Allerweltsheini', 'Barrasheini', 'Brillenheini', 'Flohheiner', 'Glatzenheiner', 'Glatzenheini', 'Hasenheinerlein', 'Hasenheinz', 'Hirnheiner', 'Hirnheinerlein', 'Katzenheiner', 'Katzenheinz', 'Krampfheiner', 'Langheinrich', 'Mutterheinzel', 'Nörgelheini', 'Perückenheini', 'Plattenheiner', 'Plattenheini', 'Pomadenheini', 'Pomadenheinrich', 'Saftheini', 'Schlappenheini', 'Schmarrenheiner', 'Schmarrheiner', 'Seichheiner', 'Sommersprossenheini', 'Trödelheini', 'Waldheini']"
herum,"['Allerweltsherumzug', 'Rückherum']"
Hut,"['Allerweltshut', 'Bischofshut', 'Eierhut', 'Fingerhut', 'Fingerhütlein', 'Gackeleinshut', 'Gewitterhut', 'Gockshut', 'Hagehütlein', 'Halbstockhut', 'Heirathut', 'Hofnarrenhut', 'Hut', 'Hütlein', 'Judenhütchen', 'Kapotthut', 'Kapotthütel', 'Kapotthütlein', 'Kitschhut', 'Klapphut', 'Krackenhüter', 'Kupferhütlein', 'Leichhut', 'Oktoberhut', 'Pfaffenhütchen', 'Plüschhut', 'Pöbelhut', 'Scheißhäfeleinshut', 'Schlapphut', 'Schlotfegerhut', 'Schlotfegershut', 'Schlothut', 'Schwammersucherhut', 'Schäfershut', 'Seidenhut', 'Sonntaghut', 'Steirerhut', 'Stinkhut', 'Strohhut', 'Stößerhut', 'Tirolerhut', 'Tirolerhütel', 'Waldfingerhut', 'Weizenhut', 'Werktaghut', 'Wunderhut', 'Zechhut', 'Zimmermannshut', 'Zuckerhut', 'Zuckerhutpapier', 'Zylinderhut', 'Zündhütchen', 'Zündhütel', 'Zündhütlein']"
handeln,"['Allerweltshändler', 'Bauchladenhändler', 'Bratwursthändler', 'Fischhändler', 'Gemüshandler', 'Gemüshändler', 'Gerutschhändler', 'Griesgramhändler', 'Grünwarenhändler', 'Kohlenhändler', 'Kramladenhändler', 'Krimskramshändler', 'Kuhhandel', 'Markthändler', 'Mausfallenhändler', 'Menschenhändler', 'Mäusefallenhändler', 'Mäusfallenhändler', 'Obsthandler', 'Rothändlein', 'Rothändler', 'Schrotthändler', 'Seefischgroßhändler', 'Seelenhändler', 'Spitzbübereihändler', 'Säuhändler', 'Taubenhandel', 'Taubenhändler', 'Taubenhändlicher', 'Teppichhändler', 'Täubelhändler', 'Viehhändler', 'Vogelhändler']"
höken,"['Allerweltshöke', 'Birnenhök', 'Eierhök', 'Eisenhök', 'Gänsehök', 'Markthoker', 'Markthök', 'Säuhök', 'Taubenhok', 'Taubenhokerer', 'Taubenhök', 'Taubenhökler', 'Viehhök']"
Kerl,"['Allerweltskerl', 'Allerweltskerle', 'Bauernkerl', 'Baumkerl', 'Besitzekerl', 'Brunzkerl', 'Bärenkerl', 'Bärenskerl', 'Diebskerl', 'Donnerwetterskerl', 'Dreckskerl', 'Extrakerl', 'Hundskerl', 'Hurenkerl', 'Lauskerl', 'Lumpeskerl', 'Lumpskerl', 'Malefizkerl', 'Mannskerl', 'Mannskerle', 'Mannskerlein', 'Mistkerl', 'Mordkerl', 'Mordskerl', 'Mordskerle', 'Müllkerle', 'Pfundskerl', 'Plempelkerl', 'Riesenkerl', 'Saukerl', 'Schamkerl', 'Scheißkerl', 'Scheißkerlein', 'Schmalzkerl', 'Spottskerl', 'Säukerl', 'Teufelskerl', 'Viehkerl', 'Zappelkerl']"
weihen,"['Allerweltskirchweih', 'Fischkirchweih', 'Hundskirchweih', 'Kerzenweihe', 'Kindeskirchweih', 'Kindleinskirchweih', 'Kindskirchweih', 'Kirchweih', 'Kirchweihhannes', 'Kirchweihsteffel', 'Pfalzkirchweih', 'Salzweihe']"
Kittel,"['Allerweltskittel', 'Arbeitskittel', 'Barraskittel', 'Bauernkittel', 'Brunzkittel', 'Metzgerskittel', 'Schnatterkittel', 'Schwarzkittel', 'Sommerkittel', 'Sommerkittelein', 'Stallkittel', 'Unterkittel', 'Weiberkittel', 'Weibsbilderkittel', 'Weibsleutskittel']"
Klatsch,"['Allerweltsklatsche', 'Ausklatscher', 'Dorfklatsch(e)', 'Dorfklatsche', 'Dreckklatscher', 'Klatsche', 'Klatscher', 'Schulklatsch', 'Wäscheklatsche']"
Kleid,"['Allerweltskleid', 'Allerweltskleidung', 'Alltagskleid', 'Arbeitskleider', 'Beichtkleid', 'Erwachsenenkleidung', 'Feiertagskleid', 'Heiligtagkleid', 'Hochzeitskleid', 'Kirchweihkleid', 'Kirchweihkleider', 'Kirchweihkleidlein', 'Mannsbilderkleider', 'Rohrverkleidung', 'Schießbudenkleidlein', 'Sonntagskleid', 'Sonntagskleider', 'Unterkleid', 'Unterkleidlein', 'Weibsbilderkleider', 'Werktagskleid', 'Werktagskleider']"
Knall,"['Allerweltsknalle', 'Dorfknalle', 'Flaschenknall', 'Froschknaller', 'Gemeindeknalle', 'Handknaller', 'Jungferleinsknall', 'Patschknalle', 'Patschknaller', 'Schulknalle', 'Stadtknalle']"
Krach,"['Allerweltskrach', 'Halbkracher', 'Hauskracher', 'Hundskrach', 'Kracherl', 'Kracherlein', 'Krachkälte', 'Mistkracher', 'Mordskrach', 'Pfennigkracher', 'Pfennigskracher', 'Saukrach', 'Schweizerkracher']"
Kram,"['Allerweltskram', 'Allerweltskrämer', 'Bändelkrämer', 'Disputierkrämer', 'Dorfkrämer', 'Fischelkrämer', 'Geheimniskrämer', 'Gescheitigkeitskramer', 'Grundbirnenkram', 'Herumkramen', 'Herumkramerin', 'Kinderkram', 'Kleinigkeitskrämer', 'Kleinkrämer', 'Krampampel', 'Krämer', 'Käsekrämer', 'Mausefallenkrämer', 'Mordskram', 'Mäusefallenskrämer', 'Pfefferkrämer', 'Pimpeleinskrämer', 'Prozesskramer', 'Prozesskrämer', 'Ramschkrämer', 'Schachtelkrämer', 'Schweinkram', 'Spülkram', 'Umstandskramer', 'Umstandskrämer', 'Umstandskrämerin', 'Weitläufigkeitskrämer', 'Zustandskrämer']"
Kunigunde,"['Allerweltskunigundel', 'Brunzkundel', 'Brunzkunigundel', 'Ramschkundel', 'Schweißgundel', 'Seichkundel', 'Tratschkundel']"
Kutsche,"['Allerweltskutsche', 'Bauchkutscher', 'Brautkutsche', 'Brunzkutsche', 'Dreckkutscher', 'Droschkenkutscher', 'Elendskutsche', 'Himmelskütschlein', 'Hochzeitkutsche', 'Hochzeitskutsche', 'Kutsche', 'Müllkutscher', 'Nachtkutscher', 'Pferdkutscher', 'Postkutsche', 'Reisekutsche', 'Seichkutsche', 'Wehstandekutsche']"
Kunst,['Allerweltskünstler']
Lackel,"['Allerweltslackel', 'Baumlackel', 'Bärenlackel', 'Dämlack', 'Dürrlack', 'Dürrläckigeter', 'Hemdlackel', 'Mordslackel', 'Saulackel', 'Stadterlackel', 'Tollack']"
Kappe,"['Allerweltslatschkappe', 'Apfelweinkappe', 'Arbeiterkappe', 'Bambeleinkappe', 'Bammelkappe', 'Bampelkappe', 'Barraskappe', 'Bienenkappe', 'Bienkappe', 'Bierflaschenkäpplein', 'Bierkappe', 'Birkenkappe', 'Blaukappe', 'Bobbelkappe', 'Bommelkappe', 'Bompelkappe', 'Brettkappe', 'Bubikappe', 'Chaplinkappe', 'Dachelkappe', 'Dachkappe', 'Detektivkappe', 'Diebeskappe', 'Ditschkappe', 'Doldenkappe', 'Dollenkappe', 'Dutschkappe', 'Dächeleinkappe', 'Dächeleinskappe', 'Dächleinkappe', 'Dächleinskappe', 'Dätschkappe', 'Flaschenkappe', 'Flaschenkäpplein', 'Fläschleinskappe', 'Halbstarkenkappe', 'Handwerksburschenkappe', 'Jockeykappe', 'Judenkappe', 'Klatschkappe', 'Käppel', 'Käpplein', 'Latschenkappe', 'Latschkappe', 'Lausbubenkappe', 'Luckikappe', 'Lätschkappe', 'Narrenkappe', 'Patschekappe', 'Patschkappe', 'Patschkappel', 'Pelzkappe', 'Pfaffenkappe', 'Pfaffenkäppelein', 'Pfaffenkäpplein', 'Pfletschkappe', 'Platzkappe', 'Pletschkappe', 'Pritschkappe', 'Pritschkappel', 'Pudelkappe', 'Puppenkäpplein', 'Putzelkappe', 'Radkappe', 'Radlerkappe', 'Ratschkappe', 'Rehkappe', 'Reisekappe', 'Rotkappe', 'Rotkäppchen', 'Rotkäpplein', 'Schaukelburschenkappe', 'Schieberkappe', 'Schild', 'Schildelkappe', 'Schildkappe', 'Schirm', 'Schirmkappe', 'Schirmlein', 'Schlafkappe', 'Schlotfegerskäpplein', 'Schlägerkappe', 'Schmalzkappe', 'Schnabelkappe', 'Schnaubenkappe', 'Schnäpperkappe', 'Schottenkappe', 'Schwungkappe', 'Sommerkappe', 'Sommerkäpplein', 'Sozikappe', 'Spitzbubenkappe', 'Sportkappe', 'Sportkäpplein', 'Stemmeisenkappe', 'Strickkappe', 'Striezikappe', 'Teufelskappe', 'Traumkappe', 'Troddelkappe', 'Trollenkappe', 'Trollernkappe', 'Trollkappe', 'Urlaubskappe', 'Verschlusskappe', 'Verschlusskäpplein', 'Waagkappe', 'Wollkappe', 'Zipfelkappe', 'Zwerchkappe', 'Zündkappel', 'Zündkäppelein']"
Luder,"['Allerweltsluder', 'Bläkluder', 'Gauzluder', 'Grundbirnluder', 'Haderluder', 'Hundsluder', 'Katzenluder', 'Kinderluder', 'Kneifluder', 'Knotterluder', 'Krachluder', 'Laufluder', 'Sauluder', 'Schimpfluder', 'Schindelluder', 'Schindluder', 'Schindluderleins', 'Streitluder', 'Säuluder', 'Zankluder', 'Zerrluder']"
Lusche,"['Allerweltslusche', 'Hundslusche', 'Kuhlusche']"
Beutel,"['Allerweltslügenbeutel', 'Bocksbeutel', 'Brieftaschenbeutel', 'Dummbeutel', 'Eckbeutel', 'Furzbeutel', 'Fürzbeutel', 'Geldbeutel', 'Genaschbeutel', 'Genäschbeutel', 'Gereuschbeutel', 'Herzabbeutler', 'Hochmutsbeutel', 'Hoffartsbeutel', 'Hundsbeutel', 'Hurenbeutel', 'Kamillenlutschbeutel', 'Knickerbeutel', 'Krampfbeutel', 'Krämpfbeutel', 'Käsbeutel', 'Lausbeutel', 'Läusbeutel', 'Läusebeutel', 'Lügenbeutel', 'Milchbeutel', 'Muckenbeutel', 'Mückenbeutel', 'Mückenbeutelein', 'Naschbeutel', 'Negerbeutel', 'Patschebeutel', 'Patscherbeutel', 'Pfurzbeutel', 'Plagbeutel', 'Protzbeutel', 'Rauchbeutel', 'Rauschebeutel', 'Rissbeutel', 'Schmarrbeutel', 'Schmarrenbeutel', 'Schmierbeutel', 'Schnullerbeutel', 'Schnupftabaksbeutel', 'Seichbeutel', 'Spratzbeutel', 'Spruchbeutel', 'Sprüchbeutel', 'Sprüchebeutel', 'Stadtbeutel', 'Staubbeutel', 'Stierbeutel', 'Stinkbeutel', 'Stolzbeutel', 'Streitbeutel', 'Sturbeutel', 'Teufelsbeutel', 'Teufelsgeldbeutel', 'Teufelsschnupftabaksbeutel', 'Windbeutel', 'Witzbeutel']"
lügen,"['Allerweltslüger', 'Lügenpaula']"
Mensch,"['Allerweltsmensch', 'Barrasmensch', 'Büromensch', 'Ellbogenmensch', 'Ellenbogenmensch', 'Extramensch', 'Gewittermensch', 'Hitzmensch', 'Hundsmensch', 'Hurenmensch', 'Hurmensch', 'Ichmensch', 'Katzenmensch', 'Kauferlmensch', 'Kraftmensch', 'Ludermensch', 'Lumpenmensch', 'Luschenmensch', 'Läusmensch', 'Puppenmensch', 'Rußmensch', 'Saumensch', 'Säumensch', 'Traummensch', 'Wagerlmensch']"
Muster,['Allerweltsmuster']
Möbel,['Allerweltsmöbel']
Name,"['Allerweltsname', 'Gottesnamenlein', 'Gottsnamenlein', 'Schimpfname', 'Schimpfnamen', 'Sonntagsname', 'Spitzname', 'Spottname', 'Spottsname', 'Unname', 'Uzname', 'Vorname', 'Übername']"
Narr,"['Allerweltsnarr', 'Aprilennarr', 'Aprilnarr', 'Aprilsnarr', 'Arbeitsnarr', 'Barrasnarr', 'Bienennarr', 'Fasnachtsnarr', 'Fischnarr', 'Fußballnarr', 'Geflügelnarr', 'Hasenkuhnarr', 'Hasennarr', 'Hennennarr', 'Hochmutsnarr', 'Hoffartsnarr', 'Hofmutsnarr', 'Hofnarr', 'Hundsnarr', 'Hühnernarr', 'Kirchweihsnarr', 'Mannsbildersnarr', 'Mädelsnarr', 'Mädleinsnarr', 'Perdenarr', 'Putznarr', 'Putznärrin', 'Stallhasennarr', 'Taubennarr', 'Tiernarr', 'Wassernarr', 'Weiberleutesnarr', 'Weibernarr', 'Weibleutsnarr', 'Weibsbildesnarr', 'Weibsleutsnarr', 'Wurstnarr']"
Ochse,"['Allerweltsochse', 'Aprilochse', 'Brillenochse', 'Brummochse', 'Brüllochse', 'Haberochse', 'Holmochse', 'Hornochse', 'Mastochse', 'Moschusochse', 'Pfingstochse', 'Reitochse', 'Schiebochs', 'Schiebochse', 'Schlafochse', 'Schreiochse', 'Stechochse', 'Taubochse', 'Zugochse']"
Pate,"['Allerweltspate', 'Firmpate', 'Pater', 'Päter', 'Taufpate', 'Taufpatlein']"
patschen,"['Allerweltspatsche', 'Anpatscher', 'Arschpatscher', 'Bauchpatscher', 'Bettpatscher', 'Bischofspatsch', 'Blechpatscher', 'Dorfpatsche', 'Dreckpatsche', 'Dreckpatscher', 'Fingerpatschen', 'Fleischpatscher', 'Gemeindepatsch', 'Gemeindepatsch(e)', 'Gemeindepatsche', 'Generalspatsche', 'Grundbirnpatschelein', 'Grundbirnpatscher', 'Grundbirnspatscherlein', 'Holzpatsche', 'Händepatschen', 'Händeplatschen', 'Händpatschelein', 'Kanonenpatsch(e)', 'Kartoffelpatscher', 'Kindergepatsch', 'Knallpatsch(e)', 'Kniepatschen', 'Krawallpatsch(e)', 'Lehrerpatsch', 'Lehrerpatscher', 'Lehrerspatsche', 'Luckipätsch', 'Lumpenpatscher', 'Mangpatsche', 'Marktpatsch(e)', 'Muckenpatsche', 'Muckenpatscher', 'Mutterpatscher', 'Mückenpatsche', 'Mückenpatscher', 'Müllpatscher', 'Nachtpatscher', 'Nebenhinauspätscher', 'Nestpatsche', 'Pfarrerspatscher', 'Pfarrpatsch', 'Pfennigpatscher', 'Quadratpatsche', 'Rathauspatsch', 'Regimentspatsche', 'Röhrenpatscher', 'Saupatsch(e)', 'Saupatsche', 'Schlägerpatsch', 'Schneepatsch', 'Schneepatsche', 'Schulpatsch', 'Schulpatsche', 'Schulpatscher', 'Stadtpatsche', 'Strickepatsche', 'Teppichpatsch', 'Teppichpatsche', 'Teppichpatscher', 'Tollpatsch', 'Tollpatschelein', 'Verratpatsch', 'Verratspatsch', 'Wäschepatsche', 'Wäschpatsche', 'Zechpatsche', 'Zuckerpatscher', 'Zullerpatscher']"
poussieren,"['Allerweltspousssierer', 'Poussierpärlein']"
ratschen,"['Allerweltsratsche', 'Dorfratsche', 'Gemeinderatsche', 'Gemeinderatscher', 'Gewaltratsche', 'Herumratsch', 'Karfreitagratsche', 'Karfreitagsratsche', 'Kleeratsche', 'Quadratratsche', 'Quartalsratsche', 'Stadtratsche']"
Vieh,"['Allerweltsrindvieh', 'Angstvieh', 'Arbeitsvieh', 'Borstenvieh', 'Federvieh', 'Fledervieh', 'Gefiedervieh', 'Geflügelvieh', 'Hennenvieh', 'Herdenvieh', 'Hundsviech', 'Hundsvieh', 'Jungvieh', 'Katzenvieh', 'Klauenvieh', 'Kleinvieh', 'Ludervieh', 'Mistvieh', 'Mordsvieh', 'Muttervieh', 'Mückenvieh', 'Rindsvieh', 'Rindvieh', 'Saukatzenvieh', 'Sauvieh', 'Weidevieh', 'Wütvieh', 'Zeuglersvieh']"
Schatz,"['Allerweltsschatz', 'Bettschatz', 'Goldschatz', 'Goldschätzchen', 'Goldschätzlein', 'Lehrerschatzelein', 'Pflugschatz']"
Schickse,"['Allerweltsschickse', 'Büroschickse', 'Stadtschickse', 'Stadtschickslein', 'Tippelschickse', 'Tippschickse']"
Schlamp,"['Allerweltsschlampe', 'Allerweltsschlamper', 'Froschschlampes', 'Schlampes', 'Stadtschlamper', 'Strohgeschlamp']"
schlapp,"['Allerweltsschlappel', 'Allerweltsschläppe', 'Allerweltsschläppere', 'Apostelschläpplein', 'Christusschlapperer', 'Freibierschleppe', 'Herrgottsschlappe', 'Hängeschläppel', 'Jesusschlappe', 'Kapuzinerschlappe', 'Katzenschläppel', 'Negerschläppel', 'Presssackschlappere', 'Riemeleinsschlappe', 'Riemenschlappe', 'Sauschläpper', 'Schlappenveri', 'Schläppe', 'Schneegeschlapperig', 'Schneegeschläpperig']"
schmieren,"['Allerweltsschmierer', 'Angeschmierte', 'Ausgeschmierter', 'Bremenschmiere', 'Erdbeerschmiere', 'Hautschmiere', 'Schuhschmier', 'Schuhschmiere', 'Schühschmiere', 'Stiefelschmiere', 'Weinschmierer', 'Zwetschgenschmiere']"
schnorren,"['Allerweltsschnorrer', 'Bierschnorrer', 'Schnorrer']"
schnüffeln,['Allerweltsschnüffler']
schwindeln,"['Allerweltsschwindler', 'Barrasschwindel']"
simpel,['Allerweltssimpel']
stinken,"['Allerweltsstinker', 'Barrasstinker', 'Fischstinker', 'Gestiefelgestank', 'Heringsstinker', 'Judenstinker', 'Judenstinkerlein', 'Jüdenstinker', 'Pfennigstinkerlein', 'Stinkbastel', 'Stinkstängel', 'Weihrauchstinker']"
Stromer,"['Allerweltsstromer', 'Herumstromer']"
Tante,"['Allerweltstante', 'Brillentante', 'Erbtante', 'Gackertante', 'Heultante', 'Keiftante', 'Klatschtante', 'Kästante', 'Labertante', 'Markttante', 'Omatante', 'Patschtante', 'Platschentante', 'Putztante', 'Ratschtante', 'Schmarrentante', 'Schmarrntante', 'Schmarrtante', 'Schmustante', 'Schnattertante(n)', 'Schnorrentante', 'Tratschtante']"
Tasche,"['Allerweltstasche', 'Apfeltasche', 'Arschtasche', 'Bescheidtäschlein', 'Brieftasche', 'Brieftaschentasche', 'Brusttasche', 'Dachtasche', 'Eiertasche', 'Federtasche', 'Futtertasche', 'Geldtasche', 'Geldtäschlein', 'Gesäßtasche', 'Gollertasche', 'Hirtentäschlein', 'Hosentasche', 'Hosentaschel', 'Innentasche', 'Innereitasche', 'Jackentasche', 'Jacketttasche', 'Juppentasche', 'Kindertragtasche', 'Kitteltasche', 'Klappertasche', 'Knebeltasche', 'Leinentasche', 'Leistentasche', 'Leuchsentasche', 'Leuchsentaschen', 'Manteltasche', 'Maultasche', 'Metertasche', 'Nasstasche', 'Pappeltasche', 'Patronentasche', 'Plappertasche', 'Plaudertasche', 'Päppeltasche', 'Quarktasche', 'Rocktasche', 'Seichtasche', 'Seitentasche', 'Seitentäschlein', 'Uhrtäschlein', 'Waagtasche', 'Waagtaschen', 'Waagtäschlein', 'Wagentasche', 'Westentasche', 'Ziegeltasche', 'Zwicktasche', 'Äpfelmaultasche']"
tratschen,"['Allerweltstratsche', 'Austratsche', 'Dorftratsche', 'Gemeindetratsche', 'Regimentsratscher', 'Stadttratsche', 'Tratschelein', 'Weibertratsch']"
Vetter,"['Allerweltsvetter', 'Bartvetter', 'Glatzenvetter']"
Vogel,"['Allerweltsvogel', 'Bettelvogel', 'Galgenvogel', 'Gerstenvogel', 'Gespassvogel', 'Goldvögelein', 'Herrgottsvogel', 'Johannisvogel', 'Johannisvogelein', 'Johannisvögelchen', 'Johannisvögelein', 'Johannisvöglein', 'Jungvogel', 'Kanarienvogel', 'Krammetsvogel', 'Lockvogel', 'Paradiesvogel', 'Passionsvogel', 'Pechvogel', 'Putzvogel', 'Raubvogel', 'Regenvogel', 'Schneevögelein', 'Schneidervogel', 'Singvögelein', 'Sommervogel', 'Sommervögelein', 'Spaßvogel', 'Spottvogel', 'Streitvogel', 'Totenvogel', 'Wandervogel', 'Wasservogel', 'Wettervogel', 'Witzvogel']"
Weib,"['Allerweltsweib', 'Beerenweib', 'Beerenweiblein', 'Beerweib', 'Beerweiber', 'Beerweiblein', 'Bettelweib', 'Buttenweib', 'Bärenweib', 'Büroweib', 'Dorfweib', 'Fetzenweib', 'Fischweiblein', 'Gerstenweibel', 'Gerstenweiblein', 'Getreideweiblein', 'Gewaltweib', 'Giftweib', 'Heidelbeerweiblein', 'Holzweiblein', 'Hundsweiblein', 'Hutzelweibel', 'Hutzelweiblein', 'Häfenweib', 'Kanarienweiblein', 'Keifweib', 'Klagweib', 'Klasseweib', 'Klatschweib', 'Klatschweiber', 'Knotterweib', 'Kornweiblein', 'Kraftweibets', 'Krenweib', 'Krenweiblein', 'Mannsweib', 'Mannweib', 'Marktweib', 'Marktweiblein', 'Moosweiblein', 'Mordsweib', 'Mordsweibets', 'Patschweib', 'Petzweibel', 'Platschweib', 'Pritschweiblein', 'Puffweib', 'Putzweib', 'Pätschweib', 'Quatschweib', 'Rasseweib', 'Ratschweib', 'Riesenweib', 'Salbweib', 'Schnitzweibelein', 'Schulputzweib', 'Schwarzbeerweib', 'Schwarzbeerweiblein', 'Segenweib', 'Speckweib', 'Spülweib', 'Spülweiber', 'Spülweiblein', 'Standelweib', 'Standweib', 'Standweiblein', 'Straßenweib', 'Streitweib', 'Strichweib', 'Strohweib', 'Taubenweibchen', 'Taubenweibel', 'Taubenweiblein', 'Tratschweib', 'Tratschweiber', 'Trauerweib', 'Traumweib', 'Waldweiblein', 'Waschweib', 'Weckweib', 'Weifweib']"
weise,"['Allerweltsweisheit', 'Nasenweise', 'Naseweis', 'Naseweise']"
Wort,"['Allerweltswort', 'Ehrenwort', 'Sterbenswort', 'Sterbenswörtlein', 'Wehrwort']"
Zigeuner,['Allerweltszigeuner']
wert,"['Allerwertester', 'Futterverwerter']"
wissen,"['Allesbesserwisser', 'Alleswisser', 'Besserwisser', 'Besserwisserlein', 'Vielwisser']"
sperren,"['Allessperrer', 'Maulsperre', 'Wassersperre']"
mein,['Allmein']
Gewand,"['Alltagsgewand', 'Arbeitsgewandel', 'Gewand', 'Untergewand']"
Streit,"['Alltagsstreiter', 'Gerichtstreiterei', 'Hausstreit', 'Kinderstreit', 'Kinderstreiterei', 'Mordsstreit', 'Mordsstreiterei', 'Straßenstreit', 'Streit', 'Streiten', 'Streiter', 'Streiterei', 'Streiterin']"
weg,"['Allweg', 'Gehstduweg', 'Strohwegräumer']"
Karren,"['Allzweckkarren', 'Dreckkarre(n)', 'Dreschkarre(n)', 'Getreidekarre(n)', 'Graskarre(n)', 'Grasschubkarre(n)', 'Handkarrlein', 'Heukarre(n)', 'Hinterkarren', 'Holzkarren', 'Holzmacherkarre(n)', 'Judenkarre', 'Kastenkarre(n)', 'Kastenkarren', 'Klapperkarre', 'Klapperkarre(n)', 'Klapperkarren', 'Kleekarre(n)', 'Kleesamenschubkarre', 'Kleesäkarre(n)', 'Kleesäschubkarre(n)', 'Kläpperkarren', 'Kreuzkarren', 'Lehnenkarren', 'Lehnkarre(n)', 'Leiterkarre(n)', 'Leiterkarren', 'Metzgerskarre', 'Metzgerskarren', 'Mistkarre', 'Mistkarre(n)', 'Mistkarren', 'Mistschubkarren', 'Pferchkarre', 'Pferchkarren', 'Pferchshütte', 'Pferchskarre', 'Pferchskarren', 'Pflastererkarren', 'Radkarre(n)', 'Radkarren', 'Rappelkarren', 'Rumpelkarre', 'Rumpelkarre(n)', 'Rumpelkarren', 'Runkelkarren', 'Sackkarren', 'Sackschubkarren', 'Sandkarren', 'Sandschubkarren', 'Saukarren', 'Schafkarren', 'Schanzkarre(n)', 'Schanzkarren', 'Scheißkarre(n)', 'Scheißkarren', 'Scheppereskarre(n)', 'Schepperkarre(n)', 'Schepperkarren', 'Schepperskarre', 'Schepperskarre(n)', 'Schepperskarren', 'Schiebkarre', 'Schinderkarre(n)', 'Schinderkarren', 'Schinderskarre(n)', 'Schinderskarren', 'Schleiferkarren', 'Schleiferskarre(n)', 'Schlockerkarren', 'Schragelkarre(n)', 'Schubkarre', 'Schubkarre(n)', 'Schubkarren', 'Schuttkarren', 'Schäferkarren', 'Schäferskarre', 'Schäferskarren', 'Speiskarre(n)', 'Steinkarre(n)', 'Steinkarren', 'Streukarre(n)', 'Säkarrre(n)', 'Säukarre', 'Säukarren', 'Tragkarren', 'Trollkarre(n)', 'Trollkarren', 'Truhenkarre(n)', 'Unglückskarren', 'Viehkarre', 'Viehkarren', 'Vorderkarren']"
Almode,['Almode']
Würze,"['Almodegewürz', 'Almodewürze', 'Altemodegewürz', 'Metzelgewürz', 'Modegewürz', 'Modewürze', 'Suppengewürz']"
Korn,"['Almodekörner', 'Doppelkorn', 'Heidekorn', 'Lesekorn', 'Läutkorn', 'Maiskorn', 'Maiskörnelein', 'Maiskörnlein', 'Mehlkörnerlein', 'Metzkorn', 'Mutterkorn', 'Pfarrkorn', 'Reiterkorn', 'Rieskorn', 'Sommerkorn', 'Stoppelkorn', 'Weizenkorn', 'Welschkorn']"
weisen,"['Altausweis', 'Ausweis', 'Nachweis', 'Wegweiser']"
Bayer,"['Altbayer', 'Oberbayer', 'Paradebayer', 'Schmalspurbayer']"
wohnen,"['Altbewohner', 'Jurabewohner']"
Bürger,"['Altbürger', 'Burgermeisterbäuchlein', 'Burgermeistersbäuchel', 'Burgermeistersbäuchlein', 'Bügermeistersbäuchlein', 'Bürgermeisterbäuchlein', 'Bürgermeistersbäuchlein', 'Neubürger', 'Spießbürger']"
sitzen,"['Alteingesessener', 'Altsitz', 'Ansitz', 'Ansässiger', 'Bocksitz', 'Brettsitz', 'Chaisensitz', 'Dengelsitz', 'Doppelsitz', 'Doppelsitzer', 'Eingesessener', 'Einsitzer', 'Erdsitz', 'Fahrersitz', 'Förstersitz', 'Herrensitz', 'Hochsitz', 'Hochstitz', 'Hosengesäß', 'Jagdsitz', 'Jägerhochsitz', 'Jägershochsitz', 'Jägersitz', 'Jägerssitz', 'Kufensitz', 'Kutschbocksitz', 'Kutschensitz', 'Kutschersitz', 'Käseladelbesitzer', 'Musikersitz', 'Niedersitz', 'Ortsansässiger', 'Querlattensitz', 'Rehsitz', 'Schlittensitz', 'Sperrsitz', 'Viersitzer', 'Zweisitzer']"
Ende,"['Altenende', 'Altjahrende', 'Altjahresende', 'Dorfende', 'Druschende', 'Fuhrende', 'Jahresende', 'Mähnende', 'Sensenende', 'Seulende', 'Stoffende', 'Vorende', 'Webende', 'Wurstende', 'Zopfende', 'Zwölfender']"
Abend,"['Altenjahrabend', 'Altenjahresabend', 'Altjahrabend', 'Altjahresabend', 'Altjahrheiligabend', 'Altjahrsabend', 'Feierabend', 'Halberabend', 'Heiligabend', 'Jahresabend', 'Jahrschlussabend', 'Neujahrabend', 'Neujahrheiligabend', 'Neujahrsabend', 'Neujahrsheiligabend', 'Sylvesterabend']"
Brand,"['Altersbrand', 'Eierbrändlein', 'Einbrand', 'Erdäpfelsbrändlein', 'Feldbrand', 'Mordsbrand', 'Saubrand', 'Sonnenbrand']"
heim,"['Altersheim', 'Arbeitsheimer', 'Einheimischer', 'Heimat', 'Pappelheimer', 'Wolkenkuckuckheimer']"
Sache,"['Altertumssache', 'Ansichtssache', 'Bagatellsache', 'Einreibsache', 'Futtersache', 'Geschmackssache', 'Grassächel', 'Grünsachen', 'Hauptsache', 'Mordssache', 'Mückensächelein', 'Nebensache', 'Nippsachen', 'Stadtsache', 'Streitsache', 'Tatsache', 'Ursächer']"
Furt,"['Altfurt', 'Wasserfurt']"
Föhre,"['Altföhre', 'Kieferföhre', 'Kienföhre', 'Kienföhrte', 'Schleißfohre', 'Schleißföhre', 'Seidenföhre', 'Wetterföhre']"
Heu,"['Altheu', 'Beundenheu', 'Einheuen', 'Halbheu', 'Heuhäufen', 'Heuhäuflein', 'Hirschenheu', 'Kleeheu', 'Letztheu', 'Nachheu']"
Jahr,"['Altjahr', 'Altjahresnacht', 'Dreijährig', 'Einjähriger', 'Einjähriges', 'Frühjahr', 'Halbjähriger', 'Hammeljährling', 'Jahr', 'Kalbinjahr', 'Kälbeljährling', 'Kälberjährling', 'Mutterjährling', 'Neujahr', 'Neujahrfräulein', 'Neujahrsfeiertage', 'Neujahrsfräulein', 'Schneckenjahr', 'Spätfrühjahr', 'Spätjahr', 'Zwanzigjähriger', 'Zweijährig', 'Zweijähriger', 'Zweijähriges', 'Zweijährliches', 'Zwiejährel', 'Zwiejährer', 'Zwiejähriger', 'Zwiejähriges']"
singen,"['Altjahrabendsingen', 'Chorgesang', 'Neujahrsansingen', 'Neujahrssingen', 'Opernsänger']"
Schluss,"['Altjahresschluss', 'Altjahrschluss', 'Altnachtjahresschluss', 'Anschluss', 'Jahresabschluss', 'Jahresbeschluss', 'Jahresschluss', 'Jahrschluss']"
Nacht,"['Altnacht', 'Anklopfesnacht', 'Anklopfesnächte', 'Bertanacht', 'Christnächte', 'Drudennächte', 'Faselnacht', 'Fasenacht', 'Fastnacht', 'Fitzelnächte', 'Geisternächte', 'Glöckleinsnächte', 'Hexennächte', 'Klopfelesnächte', 'Klopferlesnächte', 'Klopfersnächte', 'Klopflesnächte', 'Klöpfelesnähte', 'Klöpfelnächte', 'Klöpflesnächte', 'Klöpflesnänchte', 'Kommnacht', 'Kühnacht', 'Mitternacht', 'Nachtdüppchen', 'Nachtdüppen', 'Nachtwandler', 'Neujahrsnacht', 'Neunacht', 'Obernächte', 'Pfeffernächte', 'Raunächte', 'Samstagnacht', 'Sonntagnacht', 'Sylvesternacht', 'Tagundnachtlein', 'Thomasnacht', 'Thomasnächte', 'Unternächte', 'Vorweihnacht', 'Vorweihnachten', 'Weihnacht', 'Weihnachten', 'Zaubernächte']"
alt,"['Altreiß', 'brutalt']"
schneiden,"['Altschneider', 'Apfelschnitt', 'Aprilschneider', 'Aufschneider', 'Aufschneideri', 'Aufschneiderin', 'Bachschneider', 'Beeteschneider', 'Beetschneider', 'Bienenschneider', 'Bilmesschneider', 'Bilmschneider', 'Bilwißschneider', 'Binsenschneider', 'Blöcherschneiden', 'Eingeschnittene', 'Einschneiden', 'Einschneider', 'Erdbirnenschneider', 'Fleischschneider', 'Geißschneider', 'Gesichtsschneiderei', 'Getreideschneiden', 'Glasschneider', 'Grasschneider', 'Gretelfleischschneider', 'Grimassenschneider', 'Haarschneider', 'Haberschneider', 'Halsabschneider', 'Heuschneide', 'Holzschneider', 'Kappenschneider', 'Kriegschneider', 'Maschinenschneiden', 'Maschinesschneiden', 'Sauschneiden', 'Sauschneider', 'Schneiderlein', 'Schnitter', 'Schüpfelschneider', 'Schüpfschneider', 'Sensenschneide', 'Speckschneiden', 'Speckschneider', 'Speckschneiderin', 'Spinnenschneider', 'Spintschneider', 'Strohschneider', 'Strohschneiderin', 'Säuschneiden', 'Säuschneider', 'Wasserschneider', 'Weiherschneider']"
Vater,"['Altvater', 'Brautvater', 'Großvater', 'Hasenvater', 'Heckvater', 'Himmelvaterlein', 'Katzenvater', 'Kuppelvater', 'Schnapsvater', 'Traumvater']"
Bauch,"['Altweiberbauch', 'Amtmannsbauch', 'Amtmannsbäuchlein', 'Amtsbäuchlein', 'Bauch', 'Bierbauch', 'Blähbauch', 'Burgermeistersbauch', 'Bürgermeisterbauch', 'Bürgermeisterlbauch', 'Bürgermeistersbauch', 'Erdbirnenbauch', 'Erdäpfelsbäuchlein', 'Fressbauch', 'Froschbäuchlein', 'Geheimratsbäuchlein', 'Grundbirnenbauch', 'Heidenbäuchlein', 'Hohlbauch', 'Hängbauch', 'Hängebauch', 'Hängebäuchlein', 'Kartoffelbauch', 'Kartoffelbäuchlein', 'Kinderbauch', 'Kinderbäuchlein', 'Kugelbauch', 'Kugelbäuchlein', 'Kuhbauch', 'Kühbauch', 'Meistersbäuchlein', 'Mordsbäuchlein', 'Nudelbäuchlein', 'Plattbauch', 'Prälatenbauch', 'Saubauch', 'Schmerbauch', 'Schmerbäuchlein', 'Schmierbauch', 'Schmierbäuchelchen', 'Schnitzbauch', 'Schulzenbauch', 'Schulzenbäuchlein', 'Schwabbelbauch', 'Speckbauch', 'Speckbäuchlein', 'Spitzbäuchlein', 'Trommelbauch', 'Wasserbauch', 'Wasserbäuchlein', 'Wespenbäuchlein']"
Sommer,"['Altweibersommer', 'Frühsommer', 'Spätsommer', 'Vorsommer', 'Zweisommerige(r)']"
Klotz,"['Ambossklotz', 'Barrasklotz', 'Bauklotz', 'Baumklotz', 'Bremsklotz', 'Bremsklötzlein', 'Dengelklotz', 'Dengelklötzlein', 'Eisklotz', 'Hackklotz', 'Hemmklotz', 'Holzklotz', 'Holzklötzchen', 'Langholzklotz', 'Mordsklotz', 'Reibklotz', 'Schleifklotz', 'Schleifklötzlein', 'Schlittenklötzlein', 'Schneeklotz', 'Schneidklotz', 'Schneidklötzlein', 'Tannenklotz', 'Windenklotz', 'Windenklötzlein']"
Bürzel,"['Ameisbürzel', 'Ameisenbürzel', 'Entenbürzel', 'Knieburz', 'Ringelbürzel', 'Ämeisbürzel']"
bauen,"['Ameisenbau', 'Anbau', 'Anbäulein', 'Dachbaute', 'Eigenbau', 'Fischbau', 'Grenzbau', 'Hausbau', 'Hausbauen', 'Heubau', 'Kanzelbäulein', 'Körperbau', 'Leiterwagenaufbau', 'Mausfallenbauer', 'Mordsbau', 'Mordsvorbau', 'Nachbau', 'Nebenbau', 'Rahmenbau', 'Riesenvorbau', 'Salzbau', 'Sommerbau', 'Unterbau', 'Vorbau', 'Vorbaulein', 'Vorbäulein', 'Winterbau', 'Zwischenfruchtbau']"
Buckel,"['Ameisenbuckel', 'Hasenbuckel', 'Huckbuckel', 'Huckebuckel', 'Huckelbuckel', 'Huckelbuckeleins', 'Kammbuckel', 'Katzbuckler', 'Katzenbuckel', 'Schattenbuckel', 'Seichbuckel', 'Sensenbuckel', 'Steinbuckel', 'Thomasbuckel', 'Ämeisbuckel']"
Hube,"['Ameisenhübel', 'Ameisenhübellein', 'Ametzenhübel', 'Ametzenhüblein', 'Grashübel', 'Mordshübel', 'Tannenhübel', 'Ämeishubel']"
Hügel,"['Ameisenhügel', 'Ameisenhügelein', 'Ameishügel', 'Ametzenhügel', 'Bahnhügelein', 'Hametzenhügel', 'Lessteinhügel', 'Maulwurfshügel', 'Seichameisenhügel', 'Seichhameisenhügel', 'Seichämetzenhügel', 'Steinhügel', 'Ämetzenhügel']"
Nest,"['Ameisennest', 'Brutnest', 'Eiernestlein', 'Eingenisteter', 'Gackeleinsnest', 'Geiersnest', 'Grünhasennest', 'Haarnest', 'Haarnestlein', 'Hasennest', 'Hasennestlein', 'Hennennest', 'Häkelnest', 'Hühnernest', 'Hühnernester', 'Katzennest', 'Krackennest', 'Krähennest', 'Läusenest', 'Ostereiernestlein', 'Osterhasennest', 'Osternest', 'Osternestlein', 'Raupennest', 'Rothasennest', 'Saunest', 'Schwalbennest', 'Storchennest', 'Vogelnest', 'Vogelsnest', 'Wassernest', 'Wespennest', 'Windnest', 'Ziebeleinsnest']"
Straße,"['Ameisenstraße', 'Einbahnstraße', 'Göckerstraße', 'Hurenstraße', 'Kreuzstraße', 'Lausstraße', 'Läusstraße', 'Nuttenstraße', 'Puffstraße', 'Querstraße', 'Strichstraße']"
Märe,"['Ammenmärchen', 'Lügenmärlein', 'Lügmärchen', 'Sagenmärel']"
Ranzen,"['Amtmannsränzlein', 'Apfelränzchen', 'Bierranzen', 'Fettranzen', 'Fressranze', 'Fressranze(n)', 'Gesottranzen', 'Huckelränzlein', 'Kanalranzen', 'Mordsranzen', 'Ranze', 'Säuranze', 'Säuranzen', 'Wasserranzen', 'Äpfelränzchen']"
Zigarre,"['Amtmannzigarre', 'Stinkerzigarre']"
Schuppen,"['Anbauschuppen', 'Anhängerschupfen', 'Holzschupfen', 'Holzschüpfel', 'Holzschüpflein', 'Laubschuppen', 'Schleifdachschupfen', 'Streuschupf', 'Streuschupfen', 'Streuschuppen', 'Streuschüpf', 'Streuschüpfel', 'Zwergschüpflein']"
beißen,"['Anbeißen', 'Bierbeißer', 'Bisslein', 'Bullbeißer', 'Gabelbissen', 'Hineinbeißen', 'Kernbeißer', 'Kettenvoneinanderbeiß', 'Knickebeißer', 'Krippenbisser', 'Maulbissen', 'Nacktbeißer', 'Ohrenbeißerlein', 'Pferdsbeißer', 'Pobeißer', 'Wurstbisslein']"
betteln,"['Anbetteln', 'Hopfenbettler', 'Hundsbettel']"
brennen,"['Anbrenne', 'Anbrennig', 'Angebrannte', 'Angebrannter', 'Dauerbrenner', 'Einbrenne', 'Einbrennes', 'Einbrennig', 'Einbrennlein', 'Eingebranntes', 'Eingebrennetes', 'Gemüseeinbrenne', 'Hausbrand', 'Herabgebrannter', 'Hinangebranntes', 'Kohlebrenner', 'Mehleinbrennchen', 'Mehleinbrenne', 'Mehleinbrennig', 'Mordbrenner', 'Mordsbrenner', 'Spanbrenner', 'Sparbrenner', 'Spänbrenner', 'Spänebrenner', 'Wutbrenner']"
Damm,"['Andamm', 'Andammer', 'Andämmer', 'Bahndamm', 'Staudamm', 'Wasserdamm']"
denken,"['Andenken', 'Andenkes', 'Nachdenklicher']"
Ente,"['Anderlingsente', 'Enter', 'Schnatterente(n)']"
Gans,"['Anderlingsgans', 'Aprilgans', 'Aprilgänslein', 'Brillengans', 'Brutgans', 'Brütgans', 'Erntegans', 'Flattergans', 'Gans', 'Gansgraben', 'Graugans', 'Grummetgans', 'Kirchtagsgans', 'Leitgans', 'Maigans', 'Maigänslein', 'Martinsgans', 'Meckergänse', 'Nachbrutgans', 'Nachbrutgänslein', 'Nachgans', 'Nachhinkgänslein', 'Pfittergans', 'Plärregans', 'Prachtganser', 'Schnattergans', 'Schneegans', 'Stadtgänslein', 'Staragans', 'Stopfgans', 'Störegans', 'Tannengans', 'Wacklgänslein', 'Wasserganserer', 'Weihnachtsgans']"
Kalb,"['Anderlingskalbin', 'Aprilkalb', 'Bullenkalb', 'Erstlingskalbin', 'Kuhkalb', 'Milchkälblein', 'Mondkalb', 'Mondkalbel', 'Saugkälblein', 'Stierkalb', 'Zeitkalbin']"
Ziege,"['Anderlingsziege', 'Frankenziege', 'Himmelsziege', 'Jungziege', 'Schafziege', 'Zeitziege', 'Ziegel', 'Ziegelein']"
Berta,"['Andreasberta', 'Eisenberta', 'Eisenberti', 'Holleberta', 'Martinsberta', 'Reiserberta', 'Schlotberta', 'Strohberta', 'Thomasberta', 'Wildberta']"
Regen,"['Andreasregen', 'Hineingeregneter', 'Patschregen', 'Platzregen', 'Schmatzregen']"
Schnee,"['Andreasschnee', 'Aprilschnee', 'Feinschnee', 'Fleimelschnee', 'Flockschnee', 'Grieselschnee', 'Harschschnee', 'Hasenschnee', 'Hasenschneelein', 'Hereingeschneite', 'Katzenschnee', 'Knatschschnee', 'Knirschschnee', 'Lückschnee', 'Matschenschnee', 'Matschschnee', 'Märzenschnee', 'Nassschnee', 'Neuschnee', 'Nieselschnee', 'Novemberschnee', 'Pappschnee', 'Patschschnee', 'Pfotenschnee', 'Puderschnee', 'Pulverschnee', 'Querschnee', 'Rieselschnee', 'Sappschnee', 'Schmelzschnee', 'Schneeschor', 'Schneeschore', 'Schneeschore(r)', 'Schneeschorer', 'Schneeschuppe', 'Schneeschäfchen', 'Schneeschäflein', 'Spurenschnee', 'Spurschnee', 'Spurschneelein', 'Spürschnee', 'Staubschnee', 'Tauschnee', 'Wasserschnee', 'Weichenschnee', 'Wildspurenschnee']"
Duft,"['Anduft', 'Schütteleinsduft']"
kennen,['Anerkennung']
an,"['Anfasser', 'Anpacker', 'Antwort', 'Geradean', 'Rührmichnichtan', 'Stifler', 'Stifter']"
Force,['Anforsch']
Gabriele,['Angabi']
braten,"['Angebrati', 'Ankebraten', 'Ankenbraten', 'Beißbraten', 'Bocksbraten', 'Brater', 'Bratwurstbrater', 'Bratwürstebrater', 'Bösbraten', 'Dachhasenbraten', 'Fischbrater', 'Gänsebraten', 'Hackbraten', 'Hasenbratel', 'Heringsbrater', 'Katzenbraten', 'Lammbraten', 'Satansbraten', 'Sauerbratenfleisch', 'Seitenbraten', 'Straßenwurstbrater', 'Wurstbrater', 'Würstebrater', 'Würstelbrater', 'Würstleinsbrater']"
faul,"['Angefaultes', 'Maulfauler']"
fressen,"['Angefressener', 'Barrasfraß', 'Bienenfresser', 'Brockenfresser', 'Eierfressen', 'Fettfresser', 'Fleischfresser', 'Fressdümpfel', 'Glimmstängelfresser', 'Großfresse', 'Großfressiger', 'Herausgefressener', 'Hundsfraß', 'Kinderfresser', 'Kippenfresser', 'Knöpfleinsfresser', 'Kohlrübenfresser', 'Kohlweißfresser', 'Krautfresser', 'Mitfresser', 'Pfefferfresser', 'Rasenfresser', 'Riesenfraß', 'Saufraß', 'Saufressen', 'Schmalzfresser', 'Schneckenfraß', 'Spaghettifresser', 'Spinnenfresser', 'Spinnenwebenfresserin', 'Spülfraß', 'Säufraß', 'Säufressen', 'Säugefresse', 'Säumagenfresser', 'Säusachenfresser', 'Tintenfresser', 'Traubenfresser', 'Vielfraß', 'Weckfresser', 'Wurstfraß', 'Wurstfresser', 'Würstefresser']"
heiraten,"['Angeheirateter', 'Eingeheiratete', 'Eingeheirateter', 'Geldheirat', 'Hereingeheiratete', 'Hereingeheirateter', 'Hergeheirateter', 'Hineingeheiratete', 'Hineingeheirateter', 'Schmusheirat', 'Spekulationsheirat', 'Spekulierheirat', 'einherheiraten']"
hören,"['Angehörige', 'Anhören']"
gehören,['Angehöriger']
lehnen,"['Angelehnte', 'Anlehner', 'Getreidelehner', 'Hinangelehntes', 'Rückenlehne', 'Rücklehne', 'Schattenlehner', 'Stuhlgelehne', 'Stuhllehne', 'Stuhlslehne', 'Stühllehne']"
mischen,"['Angemischtes', 'Eckenmischung', 'Futtergemisch', 'Giftmischer', 'Kraftfuttergemisch', 'Melassengemisch', 'Milchmisch', 'Promenadenmischung', 'Randsteinmischung', 'Zusammengemischi']"
Reif,"['Angereiftes', 'Baumreif', 'Eisenreif', 'Eisenreifen', 'Jahresreif', 'Nebelreif', 'Radreif', 'Raureif', 'Reifen', 'Schneereif', 'Setzleistenreifen', 'Wagenreif', 'Wagenreife', 'Wasserreif', 'Wasserreiflein']"
rühren,"['Angerührtes', 'Eingerühre', 'Herumrühren', 'Kaffeerührer']"
schieben,"['Angeschobener', 'Anschieben', 'Anschieber', 'Anschieberin', 'Dreckschieber', 'Handschiebelein', 'Handschieberlein', 'Hennenschieber', 'Karusellschieber', 'Knieschieber', 'Mistschieber', 'Moosschieber', 'Nachschub', 'Radschieberlein', 'Sandschieber', 'Schneeschieber', 'Schub', 'Schuber', 'Stundenschieber', 'Teigschieber', 'Waldschieber', 'Wolkenschieber', 'Zusammengeschobener']"
sehen,"['Angesehene', 'Angesehener', 'Ansehen', 'Aufsehen', 'Aufsehung', 'Aussehen', 'Ausseherin', 'Aussehete', 'Einsicht', 'Gernegesehen', 'Heimsehung', 'Hellseher', 'Nachsehen', 'Wiedersehen']"
spannen,"['Angespann', 'Anspann', 'Anspannet', 'Einspänner', 'Herzgespann', 'Ranzenspanner', 'Rippengespann', 'Viehgespann', 'Übergespannter', 'Überspannter']"
Strick,"['Angestricktes', 'Aufhängstrick', 'Bauchstrick', 'Binderstrick', 'Bindestrick', 'Bindstrick', 'Bänderstrick', 'Bänderstricklein', 'Bürdenstricklein', 'Dengelstrick', 'Erntestrick', 'Fesselstricke', 'Fruchtstrick', 'Galgenstrick', 'Garbenstrick', 'Garbenstricklein', 'Garbstrick', 'Garbstrickel', 'Garbstricklein', 'Glockenstrick', 'Haferstrick', 'Hanfstrick', 'Heustrick', 'Jutenstrick', 'Kornstricklein', 'Kälberstrick', 'Läutstrick', 'Nadelgestrick', 'Schafstrick', 'Selbergestrickter', 'Sensenstrick', 'Strohstricklein', 'Ziegenstrick', 'Ziehstrick', 'Ährenstrick', 'Ährenstricklein']"
säen,"['Angesäte', 'Angesätes', 'Eingesätes', 'Handsärad', 'Kleesamensäer', 'Kleesäer', 'Neuangesätes']"
Gewicht,['Angewicht']
Grenze,"['Angrenze', 'Dorfgrenze', 'Feldergrenze', 'Flurgrenze', 'Gemarkungsgrenze', 'Gemeindegrenze', 'Markgrenze', 'Markungsgrenze', 'Ortsgrenze', 'Zonengrenze']"
Frosch,"['Angstfrosch', 'Hemdfrosch', 'Hemdfröschlein', 'Heufrosch', 'Hitschefrosch', 'Häkelfrosch', 'Knallfrosch', 'Laubfrosch', 'Nackefrosch', 'Nackefröschel', 'Nackefröschlein', 'Nacketfrosch', 'Nacketfröschchen', 'Nacketfröschlein', 'Nackfrosch', 'Nacktefrosch', 'Nacktelein', 'Nacktfrosch', 'Nacktfröschlein', 'Wasserfrosch', 'Wetterfrosch', 'Zappelfrosch', 'Zitterfrosch']"
schreien,"['Angstgeschrei', 'Angstschrei', 'Aufschreier', 'Ausschreier', 'Gescheitschreier', 'Hahnenschrei', 'Hauptschreier', 'Herumschreierin', 'Katzengeschrei', 'Kindergeschrei', 'Kinderschreierei', 'Marktschreier', 'Marktschreierin', 'Mordsgeschrei', 'Saugeschrei', 'Schmerzensschrei', 'Schmerzschrei', 'Schreckensschrei', 'Schreckschrei', 'Wehschrei', 'Weibsbildergeschrei', 'Wutgeschrei']"
Hase,"['Angsthase', 'Aprilhase', 'Betthase', 'Betthäschen', 'Dachhase', 'Feldhase', 'Frühhase', 'Grünhase', 'Hasenhannes', 'Hasenöhrel', 'Hasenöhrlein', 'Märzenhase', 'Märzenhäschen', 'Osterhase', 'Pfannenhasen', 'Rhönhase', 'Rupfhase', 'Scheißhase', 'Schisshase', 'Stallhase', 'Trollhase', 'Waldhase', 'Wildhase']"
Rohr,"['Angstrohr', 'Angströhre', 'Ansatzrohr', 'Armeseeleröhre', 'Blasrohr', 'Blasröhrlein', 'Bogenrohr', 'Bratröhre', 'Drainagerohr', 'Drainageröhre', 'Drainageröhrlein', 'Federrohr', 'Gießerrohr', 'Herdrohr', 'Kanonenrohr', 'Knierohr', 'Langrohr', 'Luftröhre', 'Ofenrohr', 'Ofenröhre', 'Paraderöhre', 'Rundrohr', 'Sandröhrling', 'Schnittlauchröhrlein', 'Sonntagsröhre', 'Spanischrohr', 'Sporzrohr', 'Sporzröhrlein', 'Sprachrohr', 'Spritzerrohr', 'Spörzröhrlein', 'Stinkrohr', 'Sürleinsröhrlein', 'Tennengeröhre', 'Tennengeröhrig', 'Tennenröhrig', 'Tenngeröhrig', 'Tennröhrig', 'Vaterunserröhre', 'Vaterunserröhrlein', 'Verbindungsrohr', 'Zugrohr']"
Scheiß,"['Angstschisser', 'Beetscheißer', 'Bettscheißer', 'Bleichschieß', 'Dünnschiss', 'Fliegenscheißer', 'Fliegenschieß', 'Gaulschieß', 'Geldscheißer', 'Geltenscheißer', 'Gescheitscheißer', 'Gescheiß', 'Giftscheißer', 'Giftscheißerin', 'Glockenscheißer', 'Gänsescheiße', 'Gäulschieß', 'Hemdenschieß', 'Hemdenschisser', 'Hemdscheißer', 'Hemdscheißerlein', 'Hemdschieß', 'Hemdschisser', 'Hemdschisserlein', 'Hochgeschissener', 'Hochmutschieß', 'Hochmutsschieß', 'Hochmutsschiss', 'Hosenscheißer', 'Hosenscheißerlein', 'Hosenschisser', 'Hundsscheiße', 'Hundsscheißerlein', 'Hundsschieß', 'Hühnerscheiße', 'Judenschieß', 'Katzenscheiße', 'Kesselscheißer', 'Klugscheißer', 'Kohlscheißer', 'Krackenschieß', 'Krappenschieß', 'Krautscheißer', 'Krähenschieß', 'Kuhscheiße', 'Kuhscheißel', 'Kuhscheißer', 'Kuhscheißet', 'Kuhscheißig', 'Kuhschieß', 'Kässchieß', 'Köhlscheißer', 'Kühscheiße', 'Kühscheißer', 'Madenscheißer', 'Mittagsscheißer', 'Mordsgescheiß', 'Muckenscheiß', 'Muckenschieß', 'Mückenscheißer', 'Mückenschieß', 'Mückenschisslein', 'Neungeschissene', 'Neungeschissener', 'Ochsenscheiß', 'Ochsenschieß', 'Pflasterscheißer', 'Raupenscheißer', 'Saalscheißer', 'Schieß', 'Schifferscheiße', 'Schleimscheißer', 'Schönscheißer', 'Schönscheißerlein', 'Stadtscheißer', 'Stadtschisser', 'Stadtschisserlein', 'Storchenschieß', 'Stürzenscheißer', 'Trottoirscheißer', 'Tupfeleinsscheißer', 'Tüpfeleinsscheißer', 'Verratschieß', 'Verratschisser', 'Wegscheißer', 'Weichscheiße', 'Wüstenscheißer']"
Schlot,"['Angstschlot', 'Fabrikschlot', 'Schlöter', 'Taubenschlot']"
halten,"['Anhalten', 'Aufhalte', 'Aufhalten', 'Aushalten', 'Bleistifthalter', 'Bleistifthalterin', 'Brautbehälter', 'Brautchaiseaufhalten', 'Brautleuteaufhalten', 'Deichselhalter', 'Däumelhalter', 'Einhalte', 'Einhalten', 'Eisenhalter', 'Federhalter', 'Federhalterl', 'Feilhalter', 'Fleischgehälterlein', 'Flieghalter', 'Füllfederhalter', 'Füllhalter', 'Garderobenhalter', 'Geschirrhalter', 'Giebelhalter', 'Glasgehälter', 'Glashälter', 'Haushalt', 'Haushalten', 'Haushaltung', 'Hochzeitaufhalten', 'Kalter', 'Kleiderbehalter', 'Kleiderbehälter', 'Kleidergehälter', 'Kleiderhalter', 'Kleiderhälter', 'Kleiderkalter', 'Küchenbehalter', 'Küchenbehälter', 'Küchenbehälterlein', 'Küchengehalterlein', 'Küchengehälter', 'Küchengehälterlein', 'Küchenhalter', 'Küchenhälter', 'Küchenkalter', 'Küchenkalterl', 'Küchenkälter', 'Leiterhalt', 'Leiterhalter', 'Leuchsenhalter', 'Monturgehälter', 'Schüsselhalter', 'Senselhalter', 'Sensenhalter', 'Speisebehalter', 'Speisebehälter', 'Speisgehälter', 'Stammhalter', 'Strängehalter', 'Unterhalt', 'Unterhalter', 'Unterhalterin', 'Unterhaltung', 'Vorbehalt', 'Wasserbehälter', 'Weißzeugbehälter', 'Wetzsteinbehälter', 'Wetzsteinhalter', 'Windelhalter', 'Windenhalter', 'Winterhaltung', 'Wäschbehälter', 'Wäschehalter', 'Zuhälter', 'Zusammenhalten', 'Überhalter', 'Überhälter']"
hutzen,['Anhutz']
Kette,"['Anhängkettlein', 'Aufgurtkette', 'Aufgurtkettlein', 'Aufhaltekette', 'Bauchkette', 'Bauchkettlein', 'Baumkette', 'Bindkette', 'Bindkettlein', 'Bordwandkette', 'Bremskette', 'Bruchkette', 'Deichselketten', 'Drosselkette', 'Einhängkette', 'Eiskette', 'Fangkette', 'Fitzkette', 'Gaulskette', 'Geißkette', 'Geißkettlein', 'Gurtkette', 'Gurtkettlein', 'Gürtelkette', 'Gürtkette', 'Halskette', 'Halskettlein', 'Hemmkette', 'Herüberhängkette', 'Heukette', 'Häkelkette', 'Kipfkette', 'Kipfkettel', 'Kipfkettlein', 'Knüttelkette', 'Lancierkette', 'Langstangenkette', 'Langwiedketten', 'Leiterbaumkette', 'Leiterkette', 'Leuchsenkettlein', 'Mittelkette', 'Paterleinskette', 'Radkette', 'Rahmenkette', 'Reitelkette', 'Reitelkettlein', 'Reißkette', 'Riemenkette', 'Rungkette', 'Rämmkette', 'Schanzkettlein', 'Schlingkette', 'Schlittkette', 'Schlittschuhkette', 'Schlüsselkette', 'Schwefelkette', 'Schwenkkettlein', 'Schwingkette', 'Spannkette', 'Spannketten', 'Sperrkette', 'Sperrkettlein', 'Spraußkette', 'Spreize', 'Spreizkette', 'Sprengelkette', 'Sprengkette', 'Sprengkettlein', 'Sprießkette', 'Spräußkette', 'Spräußkettlein', 'Strangkette', 'Strangkettlein', 'Strängekettlein', 'Uhrkette', 'Waagkettlein', 'Wagenkette', 'Wiesbaumkette', 'Zerrkette', 'Ziegenkette', 'Ziegenkettlein', 'Zugkette', 'Zusammenhaltkette', 'Zusammenhängkette', 'Zweispannkette', 'Zwiespannkette', 'Zwietelkette', 'Überhäkelkette']"
Sack,"['Anhängsack', 'Augensack', 'Augensäcklein', 'Beruhigungssäcklein', 'Bettelsack', 'Bettelsäcklein', 'Blattsack', 'Blähsack', 'Bläksack', 'Blödsack', 'Bollersack', 'Brechsack', 'Breitsack', 'Brocksack', 'Brotsack', 'Brotzelsack', 'Brummelsack', 'Brunzsack', 'Brunzsäckelchen', 'Damelsack', 'Dicksack', 'Dicksackel', 'Dicksäckel', 'Dicksäcklein', 'Dossack', 'Drecksack', 'Eissack', 'Fettsack', 'Fleischsack', 'Fresssack', 'Futtersäcklein', 'Ganefsack', 'Grassack', 'Grundbirnensack', 'Gurkeleinssack', 'Haarsack', 'Hosensack', 'Hosensäckel', 'Hosensäcklein', 'Huckelsack', 'Huckesack', 'Hurensäckel', 'Hängesack', 'Innensäckel', 'Kindersack', 'Klammersäckchen', 'Klappersack', 'Klingelsack', 'Käsesack', 'Kässack', 'Labersack', 'Laussack', 'Lumpensack', 'Lumpensäckel', 'Lügensack', 'Lügensäckel', 'Lümpersäckel', 'Mehlsack', 'Mehlsäcklein', 'Mersack', 'Moppelsack', 'Nudelsack', 'Nutschsäckel', 'Nüßsack', 'Pappsack', 'Pfeffersack', 'Pflumpfsack', 'Pflücksack', 'Plumpsack', 'Plumpssack', 'Plärrsack', 'Polentasäckel', 'Poltersack', 'Presssack', 'Presssäcklein', 'Pulversack', 'Quacksack', 'Quersack', 'Reitsack', 'Rocksack', 'Rucksack', 'Rucksackpack', 'Rupfsack', 'Sausack', 'Schlafsack', 'Schlappsack', 'Schnappsack', 'Specksack', 'Stolpersack', 'Streitsack', 'Strohsack', 'Säsack', 'Säusack', 'Taschensack', 'Taubensack', 'Taubsack', 'Tragsack', 'Traumsack', 'Tränensack', 'Umhängesack', 'Wampsack', 'Wamssack', 'Wassersack', 'Wurstsack', 'Würstesack', 'Zwerchsack', 'Zwickersäcklein']"
Kipf,"['Aniskipflein', 'Barraskipf', 'Bratwurstkipf', 'Kartoffelkipflein', 'Kipf', 'Kipfe', 'Kipflein', 'Kreuzerskipf', 'Kümmelkipflein', 'Mohnkipf', 'Mohnkipflein', 'Mürbteigkipflein', 'Salzkipflein', 'Zehnerkipflein']"
Knoten,"['Ankenknoten', 'Erlenknoten', 'Gurgelknoten', 'Haarknot', 'Haarknoten', 'Hühnerknoten', 'Saufknoten', 'Selleriesknoten', 'Strickknoten', 'Strohseilknoten', 'Säuferknoten', 'Tannenknotel', 'Webersknoten']"
Kreide,['Ankreiden']
Beet,"['Anmahdbeet', 'Beet', 'Erdbirnbeet', 'Erdbirnenbeet', 'Erdbirnenbeetlein', 'Erdäpfelbeet', 'Erdäpfelbeetlein', 'Erdäpfelsbeet', 'Erdäpfleinsbeetlein', 'Flurbeet', 'Fuhrbeet', 'Furchenbeet', 'Gemeindebeet', 'Gewandebeet', 'Hauptbeet', 'Häckbeet', 'Häckenbeet', 'Häupt', 'Häuptbeet', 'Häuptbeetlein', 'Häuptenbeet', 'Häupterbeet', 'Häupterbeetlein', 'Kartoffelbeet', 'Krautbeet', 'Mahdbeet', 'Pflanzbeet', 'Querbeet', 'Saatbeet', 'Spitzbeet', 'Wendebeet']"
mähen,"['Anmäher', 'Bindemäher', 'Bindermähen', 'Bindermäher', 'Einmäh', 'Einmäher', 'Futtermähen', 'Gassenmähen', 'Gerstenmäher', 'Getreidemähen', 'Getreidemäher', 'Getreidesmähen', 'Grummetmähen', 'Maschinenmähen', 'Sensenmäher']"
suchen,"['Annäherungsversuch', 'Beerensucher', 'Beerensücher', 'Beersucher', 'Futtersuche', 'Herausgesuchtes', 'Krankenbesuch', 'Mannsbildersucher', 'Marktbesucher', 'Waldbeerensucher']"
Pack,"['Anpackerlein', 'Haselpäckelein', 'Huckelpack', 'Huckepack', 'Nestpack']"
raffen,"['Anraffer', 'Aufraffig', 'Ausgeraffel', 'Ausgeraffig', 'Ausraffel', 'Ausraffelig', 'Ausraffig', 'Ausrafflig', 'Bläkerraffel', 'Bläkraffel', 'Geraffel', 'Maulraff', 'Rüffel', 'Tennengeraffig', 'Zahnraffel', 'Zusammengeraffter', 'Zähneraffel']"
Pflug,"['Anrainpflug', 'Ausackerpflug', 'Bahnpflug', 'Beetepflug', 'Beetpflug', 'Bifangpflug', 'Birnenpflug', 'Brachpflug', 'Erdbirnenpflug', 'Erdäpfelpflug', 'Erdäpfelpflüglein', 'Erdäpfelspflug', 'Grundbirnenpflug', 'Hinaufackerpflug', 'Holzschneepflug', 'Häufelpflug', 'Kartoffelpflug', 'Ochsenpflug', 'Patakenpflug', 'Schaufelpflug', 'Schleppenpflug', 'Schleuderpflug', 'Schlitzpflug', 'Schneepflug', 'Schneepflüglein', 'Schorpflug', 'Straßenpflug', 'Stupfelpflügen', 'Stuppelpflügen', 'Wendepflug', 'Wendpflug']"
reizen,['Anreizer']
richten,"['Anrichte', 'Anrichter', 'Anrichtung', 'Fußballschiedsrichter', 'Gescheidrichter', 'Hergerichte', 'Himmelsrichtung', 'Hingerichte', 'Küchenanrichte', 'Landrichter', 'Leuteausrichterin', 'Schiedsrichter', 'Schiri', 'herrichten']"
Riss,['Anrisslein']
setzen,"['Ansatz', 'Auseinandersetzung', 'Aussetzen', 'Bodensatz', 'Daraufsetzen', 'Grenzsteinsetzer', 'Grenzsteinversetzer', 'Köhlsetzling', 'Marksteinsetzer', 'Pflanzensetzen', 'Pflanzensetzer', 'Rainsteinsetzer', 'Rübenpflanzensetzling', 'Rübensetzling', 'Steinsetzer', 'Strohsetzer', 'Untersetzer', 'Zurückgesetzte', 'Zurückgesetzter', 'Zusatz', 'Zusetzen', 'Übersetzung']"
Saum,"['Ansaume', 'Eingesäumtes', 'Einsaumung', 'Einsäumen', 'Einsäumung', 'Knopflochsaum', 'Knopflochsäumlein', 'Lochsaum', 'Stoffsaum', 'Säumel', 'Säumelein', 'Tuchsaum', 'Vorsaum']"
schaffen,"['Anschaffer', 'Bahnbeschäftigter', 'Bahnschaffner', 'Hereingeschaffte', 'Mordsschafferin', 'Schüttenwegschaffer', 'Strohschaffer', 'Wegschaffer', 'Weiberverschaffer']"
schauen,"['Anschauung', 'Geißgeschau', 'Griesgeschau', 'Schöngeschauer', 'Schönschauer']"
schießen,"['Anschießer', 'Bauchschießer', 'Einschuss', 'Eutergeschoss', 'Neujahrschießen', 'Schnellschießer']"
Gasse,"['Anschlaggasse', 'Breitegasse', 'Fleischgasse', 'Getreidgasse', 'Haugasse', 'Hemmgasse', 'Heugassen', 'Hohlgasse', 'Hohlgässlein', 'Höllgasse', 'Lausgasse', 'Läusegasse', 'Läusgasse', 'Mahdengasse', 'Nuttengasse', 'Sackgasse', 'Strichgässlein']"
Hammer,"['Anschlaghammer', 'Backsteinhammer', 'Beefsteakhammer', 'Bierhammer', 'Bossierhammer', 'Deichselhammer', 'Dengelhammer', 'Eisenhammer', 'Fleischhammer', 'Handhammer', 'Holzhammer', 'Koteletthammer', 'Maurerhammer', 'Maurershammer', 'Schrothammer', 'Spitzhammer', 'Spundhammer', 'Steinhammer', 'Steinhammerlein', 'Steinhämmerlein', 'Steinmetzhammer', 'Stockhammer', 'Vorschlaghammer', 'Vorsetzhammer', 'Zapfhammer']"
Tafel,"['Anschreibtafel', 'Anschreibtafelein', 'Aufschreibtafel', 'Biertaferl', 'Kreideltafel', 'Kreidetafel', 'Merktafel', 'Pumptafel', 'Schmiertafel', 'Schokoladentäfelein', 'Schuldentafel', 'Schuldentafelein', 'Schuldentäfelein', 'Schuldtafelein', 'Schwartentafel', 'Signaltäfelein', 'Sündentafel', 'Weistafel', 'Zechschuldentafel', 'Zechtafel', 'Zechtafelein']"
Schuss,"['Anschuss', 'Balkenvorschuss', 'Hemdschuss', 'Hexenschuss', 'Schreckschusstöpfer', 'Schuss', 'Schussel', 'Schusserer', 'Schusserin', 'Vorschuss']"
schwellen,"['Anschwellen', 'Eutergeschwulst', 'Euterschwellung', 'Kälbergeschwulst']"
schwarz,"['Anschwärzerlein', 'Gänseschwarz', 'Kohlrabenschwarzer', 'Kohlschwarzer', 'Schuhschwärze', 'Schühschwärze']"
Sicht,"['Ansicht', 'Aussicht', 'Aussichtige', 'Rücksicht', 'Vorsicht', 'Zuversicht', 'Übersicht']"
Karte,"['Ansichtskarte', 'Bahnkarte', 'Brunzkarter', 'Brunzkartler', 'Fahrkarte', 'Gourmetspeisekarte', 'Krebsfreifahrkarte', 'Perronkarte', 'Seichkarter', 'Zugkarte']"
Leiter,"['Ansitzleiter', 'Anstandsleiter', 'Aufsetzleiter', 'Bauchleiter', 'Bühnenlichtleiter', 'Dungleiter', 'Ernteleiter', 'Futterleiter', 'Försterleiter', 'Förstersleiter', 'Getreideleiter', 'Handleiter', 'Hasenleiter', 'Hennenleiter', 'Hennenleiterlein', 'Heuleiter', 'Heuleiterwagen', 'Heuwagenleiter', 'Hinkelleiter', 'Hinkelsleiter', 'Holzleiter', 'Hühnerleiter', 'Hühnerleiterchen', 'Hühnerleiterl', 'Hühnerleiterlein', 'Hünkeleinsleiter', 'Hünkelleiterlein', 'Hünkelsleiter', 'Jagdleiter', 'Jagleiter', 'Jägerleiter', 'Jägersleiter', 'Laubleiter', 'Mistleiter', 'Mistwagenleiter', 'Rehleiter', 'Sattelleiter', 'Sensenleiter', 'Streuleiter', 'Strohleiter', 'Treberleiter', 'Wagenleiter']"
Anstand,['Anstand']
stauen,"['Anstauung', 'Wasserstau']"
stellen,"['Ansteller', 'Bettgestell', 'Bettstattgestell', 'Fahrgestell', 'Großgestellter', 'Hintergestell', 'Holzbettgestell', 'Holzgestell', 'Jammergestell', 'Kartoffelgestell', 'Kleidergestell', 'Küchengeschirrgestell', 'Küchengestell', 'Lagerstelle', 'Mähgestell', 'Nachsteller', 'Pfluggestell', 'Schüsselgestell', 'Sensengestell', 'Sesselgestell', 'Tellergestell', 'Trockengestell', 'Türgestell', 'Unanstelliger', 'Untergestell', 'Vordergestell', 'Vorstellung', 'Wagenstell', 'Zurückgestellter', 'Zusammengestell', 'Zusammenstellung']"
stiften,"['Anstifeler', 'Anstifer', 'Anstifler', 'Anstifter', 'Anstiftler', 'Klassenanstifter', 'Teufelsanstifter', 'Unruhestifter', 'Unruhstifter', 'Unruhstifterin']"
Acker,"['Anstoßacker', 'Ausackerer', 'Baumackerlein', 'Drudenacker', 'Einwendacker', 'Erdbirnenherausackerer', 'Erdäpfelsacker', 'Felgenackern', 'Fleckelacker', 'Gallenacker', 'Gehracker', 'Gehrenacker', 'Geißäckerl', 'Getreidsacker', 'Geweischackern', 'Gottesacker', 'Grundbirnenacker', 'Halmacker', 'Halmackern', 'Halmfeldackern', 'Hasenackerlein', 'Hauptacker', 'Hexacker', 'Häuptacker', 'Keimackern', 'Kleeacker', 'Kleegrasacker', 'Krautacker', 'Länderacker', 'Nachbarsacker', 'Nassacker', 'Pfaffenäckerlein', 'Rodacker', 'Sandäckerlein', 'Saueracker', 'Scheißäckerlein', 'Spitzacker', 'Spitzackerl', 'Spitzackerlein', 'Spitzenacker', 'Steilacker', 'Steinäckerlein', 'Stopfelacker', 'Stoppelackern', 'Stoppelumzackern', 'Stoppelzackern', 'Stupfelacker', 'Stupfelackern', 'Stupfelzackern', 'Sturzacker', 'Sturzackern', 'Sturzelackern', 'Stüpfelackern', 'Sumpfacker', 'Wiesenacker', 'Zusammengeackertes', 'Zwergäckerlein', 'Zwickelacker', 'Äckerrain']"
streichen,"['Anstreicher', 'Aufgestrichenes', 'Aufstreichig', 'Aufstrich', 'Bartstreicher', 'Bügelstrich', 'Grenzstrich', 'Holzstrich', 'Landstreicher', 'Lausbubenstreich', 'Pflaumenstreiche', 'Rhönstrich', 'Sensenstrich', 'Stadtstreicher', 'Stück']"
streng,['Anstrengung']
stüren,"['Anstürer', 'Feuerstürer', 'Herumgestüre', 'Pflugstürer']"
Antiquität,['Antiquatsch']
tupfen,"['Antupf', 'Holztupfer']"
Recht,"['Anwendrecht', 'Aufwenderecht', 'Einwenderecht', 'Recht', 'Spessartrechtler', 'Trüpfrecht', 'Wenderecht', 'Wendrecht']"
wesen,"['Anwesen', 'Nestgewesel']"
warten,"['Anwärter', 'Aufwartung', 'Wegwartel']"
zeigen,"['Anzeige', 'Anzeiger', 'Anzeigerlein', 'Heiratsanzeige', 'Hochzeitsanzeige', 'Vermählungsanzeige', 'Zeiglein', 'Zeitungsanzeige']"
zünden,"['Anzünder', 'Aufzünder', 'Euterentzündung', 'Kniegelenkzündung', 'Kniescheibenzünder', 'Kniescheibenzündung', 'Kniezündung', 'Knochenzündung', 'Ofenzünder', 'Papieranzünder', 'Schneeanzünder', 'Schweißtropfenzünder', 'Schweißtropfenzündung', 'Spätzünder', 'Tausendzünder', 'Tretzündung', 'Wadenzündung', 'anzünden']"
Backe,"['Apfelbacke', 'Apfelbäckchen', 'Apfelbäcklein', 'Arschbacken', 'Backen', 'Backes', 'Bauschbacke', 'Bremsbacke', 'Deichselbacke', 'Deichselmaulbacke', 'Faustbäcklein', 'Fieberbacke', 'Fieberbäckchen', 'Fieberbäcklein', 'Goldbäcklein', 'Hamsterbacke', 'Hullerbäcklein', 'Hängebacke', 'Lungensuchtbacke', 'Ohrenbacke', 'Ohrenbäcklein', 'Pausbäckchen', 'Pausbäcklein', 'Pfusbacke', 'Platschbacke', 'Rosenbacke', 'Rotbäckchen', 'Rotbäcklein', 'Schleifbacke', 'Schmausbacke', 'Schmausbäckchen', 'Schmausbäcklein', 'Schweinebacke', 'Streifholzbacke', 'Wagenmaulbacke', 'Windenbacke', 'Äpfelbäcklein']"
backen,"['Apfelbackelein', 'Apfelbäckeslein', 'Auflaufbackelein', 'Backstoffel', 'Ballenbackelein', 'Biestbacke', 'Brezenbacken', 'Buttermilchbackelein', 'Eierbackes', 'Erdbirnbackelein', 'Erdbirnbackes', 'Erdbirnenbackelein', 'Erdbirnenbackes', 'Erdäpfelbäckeslein', 'Fleischbackelein', 'Fleischbackes', 'Fransenbackelein', 'Fransenbacker', 'Fransenbackes', 'Fransenklößbackelein', 'Gemeindebacköfen', 'Grießbackes', 'Grundbirnenbackelein', 'Grundbirnsbackes', 'Hackbackes', 'Hefegebäck', 'Herausbackenes', 'Herausbacketes', 'Hochzeitsgebäck', 'Kartoffelbackes', 'Kartoffelbackeslein', 'Kirchweihbacken', 'Kirchweihgebäck', 'Klößbacke', 'Klößbackelein', 'Krapfenbacken', 'Küchleinbacken', 'Matschbackes', 'Mehlbacker', 'Mehlbackes', 'Mehlbackeslein', 'Patakenbackes', 'Patakenbackeslein', 'Platzbäckerin', 'Rohbackes', 'Röhrenbackeslein', 'Schaffgebäck', 'Schlackenbackelein', 'Schläppenbackes', 'Schmalzgebackenes', 'Schmorkelbackes', 'Schneckenbecke', 'Stampfbackelein', 'Stärkebackes', 'Transchbackes', 'Waffelbäck', 'Weihnachtgebäck', 'Weizenbackes', 'Zwieback', 'Äpfelbäckeslein']"
Baum,"['Apfelbaum', 'Apfelbäume', 'Apfelbäumlein', 'Armbaum', 'Birkenbaum', 'Birnbaum', 'Christbaum', 'Christbäumlein', 'Erlenbaum', 'Eschenbaum', 'Feigeleinsbaum', 'Festbaum', 'Fichtenbäumchen', 'Fichtennadelbaum', 'Firstbaum', 'Föhrenbaum', 'Hahnenbaum', 'Hemmbaum', 'Henkelbaum', 'Heubaum', 'Hängebaum', 'Kirchweihbaum', 'Kirchweihbäumlein', 'Kirchweihsbaum', 'Kirmesbaum', 'Kirschbaum', 'Kirschenbaum', 'Kletterbaum', 'Kriecheleinbaum', 'Krüppelbaum', 'Langholzbaum', 'Laubbaum', 'Leiterbaum', 'Lichterbäumchen', 'Lärchenbaum', 'Lärchenbaumes', 'Mai', 'Maibaum', 'Maibäumlein', 'Maienbaum', 'Maienbäumchen', 'Mantelbaum', 'Mehlbeerenbaum', 'Mehlbeerleinsbaum', 'Oberleiterbaum', 'Ofenbaum', 'Pappelbaum', 'Pfingstbaum', 'Planbaum', 'Purzelbaum', 'Reisigbaum', 'Rußbaum', 'Sambaum', 'Samenbaum', 'Sandbaum', 'Schachtelbaum', 'Scherbaum', 'Schießbaum', 'Schlehenbaum', 'Schleifbaum', 'Schlittenbaum', 'Schmerbaum', 'Schrötbaum', 'Stinkbaum', 'Streubaum', 'Tannenbaum', 'Tragbaum', 'Trägerbaum', 'Unterleiterbaum', 'Vogelbaum', 'Vogelbeer', 'Vogelbeerbaum', 'Vogelbeerleinbaum', 'Vögelbaum', 'Vögelbeerbaum', 'Vögelbeerleinbaum', 'Vögelsbeerbaum', 'Vögelsbeerebaum', 'Vögelskirschebaum', 'Waldbaum', 'Watschenbaum', 'Wehrbaum', 'Weidenbaum', 'Wetterbaum', 'Wiesbaum', 'Würstchenbaum', 'Zukunftsbaum', 'Zwetschgenbaumes', 'Zündhölzleinsbaum']"
Blatt,"['Apfelblatter', 'Beerenblatter', 'Butterblatt', 'Butterblättlein', 'Dengelblättchen', 'Dengelblättlein', 'Dockenblatt', 'Dorfblättel', 'Dorfblättlein', 'Dorftagblatt', 'Duftblättlein', 'Dürrblättlein', 'Eiterblatt', 'Farnblatt', 'Feigenblatt', 'Feuerblättlein', 'Fraublättlein', 'Frauenblatt', 'Frauenblättel', 'Frauenblättlein', 'Geißblatt', 'Gemeindeblatt', 'Gemeindeblättlein', 'Geschmackblättlein', 'Grabblatt', 'Grabscheitblatt', 'Herzblatt', 'Herzblattel', 'Herzblattlein', 'Herzblättchen', 'Herzblättel', 'Herzblättlein', 'Herzelblättlein', 'Hetschenblättlein', 'Hufblatt', 'Kastanienblatt', 'Klappererblatt', 'Kleeblättlein', 'Knallblättchen', 'Knallblättlein', 'Knolleblätterpilz', 'Käsblättlein', 'Köhlblätter', 'Larvenblatt', 'Latterblatt', 'Lattichblatt', 'Lattleinsblatt', 'Latusablatt', 'Laubblätter', 'Lärchenblatt', 'Lärchenblättlein', 'Lärchesblatt', 'Lätterblatt', 'Magenblätter', 'Mohnblättlein', 'Nachrichtenblatt', 'Nussblatt', 'Ohnmachtsblättlein', 'Patakenblättlein', 'Pfauenblättlein', 'Pfefferminzblatt', 'Pfefferminzblättlein', 'Platschenblatt', 'Pulverblattlein', 'Pulverblättchen', 'Pulverblättlein', 'Rahmblatt', 'Rangesblättlein', 'Reibblatt', 'Riechblatt', 'Riechblättel', 'Riechblättlein', 'Rosenblatt', 'Rosenblättlein', 'Rotlaufblatt', 'Rübenblatt', 'Salbeiblatt', 'Scharblatt', 'Schaufelblatt', 'Scheißhausblättel', 'Schießblättchen', 'Schießblättlein', 'Schmeckblatt', 'Schmeckblättchen', 'Schmeckblättlein', 'Schmeckenblatt', 'Schmeckenblättel', 'Schmeckenblättlein', 'Schmeckensblättlein', 'Schmeckerblattlein', 'Schnakenblatt', 'Schnuffelblatt', 'Schnupperblatt', 'Schorerblatt', 'Schulterblättlein', 'Schwarzblättlein', 'Schwedenblatt', 'Sensenblatt', 'Sensenblättel', 'Sonntagsblättlein', 'Spannsägblatt', 'Spatenblatt', 'Stadtblättel', 'Stadtblättlein', 'Stechblatt', 'Stecheisenblatt', 'Stechscheitblatt', 'Sägblatt', 'Sägblattel', 'Sägblattlein', 'Sägblättel', 'Sägblättlein', 'Sägeblatt', 'Sägeblättlein', 'Sägenblatt', 'Sägenblattlein', 'Sägenblättlein', 'Tagblatt', 'Tagblattel', 'Tagblättlein', 'Tageblatt', 'Tagesblatt', 'Waldsägblatt', 'Wanzenblätter', 'Wochenblättel', 'Wochenblättlein', 'Zeitungsblättlein', 'Zündblattel', 'Zündblättchen', 'Zündblättel', 'Zündblättlein']"
Brei,"['Apfelbrei', 'Apfelsbrei', 'Apfelzwetschgenbrei', 'Beizelbrei', 'Bettelbrei', 'Bumserbrei', 'Erdapfelbrei', 'Erdbirnbrei', 'Erdbirnenbrei', 'Erdäpfelbrei', 'Erdäpfelsbrei', 'Erdäpfelsbreilein', 'Grießbrei', 'Grundbirnenbrei', 'Grundbirnensbrei', 'Grundbirnsbrei', 'Hafenbrei', 'Hiefenbrei', 'Hutzelbrei', 'Kartoffelbrei', 'Kartoffelsbrei', 'Katzenbrei', 'Krischenbrei', 'Lätschebrei', 'Matschbrei', 'Matschebrei', 'Obstbrei', 'Patakenbrei', 'Pflaumenbrei', 'Wulgerbrei', 'Wulgerleinbrei', 'Würgeleinbrei', 'Zwetschgenbrei', 'Zwetschgesbrei', 'Äpfelbrei']"
Brocken,"['Apfelbrocker', 'Beißbröckelchen', 'Brotbrocken', 'Einbrocken', 'Einbrockig', 'Eingebrockes', 'Eingebrockig', 'Eingebrockte', 'Eingebrocktes', 'Eingebröckeltes', 'Eisbrocken', 'Erdbirnenbröckelein', 'Erdbirnenbröcklein', 'Erdäpfelbrocken', 'Erdäpfelsbrocken', 'Erdäpfelsbröckelein', 'Erdäpfelsklößbrocken', 'Feldbrocken', 'Fettbröckelein', 'Grundbirnbröckelein', 'Grundbirnenbröckelein', 'Grundbirnklößbröckelein', 'Hitzbrocken', 'Holzbrocken', 'Hundsbrocken', 'Hütesbröckelein', 'Kaffeebrocken', 'Kandelsbrocken', 'Kandisbrocken', 'Kartoffelbröckelein', 'Kloßbröckelein', 'Klößbrandlein', 'Klößbrocken', 'Klößbröckelein', 'Klößebrocken', 'Klößebröckelchen', 'Klößebröckelein', 'Knödelbröckelein', 'Knödeleinbröckelein', 'Kohlenbrocken', 'Kotzbrocken', 'Kuchenbröckelein', 'Matschbrocken', 'Maulbröckelein', 'Mordsbrock', 'Mordsbrocken', 'Mordsbröckel', 'Nudelbröckelein', 'Nudelbröcklein', 'Platzbröckelein', 'Röstbröckelein', 'Saubrocken', 'Schinkenbröckelein', 'Schneebrocken', 'Semmelbrocken', 'Semmelbröckel', 'Semmelbröckelein', 'Sodabrocken', 'Spatzenbröckelein', 'Speckbrocker', 'Speckbröckel', 'Speckbröckelein', 'Steinbrocken', 'Stollenbröckelein', 'Weckbrocken', 'Weckbröckchen', 'Weckbröckel', 'Weckbröckelchen', 'Weckbröckelein', 'Weckbröcklein', 'Zuckerbrocken', 'Äpfelbrocker']"
Datsch,"['Apfeldatschi', 'Apfeldätscher', 'Apfeldötsch', 'Bettelmannsdatsch', 'Brotdatscher', 'Dotsch', 'Dotsche', 'Dütsche', 'Eierdatsch', 'Erdbirndatsche', 'Erdbirnendatsche', 'Erdäpfeldätsch', 'Erdäpfelsdotsche', 'Erdäpfelsdotschen', 'Erdäpfelsdutschlein', 'Erdäpfelsdätsch', 'Erdäpfelsdätsche', 'Erdäpfelsdätscher', 'Grundbirndatsche', 'Grundbirnendatsche', 'Grundbirnendatscher', 'Kartoffeldatsche', 'Kartoffeldatscher', 'Kartoffeldutschlein', 'Kartoffeldätscher', 'Kartoffelsdätscher', 'Knödelditschen', 'Korndatschel', 'Linkerdatsch', 'Luckidätsche', 'Reibdatsche', 'Reibedatsch', 'Reibedätsche', 'Reiberdatsch', 'Reiberdatsche', 'Reiberdatschen', 'Wasserdatsche', 'Zwetschgendatschi', 'Äpfeldätschlein']"
Haken,"['Apfelhaken', 'Aufsperrhaken', 'Bankhaken', 'Brunnenhäkel', 'Einhäkelung', 'Einhänghaken', 'Eisenhaken', 'Enterhaken', 'Fanghaken', 'Feuerhakel', 'Feuerhakelein', 'Feuerhaken', 'Feuerhäkel', 'Fingerhakeln', 'Fleischhaken', 'Floßhaken', 'Gewandhaken', 'Hemmschuhhaken', 'Holzhaken', 'Kettenhaken', 'Klammhaken', 'Kleiderhaken', 'Lichthaken', 'Misthaken', 'Neidhake', 'Neidhaklein', 'Neidhäkelein', 'Nesthakelein', 'Nesthaken', 'Nesthäcklein', 'Nesthäkchen', 'Nesthäkel', 'Nesthäkelein', 'Nesthäklein', 'Nestkhäkelein', 'Ofenhaken', 'Ofenhäkel', 'Pfaffenhaken', 'Queckenhaken', 'Reißhaken', 'Sammethaken', 'Scherhaken', 'Schillscheithaken', 'Schippenhaken', 'Schließhaken', 'Schnatthaken', 'Schürhaken', 'Schürhäkel', 'Schürhäkelein', 'Schürhäklein', 'Sensenhaken', 'Sperrhaken', 'Spitzbankhaken', 'Waaghaken', 'Wasserhäkel', 'Wetterhaken', 'Zughaken']"
Herz,"['Apfelherzel', 'Apfelherzlein', 'Hasenherz', 'Lehrerherzelein']"
Kammer,"['Apfelkammer', 'Bettkammer', 'Fechtkammer', 'Futterkammer', 'Futterkämmerlein', 'Gerümpelkammer', 'Graskammer', 'Halmkammer', 'Hennenkammer', 'Lumpenkammer', 'Nebenkammer', 'Plempelkammer', 'Pumserkammer', 'Rumpelkammer', 'Rübenkammer', 'Schlafkammer', 'Schlafkämmerlein', 'Speisekammer', 'Stubenkammer', 'Stubenskammer']"
Kasten,"['Apfelkasten', 'Ascherkasten', 'Bettkasten', 'Blumenkasten', 'Briefkasten', 'Brotkasten', 'Brotkästlein', 'Brutkasten', 'Dreschkasten', 'Esskästlein', 'Federkasten', 'Federkästlein', 'Fiedelkasten', 'Futterkasten', 'Gemeindekasten', 'Geschirrkasten', 'Gewandkasten', 'Glaskasten', 'Griffelkasten', 'Griffelkästlein', 'Hamsterkasten', 'Hirnkastel', 'Holzkasten', 'Jammerkasten', 'Kartoffelkasten', 'Klapperkasten', 'Kleiderkasten', 'Kleiekasten', 'Klimperkasten', 'Kohlenkasten', 'Kommodenkasten', 'Kratzkasten', 'Kreuzkasten', 'Küchenkasten', 'Lahmkasten', 'Leierkasten', 'Malkasten', 'Mehlkasten', 'Mordskasten', 'Narrenkasten', 'Nistkasten', 'Nistkästlein', 'Rechenkastel', 'Rechenkasten', 'Rechenkastlein', 'Rechenkästlein', 'Riesenkasten', 'Rohrkasten', 'Rumpelkasten', 'Röhrenkasten', 'Salzkasten', 'Salzkästel', 'Salzkästlein', 'Schieferkasten', 'Schieferkästel', 'Schieferkästlein', 'Schlittkästlein', 'Schreibzeugkästchen', 'Schrotkasten', 'Schulkasten', 'Speisekasten', 'Spitzkästlein', 'Starenkasten', 'Starenkästlein', 'Starenskasten', 'Stiftkasten', 'Stiftkästlein', 'Stiftleinskasten', 'Stiftleinskästlein', 'Säukasten', 'Tischkasten', 'Treberkasten', 'Tuschkasten', 'Vogelkastel', 'Vogelkasten', 'Vogelskasten', 'Vorratskasten', 'Vögelskasten', 'Vögelskästlein', 'Wasserkasten', 'Weißzeugkasten', 'Wimmerkasten', 'Wäschekasten', 'Wäschkasten']"
Kiste,"['Apfelkiste', 'Apfelkistlein', 'Aussteuerkiste', 'Bettkiste', 'Dampfkiste', 'Fettkiste', 'Fleischkiste', 'Flohkiste', 'Futterkiste', 'Futterkistlein', 'Futtermehlkiste', 'Holzkistlein', 'Klapperkiste', 'Kleiekiste', 'Kraftfutterkiste', 'Kratzkiste', 'Kratzkistlein', 'Käsekiste', 'Käskiste', 'Obstkiste', 'Raffelkiste', 'Rappelkiste', 'Rumpelkiste', 'Salzkiste', 'Salzkistlein', 'Schepperskiste', 'Schrotkiste', 'Schrottkiste', 'Starenkiste', 'Trampelkiste', 'Viehsalzkiste']"
Krapfen,"['Apfelkrapfen', 'Apfelkrapflein', 'Apfelkräpflein', 'Erdbirnenkräpflein', 'Erdbirnkrapflein', 'Erdäpfelkräpflein', 'Faschingskrapfen', 'Fleischkrapflein', 'Fleischkräpfchen', 'Grundbirnenkrapflein', 'Grundbirnenkräpflein', 'Grundbirnkrapfen', 'Grundbirnkrapflein', 'Grundbirnkräpflein', 'Hackfleischkräpflein', 'Handkrapfen', 'Hutkrapfen', 'Kartoffelkrapflein', 'Kartoffelkräpfchen', 'Kartoffelkräpflein', 'Kirchweihkrapfen', 'Kirchweihskrapfen', 'Stumpeskrapfen', 'Wasserkrapfen', 'Zwetschgenkrapfen', 'Äpfelkräpflein', 'Äpfelskräpflein']"
Kreben,"['Apfelkrebelein', 'Apfelkreben', 'Futterkreben', 'Henkelkreben', 'Huckelkreben', 'Pflückkreblein', 'Steinkreben']"
Krätze,"['Apfelkrätze', 'Apfelkrätzlein', 'Armkrätze', 'Blattkrätze', 'Brockkrätze', 'Erdapfelkrätzlein', 'Erdbirnenkrätzlein', 'Erdäpfelskrätze', 'Futterkrätze', 'Kartoffelkrätzlein', 'Leerkrätze', 'Steinkrätze', 'Streukrätze', 'Wäschekrätze', 'Wäschkrätze']"
Kopf,"['Apfelköpflein', 'Balkenkopf', 'Barrasdickkopf', 'Barraskopf', 'Baumkopf', 'Bayernkopf', 'Beetkopf', 'Beinkopf', 'Beißkopf', 'Blaschkopf', 'Blitzkopf', 'Brauskopf', 'Brozkobf', 'Bubikopf', 'Buchkopf', 'Bürstenkopf', 'Dachskopf', 'Dengelkopf', 'Dickkopf', 'Dickkopfeter', 'Dickköpflein', 'Dorschenkopf', 'Dummkopf', 'Dutzikopf', 'Döskopf', 'Erbsenkopf', 'Erdbirnenkopf', 'Feldkopf', 'Fettkopf', 'Flaschenkopf', 'Froschkopf', 'Gaulskopf', 'Geschwollkopf', 'Gießerkopf', 'Gießkannenkopf', 'Gießkopf', 'Gipskopf', 'Glanzkopf', 'Glatzkopf', 'Glatzköpfeter', 'Glatzköpfiger', 'Grindkopf', 'Großkopf', 'Großköpfeter', 'Grützkopf', 'Gulaschkopf', 'Heukopf', 'Hitzekopf', 'Hitzkopf', 'Hohlkopf', 'Holzkopf', 'Hundskopf', 'Igelkopf', 'Igelskopf', 'Kahlkopf', 'Kalbskopf', 'Kappeskopf', 'Katzenkopf', 'Kehlkopf', 'Kindskopf', 'Klößkopf', 'Knallkopf', 'Knorzkopf', 'Knurrenkopf', 'Krauskopf', 'Krautskopf', 'Kreuzkopf', 'Käseköpper', 'Kürbiskopf', 'Lockenköpflein', 'Läusekopf', 'Mohnköpflein', 'Mohrenkopf', 'Mostkopf', 'Muffkopf', 'Mückenköpflein', 'Ochsenkopf', 'Pappelkopf', 'Pappkopf', 'Patschkopf', 'Pfeifenkopf', 'Pferdkopf', 'Pfettenkopf', 'Pfälzerköpfel', 'Plattkopf', 'Plattköpfiger', 'Pletzkopf', 'Quatschkopf', 'Queckenkopf', 'Querkopf', 'Rappelkopf', 'Rosskopf', 'Rupfkopf', 'Ruschelkopf', 'Salatkopf', 'Saudickkopf', 'Saukopf', 'Schafkopf', 'Schafkopfen', 'Schafskopf', 'Schmalzkopf', 'Schmarrkopf', 'Schrumpelkopf', 'Schwachkopf', 'Schwefelkopf', 'Schweinskopf', 'Schwollkopf', 'Schwätzkopf', 'Schüttelkopf', 'Seiherkopf', 'Sensenkopf', 'Sprengkopf', 'Spritzkopf', 'Starrkopf', 'Starrzkopf', 'Stiftekopf', 'Streitkopf', 'Strohkopf', 'Strubbelkopf', 'Sturkopf', 'Stutzkopf', 'Säukopf', 'Tassenkopf', 'Trotzkopf', 'Trotzköpflein', 'Vorkopf', 'Vorschussbalkenkopf', 'Wasserkopf', 'Weidenkopf', 'Wirrkopf', 'Wuschelkopf', 'Zottelkopf']"
Most,"['Apfelmost', 'Hollermost', 'Pfarrmost']"
Mus,"['Apfelmus', 'Apfelzwetschgenmus', 'Erdbirnenmus', 'Kartoffelmus', 'Marmeladenmus', 'Mischmus', 'Pflaumenmus', 'Rührigmus', 'Zwetschgenmus', 'Zwetschgenmuserig', 'Äpfelmus']"
pflücken,"['Apfelpflücken', 'Apfelpflücker', 'Beerenpflücker', 'Beerpflücker', 'Brombeerenpflücker', 'Heidelbeerenpflücker', 'Reisigpflücken', 'Schwarzbeerpflücker', 'Trumpelpflücker', 'Äpfelpflücke']"
Pfanne,"['Apfelpfännkelein', 'Dachpfanne', 'Dickpfanne', 'Grumbirnpfankel', 'Grundbirnennpfankel', 'Grundbirnenpfankel', 'Grundbirnenpfankelein', 'Grundbirnenpfankich', 'Grundbirnenpfannkel', 'Grundbirnenpfannkelein', 'Grundbirnenpfänkelein', 'Grundbirnpfankel', 'Grundbirnpfankelein', 'Hefeklößepfanne', 'Kartoffelpfankel', 'Mehlpfankel', 'Omelettenpfanne', 'Schlüsselbeinpfanne', 'Stumpespfankel', 'Stumpespfannkel', 'Wasserpfanne', 'Äpfelpfännkelein']"
Prapps,"['Apfelprampes', 'Gerstenprapps', 'Mehlpramslöffel', 'Prampes', 'Stumpesprapps']"
Saft,"['Apfelsaft', 'Gerstensaft', 'Holdersaft', 'Hollersaft', 'Holundersaft', 'Hopfensaft']"
Schelfe,"['Apfelschelfe', 'Eierschelfe', 'Eierschelflein', 'Eisschelfe', 'Erdbirnenschelfe', 'Erdbirnschelfe', 'Erdäpfelschelfe', 'Gackeleinschelfe', 'Gackeleinsschelfe', 'Grundbirnenschelfe', 'Kartoffelschelfe', 'Körnleinschelfe', 'Patakenschelfe', 'Patakenschelfl', 'Patakenschelfm', 'Stachelbeerelschelfe', 'Stachelbeerschelfe', 'Äpfelschelfe']"
Schelze,"['Apfelschelze', 'Beerenschelze', 'Eisschelze', 'Erdbirnenschelze', 'Erdäpfelschelze', 'Rasenschnelze', 'Äpfelschelze']"
Schimmel,"['Apfelschimmel', 'Barrasschimmel', 'Grauschimmel', 'Schimmelein']"
schnitzen,"['Apfelschnitz', 'Erdbirnenschnitz', 'Erdbirnschnitz', 'Erdbirnschnitzelein', 'Erdäpfelschnitz', 'Erdäpfelschnitzlein', 'Erdäpfelsschnitz', 'Griffelschnitzer', 'Grundbirnenschnitze', 'Grundbirnschnitz', 'Holzgeschnitzter', 'Hutzelschnitz', 'Kartoffelklößschnitze', 'Kartoffelschnitz', 'Katzenschnitzer', 'Kloßschnitz', 'Knöpfeschnitze', 'Kässchnitzer', 'Patakenschnitz', 'Pemperschnitzer', 'Rübenschnitz', 'Schlappenschnitzer', 'Schleißenschnitzer', 'Schnipselein', 'Spanschnitzer', 'Zitronenschnitz', 'Zuckerrübenschnitzel', 'Äpfelschnitzlein']"
spalten,"['Apfelspalge', 'Apfelspalglein', 'Apfelspälglein', 'Haarspalt', 'Lausspalt']"
Strudel,"['Apfelstrudel', 'Erdbirnstrudel', 'Äpfelstrudel']"
Wein,"['Apfelwein', 'Champagnerwein', 'Eierwein', 'Gänsewein', 'Hampererwein', 'Hiefenwein', 'Hieftenwein', 'Hieftwein', 'Holderwein', 'Hollerbeerenwein', 'Hollerwein', 'Holunderwein', 'Perlwein', 'Schaumwein', 'Schlehenwein', 'Soldatenwein', 'Wermutwein', 'Äpfelwein']"
Mütze,"['Apfelweinmütze', 'Bambelmütze', 'Barrasmütze', 'Barrasmützlein', 'Baskenmütze', 'Bischofsmütze', 'Bommelmütze', 'Bompelmütze', 'Bubenmütze', 'Bummelmütze', 'Bümmelmütze', 'Dollenmütze', 'Hockeymütze', 'Karusellschiebersmütze', 'Luckimütze', 'Patschmütze', 'Pudelmütze', 'Radfahrmütze', 'Reisemütze', 'Schiebermütze', 'Schildmütze', 'Schirmmütze', 'Schlafmütze', 'Schlägermütze', 'Schottenmütze', 'Sonntagmütze', 'Sportmütze', 'Stenzenmütze', 'Strickmütze', 'Troddelmütze', 'Trollermütze', 'Zipfelmütze', 'Zobelmütze']"
schleichen,"['Apostelschleicher', 'Erbschleicher', 'Erbschleicherei', 'Erbschleicherin', 'Hereingeschlichener', 'Jerusalemsschleicher', 'Jesusschleicher', 'Kapuzinerschleicher']"
Happen,"['Appetithäppchen', 'Brothapplein']"
glotzen,"['Aprilglotzer', 'Aprilsglotzer', 'Brillenglotzer', 'Brillenglotzerin', 'Brillenglötzerin', 'Eierglotzer', 'Geißglotz', 'Glotzofon', 'Marktglotzer', 'Märzglotzer', 'Sauglotzer', 'Säuglotzer']"
gucken,"['Aprilgucker', 'Brillengucker', 'Brillenguckerin', 'Himmelgucken', 'Hühnergucke', 'Mädleingucker', 'Mädleinsgucker', 'Schlaggucke', 'Sterngucker', 'Sternguckerin', 'Säuguckelein']"
Gacks,"['Aprilgäckel', 'Arschgackes', 'Fasenachtsgack', 'Gickes', 'Poppesgäckes']"
Matsch,"['Aprilmatsch', 'Dreckmatsch', 'Dreckmatscher', 'Saumatsch', 'Schlammatsch', 'Schneegematsch', 'Schneematsch', 'Schneematschig', 'Tenngematsche', 'Tenngemätsche']"
Max,['Aprilmax']
sausen,"['Aprilsauser', 'Schluchtensauser', 'Windsause']"
Schauder,['Aprilschaudern']
Schauer,"['Aprilschauer', 'Schneeschauer']"
schicken,['Aprilschickel']
Schloße,['Aprilschloße']
Schote,"['Aprilschote', 'Hasenschote', 'Mannsbilderschote', 'Taubenschote', 'Weibsbilderschote']"
Schuster,"['Aprilschuster', 'Flickschusterei', 'Galoppschuster', 'Krawallschuster', 'Krawallschusterin', 'Narrenschuster', 'Windschuster']"
Sturm,"['Aprilsturm', 'Glockensturm', 'Glockenstürmer', 'Mordsstürmer', 'Schneesturm', 'Wirbelsturm']"
stöbern,"['Aprilstöberer', 'Aprilstöbern', 'Frühjahrsstöberei', 'Frühjahrsstöbern', 'Frühjahrstöber', 'Schneegestöber', 'Schneestöberer']"
Trasch,['Apriltrasch']
Bagage,['Araberbagage']
Biene,"['Arbeitsbiene', 'Erdbiene', 'Hausbiene', 'Jungbiene', 'Mehlbiene', 'Mistbiene', 'Pappelbiene', 'Weiselbiene']"
Bluse,"['Arbeitsbluse', 'Arbeitsblusen', 'Kirchweihblüslein', 'Stallbluse']"
Frack,"['Arbeitsfrack', 'Bierfrack', 'Kirchenfrack', 'Kirchenfräcklein', 'Kirchweihfrack', 'Schössfrack', 'Schößelfrack', 'Spatzenfrack', 'Spenzerfrack', 'Stadelfrack', 'Stadterfrack', 'Stadtfrack', 'Stadtfräckchen']"
hetzen,"['Arbeitshetzer', 'Aufhetzer', 'Mordshetze', 'Saugehetz', 'Sauhetze']"
Montur,"['Arbeitsmontur', 'Ausgehmontur', 'Barrasmontur', 'Kirchweihmontur', 'Sonntagmontur', 'Sonntagsmontur', 'Sonntagsnachmittagsausgehmontur', 'Werktagsmontur', 'Übermontur']"
Tier,"['Arbeitstier', 'Handtier', 'Haustier', 'Haustierlein', 'Klauentiere', 'Kleintier', 'Kleintierzüchter', 'Schmaltier', 'Schneckentierlein', 'Stinktier', 'Trampeltier', 'Wildtier']"
Stickel,"['Arkstickel', 'Bohnenstickel', 'Gartenstickel', 'Klafterstickel', 'Laubstickel', 'Mainstickel', 'Zahnstickel', 'Zaunstickel']"
Bund,"['Armbündlein', 'Bauchbund', 'Besenbündel', 'Bünd', 'Bündel', 'Deiselbündelein', 'Dornbündel', 'Dotenbündel', 'Drudenbund', 'Eichenbündlein', 'Fichtenbündelein', 'Getreidebündel', 'Haselnussbündelein', 'Hetzbündel', 'Hirnbund', 'Hochzeitbündel', 'Hochzeitsbündel', 'Hoffartsbündel', 'Holzbündlein', 'Hurenbündel', 'Kinnbund', 'Kirchweihbündel', 'Kirchweihsbündel', 'Kopfbund', 'Krakelbündel', 'Lindenbündlein', 'Läusbündel', 'Nervenbündel', 'Patenbündel', 'Pfälzerbund', 'Prasselbündelein', 'Prasselbüschelein', 'Reisigbündel', 'Reisigbündelein', 'Reisigbündlein', 'Reisiggebündelein', 'Reisiggebündlein', 'Reisigsbündel', 'Reisigsbündlein', 'Reisigsgebündlein', 'Saubündel', 'Schaubbündel', 'Schilfbündel', 'Stirnbund', 'Streubündelein', 'Streubüschel', 'Streubüschelein', 'Strohbündel', 'Strohbündlein', 'Taufbündel', 'Wellenbündel', 'Zwerchbündel', 'Zwetschgenbündel']"
Schlitten,"['Armeleuteschlitten', 'Bahngeschlitten', 'Bahnschlitten', 'Baucherschlitten', 'Bauernschlitten', 'Bauholzschlitten', 'Beckenschlittlein', 'Blockschlitten', 'Bobschlitten', 'Bockeleinsschlitten', 'Bockelschlitten', 'Bockleinsschlitten', 'Bockschlitten', 'Bogenschlitten', 'Bretterschlitten', 'Böckleinschlitten', 'Doppelschlitten', 'Dornschlitten', 'Eggenschlitten', 'Eisschlitten', 'Fabrikschlitten', 'Fassschlitten', 'Fuhrschlitten', 'Gaulleinschlitten', 'Gaulschlitten', 'Geißschlitten', 'Geländerschlitten', 'Gespannschlitten', 'Gäulschlitten', 'Gäulsschlitten', 'Handlastschlitten', 'Handrodelschlitten', 'Handschlitten', 'Heuschlittlein', 'Hochzeitsschlitten', 'Holzabfuhrschlitten', 'Holzschlitten', 'Holztransportdoppelschlitten', 'Hornschlitten', 'Hundeschlitten', 'Hörnerschlitten', 'Hörnleinschlitten', 'Hörnleinsschlitten', 'Hüttenschlitten', 'Kastenschlitten', 'Kinderrodelschlitten', 'Kinderschlitten', 'Kipfenschlitten', 'Kipfschlitten', 'Kistenschlitten', 'Kleinkinderschlitten', 'Kohlenschlitten', 'Krätzenschlitten', 'Kufenschlitten', 'Kühschlitten', 'Langholzschlitten', 'Langschlitten', 'Lastschlitten', 'Leiterleinsschlitten', 'Luxusschlitten', 'Metallschlitten', 'Milchschlitten', 'Mistschlitten', 'Mühlenschlitten', 'Müllerschlitten', 'Ochsenschlitten', 'Pferdeschlitten', 'Pferdleinschlitten', 'Rangschlitten', 'Reibschlitten', 'Rennrodelschlitten', 'Rennschlitten', 'Renntierschlitten', 'Rodelschlitten', 'Rollschlittlein', 'Rossschlitten', 'Rundhörnerschlitten', 'Räumschlitten', 'Sanitätsschlitten', 'Schleifschlitten', 'Schleppschlitten', 'Schlittenhörschel', 'Schlittschuhschlitten', 'Schneeschlitten', 'Schorschlitten', 'Sesseleinsschlitten', 'Spazierschlitten', 'Spießschlitten', 'Spurschlitten', 'Stachelschlitten', 'Stechschlitten', 'Steinschlitten', 'Strohschlitten', 'Stuhlschlitten', 'Stämmschlitten', 'Tafelschlitten', 'Teichschlitten', 'Trageschlitten', 'Tragschlitten', 'Transportschlitten', 'Wagenschlitten', 'Wasserschlitten', 'Weinschlitten', 'Wurstschlitten', 'Zerrschlitten', 'Ziehschlitten', 'Ziehschlittten', 'Zugschlitten']"
Gelte,"['Armeleutsgelte', 'Fleischgelte', 'Kälbleinsgeltlein', 'Melkgelte', 'Milchgelte', 'Nassgelte', 'Saufgelte', 'Saufgeltlein', 'Tränkgelte', 'Wassergelte']"
Tabak,"['Armenleutstabak', 'Hasentabak', 'Pristabak', 'Schnupftabak', 'Schnupftabakspiffer', 'Teufelschnupftabak', 'Teufelsschnupftabak', 'Teufelstabak']"
Keil,"['Armkeil', 'Berstkeil', 'Blitzkeil', 'Borstkeil', 'Bremskeil', 'Donnerkeil', 'Donnerkeiler', 'Eisenkeil', 'Eisenkeitel', 'Gewirrekeil', 'Gewitterkeil', 'Haukeil', 'Herzkeil', 'Holzkeil', 'Holzkeitel', 'Holzspältkeil', 'Kipfkeil', 'Kipfstockkeil', 'Kliebkeil', 'Schleifkeil', 'Schoßkeil', 'Schutzkeil', 'Setzkeil', 'Spaltkeil', 'Sprengkeil', 'Spältkeil', 'Stockkeil', 'Stöckkeil', 'Sägekeil', 'Tirolkeil', 'Tragkeil', 'Treibkeil']"
leuchten,"['Armleuchter', 'Golleuchter', 'Kellerleuchtlein', 'Kipfenleuchter', 'Wetterleuchten', 'Wetterleuchter', 'wetterleuchten']"
schlupfen,"['Armschlupfer', 'Handschlupfer']"
schützen,['Armschützer']
stauchen,"['Armstaucher', 'Handstauchelein', 'Handstaucher', 'Handstaucherlein']"
voll,"['Armvoll', 'Armvollein', 'Armvollvoll', 'Bandvoll', 'Barnvoll', 'Bergvoll', 'Bottichvoll', 'Brutvoll', 'Eimervoll', 'Fingerhutvoll', 'Gackselvoll', 'Gacksvoll', 'Garbenhandvoll', 'Gatzelvoll', 'Gatzvoll', 'Gluckvoll', 'Goschevoll', 'Gurgelvoll', 'Gäcksvoll', 'Hafenvoll', 'Handvoll', 'Handvollchen', 'Handvollein', 'Handvollvoll', 'Heuwagenvoll', 'Händelvoll', 'Händleinvoll', 'Klatschevoll', 'Krebenvoll', 'Kuhmaulvoll', 'Kübelvoll', 'Kühmaulvoll', 'Kühtrogvoll', 'Leitervoll', 'Matschkufenvoll', 'Maulvoll', 'Mundvoll', 'Mundvollchen', 'Mundvollein', 'Mäuleinvoll', 'Nasenlochvoll', 'Nestleinvoll', 'Nestvoll', 'Pratzevoll', 'Ranzenvoll', 'Reffvoll', 'Reisigarmvoll', 'Reisigarmvollein', 'Schiebschüsselvoll', 'Schleppenvoll', 'Schwenkkesselvoll', 'Schübelvoll', 'Schüsselvoll', 'Sichelvoll', 'Spülschüsselvoll', 'Stiefelvoll', 'Ständervoll', 'Teigschüsselvoll', 'Tellervoll', 'Tiegelvoll', 'Topfvoll', 'Trogvoll', 'Tätschleinvoll', 'Wagenvoll', 'Wannevoll', 'Wurfvoll', 'Zubervoll', 'Ärmvollein']"
Scheitel,"['Arschbackenscheitel', 'Arschscheitel', 'Augenscheitel', 'Augscheitel', 'Konfirmandenscheitel', 'Leutnantscheitel', 'Mittelscheitel', 'Poposcheitel', 'Poppesscheitel', 'Schießscheitel', 'Schleimscheitel', 'Schussscheitel', 'Wasserscheitel']"
Birne,"['Arschbirne', 'Braterdbirne', 'Bratgrundbirne', 'Bratgrundbirnlein', 'Butterbirne', 'Erdbirnbaunze', 'Erdbirnbaunzlein', 'Erdbirndatscherlein', 'Erdbirnditscherlein', 'Erdbirne', 'Erdbirnenbäuchlein', 'Erdbirnendätscher', 'Erdbirneneinklauben', 'Erdbirnengrabzeit', 'Erdbirnenknödelein', 'Erdbirnenlesen', 'Erdbirnenwagen', 'Erdbirnenzusammenlesen', 'Erdbirnhäufel', 'Erdbirnkräuter', 'Erdbirnlein', 'Erdbirnsnudel', 'Erstgrundbirne', 'Esserdbirne', 'Essigbirne', 'Eßgrundbirne', 'Fallbirne', 'Fleischbirne', 'Frühbirne', 'Früherdbirne', 'Frühgrundbirne', 'Futtererdbirne', 'Futtergrundbirne', 'Gewürgelbirne', 'Glühbirne', 'Gratschbirne', 'Großmutterbirne', 'Grunbirnlein', 'Grundbirnbällelein', 'Grundbirnbäuchlein', 'Grundbirnchen', 'Grundbirndotsche', 'Grundbirndätschelein', 'Grundbirne', 'Grundbirnekräutig', 'Grundbirnen', 'Grundbirnendätscher', 'Grundbirnenrangelein', 'Grundbirnenriefe', 'Grundbirnenschnitz', 'Grundbirnenstopfer', 'Grundbirnensträuche', 'Grundbirnenstutzel', 'Grundbirnenstöcke', 'Grundbirnentäschlein', 'Grundbirnenwürstlein', 'Grundbirnenzämmet', 'Grundbirnescheibelein', 'Grundbirnlatschen', 'Grundbirnlein', 'Grundbirnscheibel', 'Grundbirnskloß', 'Grundbirnsock', 'Grundbirnspfannekuchen', 'Grundbirnsplätzlein', 'Grundbirnstätscher', 'Grundbirnstätscherlein', 'Grundbirnstücke', 'Holzbirne', 'Jakoberdbirne', 'Kloßgrundbirne', 'Klößerdbirne', 'Klößgrundbirne', 'Knödeleinerdbirnen', 'Knödeleinserdbirnen', 'Knödelerdbirne', 'Knödelerdbirnen', 'Legeerdbirne', 'Legegrundbirne', 'Legerdbirne', 'Leggrundbirne', 'Matschbirne', 'Mostbirne', 'Pflanzerdbirne', 'Plattbirne', 'Quellgrundbirnchen', 'Reibgundbirne', 'Rosenerdbirne', 'Rundbirne', 'Rösterdbirne', 'Röstgrundbirne', 'Saaterdbirne', 'Saatgrundbirne', 'Saftbirne', 'Samenerdbirne', 'Samengrundbirne', 'Samgrundbirne', 'Saubirne', 'Sauerdbirne', 'Sauerdbirnlein', 'Saugrundbirne', 'Schmalzerdbirne', 'Schnitzgrundbirne', 'Schälerdbirnen', 'Schälgrundbirne', 'Setzgrundbirne', 'Siloerdbirne', 'Silogrundbirne', 'Sommerbirne', 'Sommererdbirne', 'Soßbirne', 'Steckbirne', 'Steckerdbirne', 'Steckggrunbirne', 'Stopferdbirne', 'Stopferdbirnen', 'Stopfererdbirnen', 'Stopfgrundbirne', 'Stutzbirne', 'Suppbirne', 'Sägrundbirne', 'Säubirne', 'Säuerdbirne', 'Säuerdbirnlein', 'Säugrundbirnchen', 'Säugrundbirne', 'Säugrundbirnlein', 'Säuleinsgrundbirne', 'Teigbirne', 'Töpfgrundbirne', 'Vieherdbirne', 'Viehgrundbirne', 'Wasserbirne']"
kriechen,"['Arschgekriech', 'Arschkriecher', 'Bodenkriecher', 'Dachkriecher', 'Hereingekrochene', 'Hereingekrochener', 'Kellerkriecher', 'Küchenkriecher', 'Lehrerkriecher', 'Ritzleinskriecher']"
Glatze,"['Arschglatze', 'Fettglatze', 'Glatzenhannes', 'Glatzenhanni', 'Spiegelglatze']"
recken,"['Arschherumrecker', 'Ausreck']"
Kerbe,"['Arschkerbe', 'Baumkerbe', 'Einkerbe', 'Haukerbe', 'Holzkerbe', 'Ohrenkerbe', 'Ohrkerbe', 'Speckkerbe']"
kitzeln,"['Arschkitzel', 'Krötenkitzer', 'Nervenkitzel']"
kritzen,"['Arschkritzel', 'Arschkritzelein', 'Launenkritzeln']"
Kröte,"['Arschkröte', 'Bibberkröte', 'Bruchkröte', 'Dreckkröte', 'Gatzkröte', 'Giftkröte', 'Häckerskröte', 'Lauskrott', 'Lauskröte', 'Läuskrott', 'Läuskröte', 'Mordskröte', 'Nestkröte', 'Seichkröte', 'Stoppelkröte']"
Körper,"['Arschkörper', 'Pflugkörper']"
lecken,"['Arschlecken', 'Hirschlecke', 'Kuhlecke', 'Kuhlecken', 'Leckbatzer', 'Mädleinslecker', 'Rahmlecker', 'Speichellecker', 'Säugelecker', 'Zuckerlecklein']"
Marter,"['Arschmarter', 'Hundmarter', 'Hundsmarter', 'Pflugreutmarter']"
Partie,"['Arschpartie', 'Fischpartie', 'Karpfenpartie', 'Schellenpartie']"
Plempel,"['Arschplempel', 'Bierplempel', 'Brunnenplempel', 'Dorfplempel', 'Oberplempel', 'Plem', 'Sauplempel']"
Prügel,"['Arschprügel', 'Aufgürtprügel', 'Bremsprügel', 'Erlenprügel', 'Gurtprügel', 'Gürtprügel', 'Gürtprügelein', 'Mangprügel', 'Mordsprügel', 'Reitelprügel', 'Salzprügelein', 'Schleifprügel', 'Sperrprügel', 'Sterprügel', 'Tragprügel', 'Waschprügel', 'Windenprügel', 'Wäscheprügel']"
quack,"['Arschquack', 'Fohrquackelein', 'Froschquackerer', 'Furzquackster', 'Krähenquack', 'Nestquack', 'Nestquackchen', 'Nestquackel', 'Nestquackelein', 'Nestquacker', 'Nestquackerer', 'Nestquacklein', 'Nestquak', 'Nestquäcklein', 'Nestquäklein']"
rutschen,"['Arschrutscher', 'Bahnrutscher', 'Bauchelrutscher', 'Bauchrutsch', 'Bauchrutschen', 'Bauchrutscher', 'Bauchrutscherlein', 'Beinrutschen', 'Brettelrutscher', 'Bretterrutsche', 'Brettleinrutscher', 'Durchgerutschter', 'Eisrutsche', 'Eisrutscher', 'Herumrutscher', 'Kinderrutschelein', 'Kniebankrutscher', 'Knierutscher', 'Käsrutsche', 'Lastrutscher', 'Läusrutsche', 'Melkrutscher', 'Milchkannenrutscher', 'Milchrutscherlein', 'Radelrutsch', 'Schneerutsche', 'Schneerutscher', 'Stahlrutscherlein', 'Steinrutsche', 'Strohrutsche', 'Wegrutscher', 'Wehrrutsche']"
Zopf,"['Arschzopf', 'Brezenzopf', 'Essigzopf', 'Haarzopf', 'Hefezopf', 'Kirchweihzopf', 'Maiszöpfe', 'Mohnzopf', 'Mohnzöpflein', 'Mohzöpflein', 'Rattenzopf']"
Krücke,"['Aschenkrücke', 'Backkrucke', 'Backkrücklein', 'Backtrogkrücke', 'Bremskrücke', 'Eiskrücke', 'Hemmkrücke', 'Hühnerkrücke', 'Ofenkrücke', 'Ofenkrückel', 'Ofenkrücklein', 'Schneekrücke', 'Teigkrucke', 'Teigkrücklein']"
Magen,"['Aschermittwochsmagen', 'Blitzmagen', 'Blättermagen', 'Blättleinsmagen', 'Freibiermagen', 'Gemäge', 'Hundsmagen', 'Hungermagen', 'Hängmagen', 'Hühnermagen', 'Klippermagen', 'Knurrmagen', 'Kommunikantenmägelein', 'Kuhmagen', 'Kuttelmagen', 'Kälbermagen', 'Kühmagen', 'Labmagen', 'Läusemagen', 'Magen', 'Netzmagen', 'Rindermagen', 'Saumagen', 'Scheißmagen', 'Schwartemagen', 'Schwartenmagen', 'Sehnmagen', 'Speimagen', 'Säumagen', 'Vormagen', 'Zwiemagen']"
Auto,"['Aschermännerauto', 'Brautauto', 'Bräutelauto', 'Elendsauto', 'Fangauto', 'Gendarmauto', 'Hochzeitsauto', 'Kinderauto', 'Kühauto', 'Polizeiauto', 'Säuauto', 'Tretauto', 'Viehauto', 'Zuchthäuslerauto']"
Ase,"['Asenbaum', 'Ofenase', 'Ofendase', 'Ofendäse', 'Ofenrase', 'Schleißase', 'Spanase', 'Spanasel', 'Spanrasel', 'Spanraxel', 'Spänasel', 'Spändase', 'Spändäse', 'Spändäsel']"
Aspe,"['Aspe', 'Langaspe']"
pflanzen,"['Asphaltpflanze', 'Birkenpflanze', 'Fichtenpflanze', 'Fleischpflanze', 'Fleischpflanzel', 'Fleischpflanzlein', 'Fohrenpflanze', 'Köhlpflanze', 'Köhlpflänzchen', 'Mandelpflanze', 'Pforschenpflanze', 'Rangelpflanze', 'Rangepflänzlein', 'Rangesenpflanze', 'Rangesenpflänzlein', 'Rangespflanze', 'Rangespflänzlein', 'Rummelsepflanze', 'Rummelsepflänzlein', 'Runkelpflanze', 'Runkelpflanzen', 'Runkelpflänzlein', 'Runkelrübenpflanze', 'Runkelspflanze', 'Rübenpflanze', 'Rübenpflänzlein', 'Salatpflanzen', 'Salatpflänzlein', 'Schotenpflänzlein', 'Setzpflanze', 'Setzpflänzlein', 'Setzrübenpflanze', 'Stadtpflanze', 'Särübenpflanze', 'Waldpflanze']"
Wurm,"['Asselwurm', 'Glühwurm', 'Glühwurmel', 'Glühwürmchen', 'Glühwürmel', 'Glühwürmlein', 'Herzwurm', 'Johanniswurm', 'Johanniswürmchen', 'Johanniswürmel', 'Johanniswürmlein', 'Krautwurm', 'Krautwürme', 'Leuchtwurm', 'Leuchtwürmlein', 'Molkwurm', 'Regenwurm', 'Tatzelwurm']"
Ast,"['Ast', 'Dürrast', 'Fallast', 'Halast', 'Holzast', 'Kronenästig', 'Reisigast', 'Reisigästlein', 'Streuast', 'Ästehaufen', 'Ästleinsgeschlamp']"
Quirl,"['Astquirl', 'Erdäpfelquirl', 'Holzquirl']"
Schleuder,"['Astschleuder', 'Dreckschleuder', 'Dreckschleudere', 'Dreckschleuderin', 'Erdbirnenschleuder', 'Erdbirnenschleuderer', 'Erdbirnenschleuderin', 'Erdäpfelschleuder', 'Erdäpfelschleuderer', 'Erdäpfelsschleuder', 'Erdäpfelsschleuderer', 'Giftschleuder', 'Grundbirnenschleuder', 'Grundbirnenschleuderer', 'Hemdschleuder', 'Hemdschleuderer', 'Hemdschleudin', 'Kartenschleuder', 'Kartoffelschleuder', 'Kartoffelschleuderer', 'Katzenschleuder', 'Patakenschleuder', 'Salzschleuder', 'Schlaude', 'Steinschleuder', 'Steinschleuderlein']"
Atatürk,['Atatürken']
Not,"['Atemnot', 'Heimnöten', 'Schwerenöter']"
Busen,"['Atombusen', 'Hängebusen', 'Saubusen', 'Superbusen']"
Trank,"['Aufbautränklein', 'Barntränke', 'Brunnentränke', 'Dorftränke', 'Eimertränke', 'Hopfengetränk', 'Kartoffeltränke', 'Kälbertränke', 'Sautrank', 'Sautränke', 'Sautränket', 'Schrottränke', 'Selbsttränke', 'Selbsttränker', 'Säutrank', 'Säutränke', 'Viehtränke', 'Viehtränker']"
brausen,"['Aufbrauser', 'Aufbrauseter', 'Windsbraus']"
rinnen,"['Auffangrinne', 'Augenrinne', 'Backenrinne', 'Besuchsrinne', 'Brechrinne', 'Dachrinne', 'Dachrinnsal', 'Fettrinne', 'Lausrinne', 'Läusrinne', 'Schweißrinne', 'Speckrinne', 'Wasserrinne']"
Batzen,"['Aufgebatzter', 'Brotbatzer', 'Dreckbatzen', 'Einbatzer', 'Eisbatzen', 'Eiterbatzen', 'Fettbatz', 'Fettbatzen', 'Fingerbatzen', 'Fleckbatzer', 'Fleckbätzer', 'Fleckleinsbatzer', 'Fleckleinsbätzer', 'Grasbatzen', 'Herzenbätzelein', 'Honigbatzel', 'Honigbatzer', 'Hornhautbätzerlein', 'Jetztbatz', 'Kaubatzel', 'Kaubazel', 'Kellerbätzelein', 'Kellerbätzer', 'Kuhbatzen', 'Kuhbatzer', 'Kühbatzen', 'Kühbatzer', 'Lausbatzen', 'Lehmbatzen', 'Lumpenbatzer', 'Maisbätzelein', 'Matschbatzen', 'Mauerbätzelein', 'Mistbatzen', 'Mistbatzer', 'Nestbatz', 'Nestbatzel', 'Nestbatzen', 'Nestbatzlein', 'Nestbätzel', 'Nestbätzer', 'Nestbätzlein', 'Ohrenbatzel', 'Pappschneebatzen', 'Pechbätzlein', 'Rasenbatzen', 'Rotzbatzen', 'Schnatterbatz', 'Schneebatz', 'Schneebatzen', 'Schreibatz', 'Speckbatz', 'Stoffbatzer', 'Stumbätz', 'Wasenbatzen', 'Wasserbatzen', 'Wiesenbatzen', 'Zuckerbatzer']"
blasen,"['Aufgeblasene', 'Aufgeblasener', 'Hasenblaser', 'Hirnbläsierter', 'Luftblase', 'Neujahrblasen', 'Neujahrsanblasen', 'Neujahrsblasen', 'Nordbläser', 'Ohrenbläser', 'Saublase', 'Saublatter', 'Seifenblase', 'Sonntagsbläschen', 'Trompetenblasen', 'Wasserblase']"
bieten,"['Aufgebot', 'Ausgebiet', 'Ausgeboten']"
bringen,"['Aufgebrachte', 'Balleinbringer', 'Hinterbringer', 'Mitbringelein', 'Mitbringets', 'Mitbringsel', 'Mitbringselein', 'Reisemitbringelein']"
Donner,['Aufgedonnerte']
passen,"['Aufgepasstes', 'Aufpasser', 'Aufpasserin', 'Kinderaufpasserin']"
regen,"['Aufgeregter', 'Aufregung', 'Mordsaufrege', 'Mordsaufregetes', 'Mordsaufregung']"
Schlitz,"['Aufgeschlitzig', 'Aufgeschlitztes', 'Aufschlitzen', 'Baumschlitz', 'Daumenschlitz', 'Doppelschlitz', 'Halmschlitzen', 'Herumgeschlitztes', 'Schleißenschlitzer', 'Stoppelschlitzen', 'Stupfelschlitzen', 'Türschlitz', 'Umschlitzen', 'Wiesenschlitzen']"
schnappen,"['Aufgeschnapptes', 'Eingeschnappter', 'Schnapperlein', 'Schnäpperer', 'Übergeschnappter']"
Spieß,"['Aufgespießte(r)', 'Barrasspieß', 'Eisspieß', 'Garbenspieß', 'Garbenspießelein', 'Garbenspießen', 'Garbenspießer', 'Garbenspießerlein', 'Garbspieß', 'Garbspießen', 'Gerstenspieß', 'Getreidspießen', 'Herbstspießer', 'Krottenspieß', 'Reckenspießen', 'Strohspießer']"
Spreißel,"['Aufgespreißeltes', 'Backspreißelein', 'Holzspreißel', 'Holzspreißelein', 'Kienspreißel', 'Kienspreißelein', 'Schlittensprissel']"
springen,"['Aufgesprungenes', 'Bettspringer', 'Bocksprung', 'Dachvorsprung', 'Fallschirmspringer', 'Froschsprung', 'Hechtsprung', 'Himbeerspringerlein', 'Hürdenspringer', 'Katzensprung', 'Kopfsprung', 'Orangenspringerlein', 'Röhrenspringer', 'Seitenspringer', 'Seitensprung', 'Vorsprung', 'Waldmeisterspringerlein', 'Widspringer', 'Wiegenspringer', 'Zuspringerin']"
Takel,['Aufgetakelte']
Trumpf,['Aufgetrumpft']
warm,"['Aufgewärmtes', 'Gelenkwärmer', 'Magenwärmer', 'Nasenwärmer', 'Pulswärmer', 'Pulswärmerlein', 'Sauwärme', 'Seelenwärmer', 'Sonnenwurm']"
helfen,"['Aufhelfer', 'Aushelfer', 'Aushilfe', 'Dreschhelfer', 'Kalkhilfe', 'Kinderhilfe', 'Küchenhilfe', 'Messhelfer', 'Nothelfer', 'Spülhilfe', 'Widerhilfe', 'Wirtschaftswunderhelfer']"
Schnur,"['Aufhängeschnur', 'Betschnur', 'Bindschnur', 'Dengelschnur', 'Einbindschnur', 'Eindrehschnur', 'Fadschnur', 'Farschschnur', 'Garbenschnur', 'Garbschnur', 'Geißelschnur', 'Halteschnur', 'Hopfenschnur', 'Hutschnur', 'Knallschnur', 'Lienenschnur', 'Mutschnur', 'Patschschnur', 'Peitschenschnur', 'Peitschenschnürlein', 'Pfatzschnur', 'Pfitzschnur', 'Pressschnur', 'Reitelschnur', 'Ringschnur', 'Schnalzschnürlein', 'Sensenschnur', 'Vorschnur', 'Vorschnürlein', 'Weinschnur', 'Wickelschnur']"
Schlaufe,"['Aufhängschlaufe', 'Heuschleife', 'Ofenschlaufe', 'Strickschlaufe']"
kleben,"['Aufkleber', 'Brauereiaufkleber', 'Flaschenaufkleber', 'Kleber']"
koppen,"['Aufkoppen', 'Koppgöcker']"
Stecken,"['Aufladestecken', 'Baumstecken', 'Bischofsstecken', 'Bohnenstecken', 'Bündleinsstecken', 'Eisstecken', 'Erdäpfelstecken', 'Gabeleinstecken', 'Garbstecken', 'Geographiestecken', 'Gurtstecken', 'Haselnusssteckelein', 'Haselnussstecken', 'Haselnüssstecken', 'Nagelstecken', 'Peitschenstecken', 'Pfetzeleinsstecken', 'Pfetzleinssteckelein', 'Pfetzleinsstecklein', 'Pfetzleinstecken', 'Pflugstecken', 'Prügelstecken', 'Querstecken', 'Rabensteckelein', 'Rechenstecken', 'Reisigstecken', 'Reitelstecken', 'Reutenstecken', 'Reutestecken', 'Rohrsteckelchen', 'Rohrsteckelein', 'Rohrstecken', 'Rumpelstecken', 'Schaubstecken', 'Schiebstecken', 'Schlittenstecken', 'Schlägsteckelein', 'Schlägstecken', 'Schubstecken', 'Schulsteckelein', 'Schulterstecken', 'Schwefelstecken', 'Skistecken', 'Spannstecken', 'Spazierstecken', 'Spreizstecken', 'Spräußstecken', 'Stachelstecken', 'Steckelein', 'Stecken', 'Strohwischstecken', 'Tatzensteckel', 'Tatzensteckelein', 'Tatzenstecken', 'Tragstecken', 'Zaunstecken']"
Lage,"['Auflage', 'Auslage', 'Balkenlage', 'Binderbalkenlage', 'Breitauflage', 'Buchenlaubeinlage', 'Dachbalkenlage', 'Dachbodenbalkenlage', 'Dachbodenlage', 'Dachstuhlbalkenlage', 'Kehlbalkenlage', 'Ladungslager', 'Lage', 'Lager', 'Suppeneinlage', 'Unterlage', 'Wendelager']"
Lauf,"['Auflauf', 'Laufer']"
Kloß,"['Auflaufklöße', 'Ausschöpfkloß', 'Backeskloß', 'Backesklößlein', 'Ballenkloß', 'Ballenklößlein', 'Ballkloß', 'Bettelmannskloß', 'Bockskloß', 'Bollerkloß', 'Bratklöße', 'Brotkloß', 'Brotklöße', 'Brotklößlein', 'Butterklöße', 'Bündelkloß', 'Eierkloß', 'Erdbirnenkloß', 'Erdbirnkloß', 'Erdäpfelkloß', 'Erdäpfelklößlein', 'Erdäpfelskloß', 'Erdäpfelsklöße', 'Fleischballkloß', 'Fleischklößchen', 'Fleischklößel', 'Fleischklößlein', 'Fransenkloß', 'Gehacktesklößlein', 'Gerstenhefekloß', 'Grießklößlein', 'Grundbirnenkloß', 'Grundbirnenklöße', 'Grundbirnenklößlein', 'Grundbirnkloß', 'Grundbirnklößlein', 'Hackfleischklößlein', 'Hackklößchen', 'Handvolleinkloß', 'Hefekloß', 'Hefeklöße', 'Hefenkloß', 'Hundkloß', 'Hundskloß', 'Kartoffelkloß', 'Kartoffelklöße', 'Kartoffelklößlein', 'Kartäuserkloß', 'Kartäuserklöße', 'Klumpenkloß', 'Kälberklöße', 'Mehlkloß', 'Mehlklöße', 'Mehlklößlein', 'Milchkloß', 'Mockeleinklöße', 'Mockeleinsklöße', 'Mockelklöße', 'Ofenkloß', 'Ofenklöße', 'Patakenkloß', 'Patschkloß', 'Patschklößlein', 'Pfannenkloß', 'Reißkloß', 'Riebelskloß', 'Röhrenkloß', 'Röhrenklößlein', 'Schneekloß', 'Schnippeleinklöße', 'Schöpfkloß', 'Semmelkloß', 'Serviettenkloß', 'Stampfeskloß', 'Steinklöße', 'Stumpenklößlein', 'Stumpesklöße', 'Säukloß', 'Trauerkloß', 'Weckkloß', 'Weizenklöße', 'Zottelklöße', 'Äpfelklößlein']"
liegen,"['Auflieger', 'Bauchliegeleins', 'Mordslage', 'Querlager', 'Schräglage']"
läppern,"['Aufläpperig', 'Schläpperig', 'Zusammengegläppertes']"
merken,"['Aufmerksamkeit', 'Augenmerk', 'Dauermerker', 'Marksteinmerker']"
Kind,"['Aufpasskind', 'Beichtkind', 'Chaisenkind', 'Christkind', 'Christkindlein', 'Einzelkind', 'Flaschenkind', 'Flaschenkindlein', 'Geschwisterkind', 'Geschwisterkinder', 'Geschwisterskind', 'Geschwistertkind', 'Goldkind', 'Heidenkind', 'Heiliggeistkind', 'Herzenskindlein', 'Hockenbleiberkind', 'Inzuchtkind', 'Kleinkind', 'Kommunionkind', 'Liebkind', 'Musskind', 'Mutterkind', 'Nachtmahlkind', 'Nachtmahlskind', 'Pappelkindlein', 'Saukind', 'Schnullerkind', 'Schoßkind', 'Schulkind', 'Siebenmonatskind', 'Sorgenkind', 'Stadtkind', 'Streukind', 'Wunschkind', 'Zwitterkind']"
Peitsche,['Aufpeitscher']
picken,"['Aufpicken', 'Aufpickler', 'Eispicker', 'Hirnpicker', 'Schneepicker']"
Wut,"['Aufräumwut', 'Grantigwut', 'Putzwut', 'Sauwut', 'Tollwütiger']"
sammen,"['Aufsammen', 'Beerensammler', 'Beersammler', 'Flachssammeln', 'Nachgesammeltes', 'Raupensammlung']"
Sattel,['Aufsattler']
Satz,"['Aufsatz', 'Merksatz', 'Rahmsatz', 'Schlüsselsatz', 'Schuhabsatz', 'Türabsatz', 'Wagenaufsatz']"
Kragen,"['Aufschlagkragen', 'Auslegkragen', 'Flaschenkragen', 'Flaschnkragen', 'Fläschleinskragen', 'Ganskragen', 'Geizkragen', 'Gipskragen', 'Gollerkragen', 'Gänsekragen', 'Gänsekrägelein', 'Gänskragen', 'Gänskrageter', 'Gänskrägelein', 'Halskrägelein', 'Hungerkragen', 'Hühnerkragen', 'Joppenkragen', 'Juppenkragen', 'Kaiserkragen', 'Kittelkragen', 'Langkrageter', 'Langkragetin', 'Langkragiger', 'Langkrägeter', 'Mantelkragen', 'Neidkragen', 'Schreikragen', 'Stehkragen', 'Storchenkragen', 'Überkrager']"
schocken,['Aufschocken']
Schwadron,['Aufschwadronierer']
Spalt,"['Aufspalten', 'Einhauspalte', 'Fußbodenspalt', 'Haarspalter', 'Holzspalten', 'Keilspalter', 'Kümmelspalter', 'Lichtspalt', 'Luftspalt', 'Schleißspalten', 'Spalg', 'Spalt', 'Spälter', 'Türschwellenspalt', 'Türspalt', 'Türspalte', 'Zugspalt']"
sprechen,"['Aufsprecher', 'Fußsprache', 'Großsprecher', 'Gutsprecherin', 'Hauptsprecherin', 'Obersprecher', 'Rechtsprecher', 'Selbstgespräch', 'Spruch', 'Zuspruch']"
Lumpen,"['Aufspüllumpen', 'Aufspüllumplein', 'Lumpelein']"
steigen,"['Aufsteigerin', 'Ausstieg', 'Bauernaufstieg', 'Einstieg', 'Hennensteig', 'Hennensteig(e)', 'Hennensteige', 'Hennensteiglein', 'Hennenstieg', 'Hennenstieg(e)', 'Hennenstiege', 'Hühnersteig(e)', 'Hühnersteige', 'Hühnersteiglein', 'Hühnerstieg(e)', 'Hühnerstiege', 'Jägerssteige', 'Kalksteig']"
Blech,"['Aufstemmblech', 'Backblech', 'Eisblech', 'Essblech', 'Essenblech', 'Essenblechlein', 'Essentragblech', 'Kehrblech', 'Kuchenblech', 'Kuchenblecher', 'Literblech', 'Melkblech', 'Milchblech', 'Plätzleinsblechlein', 'Rahmblech', 'Rasselblech', 'Reibblechlein', 'Scharblech', 'Schoppenblech', 'Schöpfblech', 'Stechblech', 'Suppenblech', 'Waagblech', 'Waschblech', 'Wasserblech']"
platt,"['Auftragplatte', 'Bauchplatte', 'Baumstumpfplatte', 'Beinplatte', 'Dachplatte', 'Deckplatte', 'Dengelplatte', 'Dengelplättel', 'Eisplatte', 'Eisplatten', 'Eisplättlein', 'Fallplatte', 'Firstplatte', 'Frostplatte', 'Grasplatte', 'Kaffeeplatte', 'Kahlplatte', 'Kühplätter', 'Lagerplatte', 'Mordsplatte', 'Ofenplatte', 'Platt', 'Platte', 'Plättel', 'Plättlein', 'Schindplatte', 'Schleifplatte', 'Schollenplatte', 'Schwarzplatte', 'Schälplatte', 'Splitterplatte', 'Stahlplätte', 'Steinplatten', 'Stirnplatte', 'Stöckeplatte', 'Säplatten', 'Tischplatte', 'Verschlussplättlein', 'Wasenplatte', 'Winterplatte', 'Ziegelplatte']"
tunken,"['Auftunken', 'Brottunkelein', 'Eintunkig']"
Zachen,"['Aufwaschzachen', 'Küchenzachen']"
wiegeln,['Aufwiegler']
Weiher,"['Aufzuchtweiherlein', 'Bischofsweiher', 'Brandweiher', 'Brutweiher', 'Dorfweiher', 'Eisweiher', 'Feuerweiher', 'Feuerweiherlein', 'Fischweiher', 'Fischweiherlein', 'Flohweiher', 'Froschleinsweiher', 'Geißweiher', 'Gemeindeweiher', 'Gänsweiher', 'Himmelsweiherlein', 'Hirtenweiher', 'Karpfenweiher', 'Löschweiher', 'Mühlweiher', 'Ortsweiher', 'Ortsweiherlein', 'Sommerweiher', 'Säuweiher', 'Zuchtweiher']"
stutzen,"['Aufzugsstutzen', 'Balkenstutzen', 'Baumstutz', 'Baumstutzel', 'Baumstutzer', 'Baumstützel', 'Bänkstützel', 'Erdbirnenstutzel', 'Kniestutzen', 'Ofenstutzen', 'Rohrstutzen', 'Schwanzstutzel', 'Schwanzstutzen', 'Stützel', 'Säustutzen', 'Tomatenstutzen']"
Blick,"['Augblick', 'Augenblick', 'Durchblick', 'Durchblicker', 'Kuhblick']"
Brame,"['Augbrame', 'Augbräme', 'Augenbrame', 'Augenbräme', 'Augensbräme']"
Braue,"['Augbraue', 'Augenbraue', 'Windsbraue']"
braun,"['Augbraune', 'Augenbraune', 'Augenbräune', 'Kakaobrauner', 'Windbraune']"
falten,"['Augenfalte', 'Augenfältelein', 'Augenfältlein', 'Backenfalte', 'Bruchfalte', 'Bügelfalte', 'Fettfalte', 'Fressfalte', 'Genickfalte', 'Gesichtsfalte', 'Harmsfalte', 'Hosenbruchfalte', 'Hungerfalte', 'Knitterfalte', 'Kummerfalte', 'Lachfalte', 'Lachfaltlein', 'Lachfältchen', 'Lachfältelein', 'Lachfältlein', 'Lustfaltlein', 'Längsfalte', 'Mordsfalte', 'Quetschfalte', 'Sorgenfalte', 'Speckfalte', 'Stirnfalte', 'Wasserfalter', 'Wülstfalte']"
Lid,['Augenlid']
Maß,"['Augenmaß', 'Butzelmaß', 'Maß', 'Mehlmaß', 'Stehmaß', 'Steinmaß', 'Unmaß', 'Übermaß']"
Runzel,"['Augenrunzel', 'Gesichtsrunzel']"
Stern,"['Augenstern', 'Bierstern', 'Goldstern', 'Plätzleinssternlein', 'Schneesternlein', 'Zimtstern']"
Wimper,['Augenwimper']
Popel,"['Aupopel', 'Bauholzpöpel', 'Bräuhauspöpel', 'Butzepöpel', 'Fasenachtspöpel', 'Fastnachtspöpel', 'Gerichtspöpel', 'Gewitterpopel', 'Hepopel', 'Hollepopel', 'Hollepöpel', 'Huhpopa', 'Huhpopel', 'Huhpopo', 'Huhpöpel', 'Höllpopel', 'Kirchenpöpel', 'Kirchenpöpelein', 'Kirchweihpöbel', 'Kirchweihspöbel', 'Krautpopel', 'Krautpöpel', 'Krautspopel', 'Krautspöpel', 'Kürbispöpel', 'Leitenpöpel', 'Maispöpel', 'Martinspöpel', 'Nachtpopel', 'Nachtpöpel', 'Nachtpöpelein', 'Narrenpöpel', 'Nasenpopel', 'Nasenpopeler', 'Nasenpopeln', 'Nasenpopler', 'Nasenpoppel', 'Nasenpöpel', 'Nasenpöpler', 'Pflanzenpöpel', 'Popo', 'Rotzpopel', 'Rußpöpel', 'Schneepopel', 'Schneepöpel', 'Thomaspopel', 'Thomaspöpel', 'Waldpopel', 'Waldpöpel']"
beichten,"['Ausbeichter', 'Erstbeichte', 'Erstbeichter', 'Erstlingsbeichte', 'Hosenbeichter', 'Kinderbeichte', 'Kinderbeichten', 'Rechtbeichte', 'Rechtbeichten', 'Rechtbeichter']"
Fluss,"['Ausfluss', 'Brunnenfluss', 'Brunnfluss', 'Milchfluss', 'Schneefluss', 'Weißfluss']"
dreschen,"['Ausgedroschen', 'Backofendrescher', 'Breitdrescher', 'Dampfdresche', 'Dampfdrescher', 'Dampfdrescherin', 'Dampferdreschen', 'Dampferdrescher', 'Dorfdrischel', 'Dreckdrischel', 'Drusch', 'Felddreschen', 'Gänsedreschlein', 'Hineingedroschene', 'Maschinendreschen', 'Mähdreschen', 'Mähdrescher', 'Mähdrusch', 'Scheuerdrescher', 'Scheuerendrescher', 'Scheundrescher', 'Scheunendrescher', 'Scheurendrescher', 'Stadeldrescher', 'Stiftendrescher', 'Strohgedresch']"
dürr,"['Ausgedörrter', 'Dürrapp', 'Dürrappel', 'Spindeldürre', 'Tennendörrig', 'Zaundürre']"
frieren,"['Ausgefrorenes', 'Milchfrost', 'Ohrfrösteln', 'Schüttelfrost', 'Zusammengefrorener']"
Hunger,"['Ausgehungerter', 'Bärenhunger', 'Gäulshunger', 'Heißhungen', 'Heißhunger', 'Jähhunger', 'Krachhunger', 'Mordshunger', 'Riesenhunger', 'Saufetzenhunger', 'Sauhunger', 'Saujähhunger', 'Säuhunger', 'Wolfshunger']"
Polster,"['Ausgepolsterte', 'Fettpolster', 'Fettpölsterlein', 'Kipfpolster', 'Kühpolster', 'Rauchpolster', 'Steinpolster', 'Steinpolsterer', 'Steinpölsterer', 'Stoffpolster']"
Ruhe,"['Ausgeruhe', 'Ausgeruhen', 'Ausruhe', 'Guteruh', 'Güldenruh', 'Katzenruhe', 'Kleiderruhen', 'Nachtruhe', 'Sauruhe', 'Stöckleinruhe']"
schlüpfen,"['Ausgeschlüpftes', 'Dachschlupfer', 'Haarschlupp', 'Heckschlupfen', 'Hennenschlupf', 'Hineinschlupfer', 'Hineinschlupferlein', 'Hühnerschlupf', 'Papierschlupp', 'Riemenschlüpfer', 'Schlupfer', 'Schlupp', 'Schlüpfer', 'Schuhschlüpfer']"
Scham,"['Ausgeschämte', 'Bauchschamhaar']"
Winter,"['Ausgewinterte', 'Ausgewintertes', 'Auswinterig', 'Auswinterung', 'Frühwinter', 'Halbwinter', 'Vorwinter']"
zullen,"['Ausgezullte', 'Brotzüller', 'Fleckleinszuller', 'Fleckleinzuller', 'Lumpenzuller']"
Zaum,['Ausgezäumter']
gießen,"['Ausgießen', 'Ausgießer', 'Ausguss', 'Blumengießen', 'Bluterguss', 'Eisguss', 'Kaffeeguß', 'Regenguss', 'Sprengergießer']"
hecken,"['Aushecker', 'Hereingeheckte', 'Krötengeheckse']"
Sparren,"['Aushängersparren', 'Bundsparre(n)', 'Dachsparre(n)', 'Dachsparren', 'Flugsparren', 'Gratsparre(n)', 'Gratsparren', 'Waldsparren']"
keuchen,['Auskeuch']
kommen,"['Auskommens', 'Herkommener', 'Nachkömmling', 'Unterkommens', 'Wiederkommen', 'Zusammenkommen']"
laben,['Auslaben']
nutzen,"['Ausnutzer', 'Ausnützer', 'Geradezugenützter', 'Nichtsnutz', 'Nichtsnutziger']"
nähen,"['Ausnäherlein', 'Eingenähig', 'Nähörtlein', 'Pfuschnäherei', 'Seulnaht']"
Reis,"['Ausputzreisig', 'Besenreisig', 'Birkenreis', 'Birkenreisig', 'Birkenreislein', 'Eichenreis', 'Erlenreisig', 'Fallreisig', 'Feueranmachreisig', 'Giekelesreisig', 'Hegereis', 'Hetzenreisig', 'Krackenreisig', 'Krakelreisig', 'Krakergereis', 'Krähenreisig', 'Leistreisig', 'Lesereisig', 'Lesreisig', 'Pelzreisig', 'Tangelreis', 'Tennenreisig', 'Tennreisig', 'Wagenreisig', 'Wellenreisig']"
Teig,"['Ausrollteig', 'Brotteig', 'Hefeteig', 'Kartoffelteig', 'Kloßteig', 'Klößeteig', 'Kuchenteig', 'Küchleinsteig', 'Leibiteig', 'Mehlteig', 'Mehlteiglein', 'Nudelteig', 'Schwarzbrotteig']"
saugen,"['Aussauger', 'Blutsauger', 'Fleckleinsauger', 'Fleckleinssauger', 'Flecksauger', 'Hudelsauger', 'Nudelsauger']"
schimpfen,['Ausschimpfen']
schnaufen,"['Ausschnaufen', 'Einschnaufen']"
siech,"['Aussiechende', 'Aussiechender']"
staffieren,['Ausstaffierung']
Form,"['Ausstechform', 'Ausstechförmchen', 'Ausstechförmlein', 'Backförmlein', 'Blechförmlein', 'Döckeleinsförmlein', 'Gutesform', 'Gutesleinsförmlein', 'Gutschenform', 'Kuchenförmlein', 'Pfeffernüssleinsform', 'Platzelförmlein', 'Platzleinsform', 'Platzleinsförmlein', 'Plätzchenform', 'Plätzchenförmlein', 'Plätzchensförmchen', 'Plätzleinform', 'Plätzleinförmlein', 'Plätzleinsform', 'Plätzleinsförmlein', 'Zuckerförmlein']"
Steuer,"['Aussteuer', 'Hosenlatzsteuer', 'Webersteuer', 'Wegsteuer', 'Weihfeldsteuer']"
Truhe,"['Aussteuertruhe', 'Aussteuertruhen', 'Betttruhe', 'Brauttruhe', 'Brottruhe', 'Essentruhe', 'Esstruhe', 'Fleischtruhe', 'Futtertruhe', 'Hochzeitertruhe', 'Hochzeitstruhe', 'Hutzeltruhe', 'Kleidertruhe', 'Kleietruhe', 'Möbeltruhe', 'Salztruhe', 'Steintruhe', 'Wäschetruhe', 'Wäschtruhe']"
streifen,"['Ausstreifer', 'Doppelstreifen', 'Drillstreifen', 'Herumstreifer', 'Maschinenstreifen', 'Nachstreife', 'Nachstreifig', 'Papierstreifen', 'Saatstreifen', 'Saustreifen', 'Streif', 'Streifen', 'Streifholzstöcklein', 'Streiflein', 'Streifstöcklein', 'Säfehlerstreifen', 'Sämaschinenstreif', 'Sämaschinenstreifen', 'Sästreif', 'Sästreifen', 'Zusammenstreif', 'Zusammenstreifig']"
Trieb,"['Austrieb', 'Barrasbetrieb', 'Geiztrieb', 'Geiztrieblein', 'Hexentrieb', 'Nebentrieb', 'Seitentrieb', 'Säutrieb', 'Wassertrieb', 'Weintrieb', 'Wildtrieb', 'Zwischentrieb', 'Üchsentrieblein']"
werfen,"['Auswerfen', 'Auswerfer', 'Auswurf', 'Durchwurf', 'Erdäpfelswerfer', 'Handwurf', 'Kraftwurf', 'Schneeballwerfen', 'Schneeballwerfes', 'Sensenwurf', 'Senswurf', 'Steinwurf', 'Umgeworfenes', 'Wurf']"
wachsen,"['Auswuchs', 'Drehwuchs', 'Graswuchs', 'Halbgewachsener', 'Kernwuchs', 'Nachwuchs', 'Untergewuchs', 'Unterwuchs', 'Unterwüchsiges']"
Zahl,"['Auszahlgeld', 'Auszahlung', 'Brikettzählen', 'Erbsenzähler', 'Jahreszahl', 'Märleinserzähler', 'Rübezahl']"
zehren,['Auszehrung']
Stube,"['Auszugsstüblein', 'Auszugstube', 'Basestube', 'Bettstube', 'Bibelstube', 'Dachstüblein', 'Dolstube', 'Großratzerstübel', 'Hirnstüblein', 'Kinderstube', 'Marakelstube', 'Nebenstube', 'Oberstüblein', 'Patstüblein', 'Poststube', 'Poststübel', 'Rockenstube', 'Rockstube', 'Schlafstube', 'Schlafstübchen', 'Tanzstube', 'Wirtsstube', 'Zechstube']"
Sekt,"['Autofahrersekt', 'Eisenbahnersekt', 'Hollerbeerensekt', 'Hollersekt', 'Holundersekt']"
Tour,"['Autotour', 'Extratour', 'Klingeltour']"
Fenster,"['Außenfenster', 'Doppelfenster', 'Eisblumenfenster', 'Fürfenster', 'Kammerfenster', 'Vorfenster', 'Winterfenster', 'Überfenster']"
Kante,"['Außenkante', 'Bettkante', 'Dreikant', 'Eckkante', 'Endelkante', 'Endkante', 'Hohlkante', 'Kante', 'Saumkante', 'Scharfkante', 'Seulkante', 'Speckoberkante', 'Stoffkante', 'Webekante', 'Weberkante', 'Webkante']"
Ehe,"['Außerehelicher', 'Kuppelehe', 'Kupplerehe', 'Schmusehe']"
stark,"['BS', 'MS']"
brunzen,"['Bachbrunzer', 'Bettbrunze', 'Bettbrunzer', 'Bettbrunzerin', 'Brunzbröckelein', 'Brunzdüppe', 'Brunzgretchen', 'Brunzhannes', 'Brunzhans', 'Brunzstoffel', 'Gässleinsbrunzer', 'Gäulsbrunze', 'Heckenbrunzelein', 'Hirschenbrunze', 'Hirschenbrunzer', 'Hosenbrunzer', 'Hosenbrunzerin', 'Kartenbrunzer', 'Kasperleinsbrunze', 'Katzenbrunze', 'Kuttenbrunzer', 'Kuttenbrunzerin', 'Kühbrunzerlein', 'Oberbrunzer', 'Pferdebrünzelein', 'Rainbrunzer', 'Rainbrunzerlein', 'Schnakenbrunzen', 'Schnakenbrunzer', 'Schneebrunzer', 'Schuldenbrunzer', 'Sockenbrunzer', 'Staffelbrunzer', 'Stehbrunzer', 'Stubenbrunzer', 'Säubrunzi', 'Wannenbrunzer']"
fegen,"['Bachfeger', 'Grabenfegen', 'Handfeger', 'Handfegerlein', 'Krottenfegsel', 'Schlotefeger', 'Schlotfeger', 'Schlotfegerlein', 'Schneeeisenfeger', 'Schornsteinfeger', 'Sternfege', 'Straßenfeger', 'Wegfeger']"
Jude,"['Bachjude', 'Hofjude', 'Nachtjude', 'Seichjude', 'Taubenjudlein', 'Traumjude']"
Platte,"['Bachplatte', 'Gallenplatte', 'Herdplatte', 'Hufplatte', 'Knallplättchen', 'Knallplättlein', 'Lehmplatte', 'Mostplatte', 'Nassplatte', 'Pulverplattlein', 'Pulverplättchen', 'Pulverplättlein', 'Sauerplatte', 'Schießplättlein', 'Schwitzplatte', 'Stechplatte', 'Suttenplatte', 'Zündplättchen', 'Zündplättel', 'Zündplättlein']"
Schmetterling,['Bachschmetterling']
seichen,"['Bachseicher', 'Beinseicher', 'Bettseichen', 'Bettseicher', 'Bettseicherin', 'Bettseicherlein', 'Bärenseiche', 'Gaulsgeseiche', 'Gässleinsseicher', 'Gäulseiche', 'Gäulsseiche', 'Hemdenseicher', 'Heuseicher', 'Hochseicher', 'Hosenseicher', 'Hundsseicher', 'Marktseicher', 'Pferdegeseichlein', 'Pferdseiche', 'Rockseicherin', 'Saugeseiche', 'Seiche', 'Staubseicher', 'Stehseicher', 'Säueseiche', 'Säugeseiche', 'Säugeseichi', 'Säuseiche', 'Säuseichet', 'Teufelsseicher']"
Stelze,"['Bachstelze', 'Seidenstelze']"
Fuß,"['Bachstelzenfuß', 'Bleifuß', 'Bocksfuß', 'Dengelfuß', 'Dreckfuß', 'Drudenfuß', 'Entenfuß', 'Gaulfuß', 'Geißfuß', 'Gänsefüßchen', 'Gänsefüße', 'Gäulfuß', 'Gäulsfuß', 'Hahnenfuß', 'Hasefüßler', 'Hasenfuß', 'Hennenfuß', 'Hennenfüßlein', 'Herrgottsfüßchen', 'Hexenfüßlein', 'Hinkefuß', 'Holzfuß', 'Hosenfuß', 'Hundefuß', 'Hundsfuß', 'Hähnfüße', 'Hätschfuß', 'Katzenfüße', 'Klumpfuß', 'Knackfuß', 'Knappfuß', 'Kniefüßler', 'Krackenfüße', 'Kratzfuß', 'Kratzfüßer', 'Kriegsfuß', 'Krähenfüße', 'Käsfuß', 'Leichtfuß', 'Pferdefuß', 'Pferdsfuß', 'Plattfuß', 'Quadratfuß', 'Rehfüßlein', 'Rossfuß', 'Saufuß', 'Saufüßlein', 'Schlittenfuß', 'Schnappfuß', 'Schweinsfuß', 'Schweinsfüßlein', 'Spatzenfuß', 'Spinnenfuß', 'Spinnenfüße', 'Steckeleinsfuß', 'Steinfuß', 'Stelzenfüßler', 'Stelzfuß', 'Storchfuß', 'Stutzfuß', 'Säufuß', 'Säufüßchen', 'Säufüßlein', 'Tappfuß', 'Teufelsfuß', 'Tollfuß', 'Tollnfuß', 'Tollsfuß', 'Tranfuß', 'Zeithammelfuß']"
wehren,"['Bachwehr', 'Bundeswehr', 'Feuerwehr', 'Hollergewehr', 'Holundergewehr', 'Landwehr', 'Mühlwehr', 'Pflanzenwehr', 'Stauwehr', 'Stauwehrlein', 'Wasserwehr']"
Back,['Backe']
Schelle,"['Backenschelle', 'Backschelle', 'Dorfschelle', 'Hemdschelle', 'Kuhschelle', 'Kuttenscheller', 'Maulschelle', 'Mauschelle', 'Mausschelle', 'Schelle', 'Straßenschelle', 'maulschellen']"
Ofen,"['Backofen', 'Engelsofen', 'Gemeindebackofen', 'Höllofen', 'Kaiserofen', 'Krakeelofen', 'Rauchofenlein']"
Zins,"['Backofenzins', 'Kirchenzins']"
pfeifen,"['Backpfeife', 'Durchpfiff', 'Dünnpfiff', 'Hollerpfeifchen', 'Hollerpfeifelein', 'Hollerpfeiflein', 'Holzpfeiflein', 'Mundpfeife', 'Nordpfeifer', 'Pfiff', 'Querpfeifer', 'Rohrpfeiflein', 'Schaffnerspfeife', 'Signalpfeife', 'Tabakpfeife', 'Trillerpfeife', 'Wasserpfeiflein']"
schaben,"['Backschaber', 'Backtrogschaber', 'Baumschaber', 'Brotschabe', 'Eisschaber', 'Griffelschaber', 'Kübelschaber', 'Rindenschaber', 'Schneeschaber', 'Teigschabe', 'Teigschabe/r', 'Teigschaber', 'Teigschaberl', 'Teigschaberlein', 'Teigschober', 'Teigschäberlein', 'Trogschaber']"
scharren,"['Backscharre', 'Backschüsselscharre', 'Backtrogscharre', 'Backtrogscharrer', 'Backtrogscharrte', 'Backtrogschärre', 'Baumscharre(r)', 'Beinscharrer', 'Brotscharre', 'Deisenscharre', 'Hühnerscharren', 'Kübelscharrer', 'Mistscharre', 'Pflugscharre', 'Pflugschärrlein', 'Schneescharre', 'Teigscharre', 'Teigscharrer', 'Teigscharrlein', 'Teigscharrte', 'Trogschar', 'Trogscharre', 'Trogscharrer', 'Trogscharrte', 'Trogschärre', 'Zusammengescharrlein', 'Zusammengescharrtes', 'abscharren']"
Scheit,"['Backscheit', 'Breitscheit', 'Bremsscheit', 'Bremsscheitel', 'Bremsscheitlein', 'Brettscheit', 'Feilsperrscheit', 'Geschirrscheitlein', 'Grabenscheit', 'Grabscheit', 'Holzscheit', 'Holzscheitlein', 'Höhscheit', 'Kreuzscheit', 'Langscheit', 'Lenkscheit', 'Meterscheit', 'Mickescheit', 'Ortscheit', 'Ortscheitel', 'Ortscheitlein', 'Ortsscheitlein', 'Pflugscheit', 'Pflugscheitlein', 'Reibscheit', 'Reibscheitel', 'Reibscheitlein', 'Reitscheit', 'Renkscheit', 'Reutscheit', 'Ridscheit', 'Riebscheit', 'Rutschscheit', 'Rämmscheit', 'Scharscheit', 'Scheitel', 'Schiebscheit', 'Schildscheit', 'Schildscheitlein', 'Schillscheit', 'Schillscheitlein', 'Schindscheit', 'Schindscheitlein', 'Schleifholzscheit', 'Schleifscheit', 'Schraubenscheit', 'Sichelscheit', 'Sillscheidlein', 'Sillscheit', 'Sillscheitlein', 'Starkscheit', 'Stechscheit', 'Trittscheit', 'Waagenscheit', 'Waagenscheitel', 'Waagenscheitlein', 'Waagscheit', 'Waagscheitel', 'Waagscheitlein', 'Wagenscheit', 'Wagenscheite', 'Wagenscheitlein', 'Wetterscheit', 'Windenscheit', 'Ziehscheit', 'Ziehscheitlein', 'Zugscheit', 'Zügscheitlein']"
Käse,"['Backsteinkäse', 'Bibeleinskäse', 'Geißkäse', 'Glückeleinskäse', 'Handkäslein', 'Hühnerleinskäse', 'Kippeleinskäse', 'Kühkäse', 'Leberkäse', 'Maiskäse', 'Mattekäse', 'Rappelkäse', 'Saustallkäse', 'Schafskäse', 'Schmierkäse', 'Schneiderskäse', 'Stinkerkäse', 'Vogelkäse', 'Ziebeleinkäse', 'Ziebeleinskäse']"
Ziegel,"['Backsteinziegel', 'Biberschwanzziegel', 'Bimssteinziegel', 'Breitziegel', 'Dachziegel', 'Doppelfalzziegel', 'Falzziegel', 'Firstziegel', 'Flachziegel', 'Hohlziegel', 'Holzziegel', 'Klinkerziegel', 'Mauerziegel', 'Maurersziegel', 'Patentziegel', 'Pfannenziegel', 'Plattenziegel', 'Rinnenziegel', 'Wasenziegel']"
Werk,"['Backwerk', 'Blunzenwerk', 'Brettwerk', 'Brustwerk', 'Buschwerk', 'Busenwerk', 'Feuerwerk', 'Flickwerk', 'Fuhrwerk', 'Fußwerk', 'Gangwerk', 'Geflügelwerk', 'Gefuhrwerk', 'Handwerker', 'Herzwerk', 'Heuwerk', 'Holzwerker', 'Klapperwerk', 'Mauerwerk', 'Mundwerk', 'Mähwerk', 'Rangenwerk', 'Schlumpenwerk', 'Stauwerk', 'Stockwerk', 'Sägwerk', 'Tagwerk', 'Wurzelwerk']"
Wanne,"['Backwännlein', 'Eierwännleinsuppe', 'Fleischwanne', 'Herdwanne', 'Ofenwanne', 'Ofenwannel', 'Ofenwännlein', 'Schrotwännlein', 'Sensenwanne', 'Streuwanne', 'Wasserwanne']"
Meister,"['Badermeister', 'Braumeister', 'Bräumeister', 'Bräumeisterin', 'Bürgermeister', 'Bürgermeisterin', 'Fallmeisterei', 'Glatzenmeister', 'Haumeister', 'Hausmeister', 'Hausmeisterin', 'Hexenmeister', 'Küchenmeister', 'Rottmeister', 'Schulhausmeisterin', 'Schulmeister', 'Schulmeisterlein', 'Sprachmeister', 'Waldmeister', 'Zimmermeister']"
waten,"['Badeweed', 'Dorfweed', 'Fischweed', 'Gemeindeweed', 'Gänsweed', 'Katzenweed', 'Spitzweed']"
schwemmen,"['Badschwemme', 'Gäulschwemme', 'Hereingeschwemmter', 'Pferdeschwemme']"
Amt,"['Bahnbeamter', 'Brautamt', 'Hochamt', 'Rentamt', 'Sechsämter', 'Sechsämterer', 'Sechsämterland', 'Steueramt', 'Vermittlungsamt']"
Hof,"['Bahnhof', 'Friedhof', 'Gärtnershof', 'Hofhäuslein', 'Kartoffelfriedhof', 'Kirchhof', 'Kirchhofsröschen', 'Kirchhofsröslein', 'Knöchleinfriedhof', 'Knödelfriedhof', 'Ödhof']"
schinden,"['Balgschinder', 'Barrasschinder', 'Bierschinder', 'Geißschinder', 'Krötenschinder', 'Küheschinder', 'Leutschinder', 'Läuseschinder', 'Rabenschinder', 'Rainschinder']"
Sims,"['Balkengesims', 'Dachgesims', 'Fenstergesims', 'Fenstersims', 'Fenstersimslein']"
Katze,"['Balkenkatze', 'Baumkätzlein', 'Bollenkatze', 'Bollenkätzlein', 'Dreckkatzer', 'Eichelkatze', 'Eichkatze', 'Eichkatzel', 'Eichkätzchen', 'Eichkätzel', 'Eichkätzlein', 'Feiskatze', 'Fleischkatze', 'Frierkatze', 'Genaschkatze', 'Haselkätzchen', 'Haselkätzlein', 'Haselnusskätzchen', 'Haselnusskätzlein', 'Herbstkatze', 'Hollekatzer', 'Holzkatze', 'Jammerkatze', 'Kitzin', 'Klettenkatze', 'Krallkatze', 'Lieblingskätzlein', 'Mausikatz', 'Mehlkatzer', 'Mohrleinkätzlein', 'Nachbarskatze', 'Naschkatze', 'Naschkatzel', 'Naschkätzchen', 'Naschkätzlein', 'Nusskätzlein', 'Näschkatze', 'Näschkätzlein', 'Palmkatze', 'Palmkätzchen', 'Palmkätzlein', 'Patschkatze', 'Petzkatze', 'Schlafkatze', 'Schmeichelkatze', 'Schmeichelkätzchen', 'Schmeichelkätzlein', 'Schmierkatze', 'Schmierkätzelein', 'Schmusekatze', 'Schmusekätzchen', 'Seichkitze', 'Spielkatze', 'Staubblütenkätzlein', 'Streitkatze', 'Tuschelkatze', 'Verratkatze', 'Verratkatzen', 'Verratskatze', 'Waldkätzlein', 'Waschkatze', 'Weidenkätzlein', 'Wurstkatze']"
Lager,"['Balkenlager', 'Hasenlager', 'Saustalllager', 'Säulager', 'Säustalllager', 'Säustallslager', 'Widerlager', 'Winterlager']"
Pfette,"['Balkenpfette', 'Dachstuhlpfette', 'Deckenpfette', 'Halbstockpfette', 'Längspfette', 'Mauerpfette', 'Mittelpfette', 'Traufpfette']"
Dach,"['Balkenstoßdach', 'Baumdach', 'Fiederdach', 'Fürdach', 'Herddach', 'Kappendächel', 'Kappendächlein', 'Laubdach', 'Regendach', 'Schabdach', 'Schaubdach', 'Schiebedach', 'Schirmdächel', 'Schleifdach', 'Schweizerdach', 'Sonnendächlein', 'Strohdach', 'Taschendach', 'Vordach', 'Ziegaldach']"
Ecke,"['Balleck', 'Betteck', 'Brennecke', 'Dreieck', 'Fallecke', 'Freieck', 'Freischlageck', 'Friedeck', 'Frosteck(e)', 'Geruheck', 'Goschenecke', 'Goschenecklein', 'Hauseck', 'Hölleck', 'Lehmecke', 'Lippsecke', 'Mauleck', 'Maulecke', 'Mauleckelein', 'Mundeck', 'Mundecke', 'Nasseck', 'Nutteneck', 'Quelleck', 'Ruheck', 'Ruheckelein', 'Schindersecken', 'Schlafeck', 'Schlafecke', 'Schnalleneck', 'Seichecklein', 'Spetzenecke', 'Sporzeck', 'Sporzeneck', 'Sporzenecke', 'Stadeleck', 'Sumpfecke', 'Viereck', 'Viereckete(r)', 'Vierecketes', 'Vierecklein', 'Wintereck', 'Winterecke', 'Winterecken', 'Zigaretteneck']"
holen,"['Ballenholer', 'Ballholer', 'Beerholer', 'Bützigholer', 'Dreckholer', 'Erbsenholer', 'Erdäpfelholen', 'Grünfutterholen', 'Luftholen', 'Müllabholer', 'Schuttabholer', 'Wiederholen', 'Wiederholung']"
jung,"['Ballenjunge', 'Balljunge', 'Brautjungfer', 'Brautjungferlein', 'Brautjungfern', 'Brautjüngferlein', 'Brutjungfer', 'Ehrenjungferlein', 'Gänsejung', 'Hundsjunge', 'Junge', 'Kränzeljungfer', 'Laufjunge', 'Lausejunge', 'Lausjunge', 'Lehrjunge', 'Nestjunges', 'Pfarrjungferlein', 'Pferdjungfer', 'Pomadenjunge', 'Pomadenjüngling', 'Saujunge', 'Saujungen', 'Saujunges', 'Seejungfer', 'Wasserjungfer', 'Wasserjungferlein', 'Weiherjungfer']"
Knödel,"['Ballenknödelein', 'Brotknödlein', 'Eckknödel', 'Erdbirnenknödel', 'Erdbirnknödelein', 'Erdknödelein', 'Fleischknödlein', 'Fransenknödel', 'Fransenknödelein', 'Fransenknödlein', 'Gesottenknödelein', 'Hackfleischknödlein', 'Hafenknödelein', 'Hefeknödel', 'Hefeknödelein', 'Hefeknödlein', 'Kartoffelknödel', 'Knödelein', 'Lausknödel', 'Mehlknödel', 'Mehlknödelein', 'Mehlknödlein', 'Ofenknödelein', 'Ofenknödlein', 'Pfannenknödel', 'Pfannenknödelein', 'Reiberknödel', 'Schwammknödelein', 'Schwämmknödlein', 'Semmelknödel', 'Semmelknödlein', 'Serviettenknödlein']"
rußen,"['Ballenruss', 'Ballenrusslein', 'Ballruss', 'Ballrusslein', 'Pfefferruss', 'Zwergrusslein']"
spielen,"['Ballspielen', 'Foulspieler', 'Fußballspielen', 'Puppenspielen', 'Puppenspieler', 'Schauspieler', 'Taschenspielerei', 'Windspiel']"
stützen,"['Balsterstütze', 'Dachstütze', 'Firststütze', 'Melkstütze', 'Rahmstütze', 'Schlittenstütz', 'Schlittenstütze', 'Schlittenstützel', 'Schneestütze', 'Seitenstütze', 'Sitzstütze', 'Wasserstütze']"
bammen,"['Bampel', 'Bampelein', 'Bämpelein']"
Schnute,"['Bampelschnute', 'Pappelschnute', 'Säuschnute', 'Zuckerschnute']"
Bams,['Bampes']
Eisen,"['Bandeisen', 'Beißeisen', 'Blöchereisen', 'Blöchleineisen', 'Brammeleisen', 'Brecheisen', 'Brenneisen', 'Brummeleisen', 'Brägeleisen', 'Bügeleisen', 'Dengeleisen', 'Eiseisen', 'Eislein', 'Erdäpfelreibeisen', 'Feuereisen', 'Floßeisen', 'Gleiteisen', 'Glätteisen', 'Grabeisen', 'Hufeisen', 'Keifeisen', 'Kipfeisen', 'Kneifeisen', 'Kohlenbügeleisen', 'Kohleneisen', 'Kratzeisen', 'Kufeisen', 'Kufeneisen', 'Kufeneislein', 'Laufeisen', 'Leuchseneisen', 'Pflugeisen', 'Plätteisen', 'Rangeisen', 'Reibeisel', 'Reibeiselein', 'Reibeisen', 'Reibeisig', 'Reibeislein', 'Riebeisen', 'Riebeisig', 'Riebelein', 'Riebeleisen', 'Rutscheisen', 'Rübeneisen', 'Schareisen', 'Scharreisen', 'Schieneneisen', 'Schleifeisen', 'Schlitteneisen', 'Schlitteneislein', 'Schlittschuheisen', 'Schneeeisen', 'Schuheisen', 'Schäleisen', 'Spateneisen', 'Spekuliereisen', 'Spekuliereislein', 'Stahleisen', 'Staucheisen', 'Stecheisen', 'Stiefeleisen', 'Stoßeisen', 'Winkeleisen', 'Zankeisen']"
Nudel,"['Bandnudel', 'Dampfnudel', 'Dicknudel', 'Drehnudel', 'Erdbirnennudel', 'Erdbirnnudel', 'Erdäpfelnudel', 'Fingernudel', 'Fingernudelein', 'Flädennudel', 'Gedrehtnudel', 'Geschnittnudelsuppe', 'Giftnudel', 'Hefenudel', 'Hohlnudel', 'Kartoffelnudel', 'Kartoffelnudelein', 'Kartoffelnudeln', 'Makkaroninudel', 'Patakennudel', 'Pfingstnudel', 'Ratschnudel', 'Rohrnudel', 'Rohrnudeln', 'Röhrleinnudel', 'Röhrleinnudeln', 'Röhrleinsnudel', 'Röhrleinsnudeln', 'Schneckennudel', 'Stumpfnudel']"
Rocken,"['Barnrocken', 'Barnsrocken', 'Haarrocken', 'Taubenrock', 'Taubenrocken', 'Taubenrocker']"
Bruder,"['Barrasbruder', 'Barrasbrüder', 'Beichtbruder', 'Fechtbruder', 'Haremsbrüder', 'Herzbruder', 'Klaubruder', 'Kolomesbruder', 'Krakeelbruder', 'Krawallbruder', 'Mausbruder', 'Pissbruder', 'Prozessbruder', 'Radaubruder', 'Tippelbruder', 'Walzbruder']"
Doktor,"['Barrasdoktor', 'Viehdoktor']"
Drill,['Barrasdrill']
Gaul,"['Barrasgaul', 'Brauereigaul', 'Chaisengaul', 'Drahtgaul', 'Getschegaul', 'Gockengaul', 'Habergaul', 'Hampergaul', 'Hankergaul', 'Heisegaul', 'Hetschengaul', 'Heugaul', 'Hoppegäulein', 'Hopplagaul', 'Hoschegaul', 'Hossegaul', 'Hottegaul', 'Hottegaulein', 'Hottegäulein', 'Huckelgaul', 'Huckelgäulein', 'Hügaul', 'Hügäulein', 'Hügäulel', 'Hüpfergaul', 'Johannesgaul', 'Maisgaul', 'Metzgersgaul', 'Mordsgaul', 'Postgaul', 'Reitergaul', 'Reitergaulein', 'Reitergäulein', 'Reitergäulleins', 'Schaukelgaul', 'Schaukelgäulein', 'Schiegesgaul', 'Schlittengaul', 'Schockelgaul', 'Schockelgaulein', 'Schockelgäul', 'Schockelgäulein', 'Schwuzengaul', 'Schäfergaul', 'Spielzeuggaul', 'Wiegegaul', 'Wiegegäulein', 'Wiehergaul']"
Hengst,"['Barrashengst', 'Bürohengst', 'Bürohengstin', 'Hasenhengst', 'Kommisshengst', 'Makkaronihengst', 'Paragraphenhengst', 'Pomadenhengst', 'Streithengst', 'Taubenhengst', 'Weiberhengst']"
Hose,"['Barrashose', 'Blechhose', 'Brunzhose', 'Franzhose', 'Haberhose', 'Hagehöslein', 'Hinterhose', 'Hochwasserhose', 'Kirchweihhose', 'Krummhose', 'Laufhose', 'Lederhosenseppel', 'Mollebuschhose', 'Pfaffenhose', 'Pumphose', 'Reizhöschen', 'Rothose', 'Seppelhosen', 'Spendierhosen', 'Springhosen', 'Unterhose', 'Wasserstandshose', 'Windhose', 'Windshose', 'Ziehharmonikahose']"
Juppe,"['Barrasjuppe', 'Frauenjuppe', 'Lodenjuppe', 'Männerjuppe', 'Winterjuppe']"
Klefel,['Barrasklefel']
Knüppel,"['Barrasknüppel', 'Bierknüppel', 'Eichenknüppel', 'Holzknüppel', 'Wäscheknüppel']"
Laib,"['Barraslaib', 'Barraslaiblein', 'Batzenlaiblein', 'Bratwurstlaibel', 'Bratwurstlaiblein', 'Brotlaib', 'Butterlaiblein', 'Fleischlaiblein', 'Hefelaiblein', 'Kaiserlaiblein', 'Kommisslaib', 'Kommisslaiblein', 'Kreuzerlaiblein', 'Kuchenlaib', 'Käslaibel', 'Käslaiblein', 'Kümmellaiblein', 'Läutlaib', 'Marklaib', 'Milchlaiblein', 'Mohnlaiblein', 'Mundlaibel', 'Mundlaiblein', 'Pritscherlaibelein', 'Pritschlaibelein', 'Rosenlaiblein', 'Schmerlaib', 'Soldatenlaib', 'Sternlaiblein', 'Wasserlaiblein']"
Lümmel,"['Barraslümmel', 'Bärenlümmel', 'Mordslümmel', 'Pfiingstlümmel', 'Pfingstlümmel', 'Saulümmel']"
Mantel,"['Barrasmantel', 'Kuhmantel', 'Speckmantel']"
Rock,"['Barrasrock', 'Bollerrock', 'Bollrock', 'Bratenrock', 'Feiertagsrock', 'Gehrock', 'Gehröcklein', 'Gevatterrock', 'Kirchenrock', 'Kirchenröcklein', 'Leibrock', 'Oberrock', 'Reifrock', 'Schlafrock', 'Starrzrock', 'Stepprock', 'Unterrock', 'Unterröcklein', 'Watterock', 'Weiberrock', 'Winterrock', 'Überrock']"
schleifen,"['Barrasschleifer', 'Blindschleife', 'Eingeschleifter', 'Eisschleife', 'Froschgeschleife', 'Fröschgeschleifri', 'Hereingeschleifte', 'Hereingeschleifter', 'Hohlschliff', 'Holzschleife', 'Kinderschleife', 'Kinderschleifen', 'Krötengeschleif', 'Nachschleifig', 'Ochsenschleif', 'Pflugschleife', 'Scherenschleifer', 'Scherschleifer', 'Schneeschleife', 'Spindelschleife', 'Steinschleife', 'Strohschleifer', 'Strohverschleifer', 'Tragschleif', 'Zugschleife']"
Schädel,"['Barrasschädel', 'Bockschädel', 'Dickschädel', 'Geschwollschädel', 'Hitzschädel', 'Narrenschädel', 'Pferdschädel', 'Sauschädel']"
Zipf,"['Barraszipfel', 'Bettzipfer', 'Erdbirnenzipfel', 'Erdbirnzipfel', 'Frostzipfel', 'Gummizipfel', 'Hafenzipf', 'Hemdszipfel', 'Hemdzipf', 'Hemdzipfel', 'Hemdzipfelein', 'Kaffeekannenzipf', 'Klassenzipf', 'Lampenzipfel', 'Mutterzipfel', 'Ohrenzipfelein', 'Rockzipfel', 'Salzzipfel', 'Schürzenzipfel', 'Wurstzipfel', 'Wurstzipfelein', 'Zipfel', 'Zipfelein']"
Bart,"['Bartel', 'Bärtlein', 'Geiferbartel', 'Geißbart', 'Geißbartel', 'Geißbärte', 'Geißbärtlein', 'Geißenbart', 'Hattelbart', 'Hirschbartling', 'Kaiserbart', 'Maisbart', 'Maisbärtlein', 'Mordsbart', 'Pfundsbart', 'Saubart', 'Schlüsselbart', 'Schnauzbart', 'Schnurrbart', 'Schnurrbartel', 'Schnurrenbart', 'Spitzbart', 'Spitzbartel', 'Trollbart', 'Vollbart', 'Wilhelmsbart', 'Ziegenbart', 'Ziegenbärtlein', 'Zwirbelbart']"
Barthel,"['Barthel', 'Saubarthel', 'Schussbarthel']"
Stiel,"['Bartleinsstiel', 'Besenstiel', 'Blaustiel', 'Blaustielein', 'Dickstieler', 'Eschenstiel', 'Grabschaufelstiel', 'Holzstiel', 'Kohlstiel', 'Krausköhlstiele', 'Köhlstiel', 'Köhlstielgemüse', 'Langholzstiel', 'Mangoldsstiele', 'Mangoldstiel', 'Pappenstiel', 'Rechengabelstiel', 'Rechenstiel', 'Rechenstielein', 'Recherstiel', 'Runkelstiel', 'Runkelstiele', 'Spatenstiel', 'Wurfstiel']"
Puppe,"['Bartpüppelein', 'Blinzelpuppe', 'Getreidepuppe', 'Glotzpuppe', 'Herzepüpplein', 'Heupuppe', 'Kornpuppe', 'Linspuppe', 'Mamapuppe', 'Modepuppe', 'Modepüpplein', 'Pöppelein', 'Püppelein', 'Schlafaugenpuppe', 'Schlafpuppe', 'Stadtzierpuppe', 'Wackelpuppelein', 'Weizenpuppe', 'Windpuppe', 'Zappelpuppe', 'Zierpuppe']"
Geige,"['Bassgeige', 'Bettelgeige', 'Bettelgeiger', 'Brotgeige', 'Heugeige', 'Hohlweggeige', 'Hohlweggeiger', 'Kirchweihgeige', 'Kleegeige', 'Krachgeige', 'Kratzgeige', 'Leiereigeiger', 'Patschgeige', 'Quietschgeige', 'Spruchgeige', 'Totengeige', 'Totengeiger', 'Zupfgeige']"
humpeln,['Basshumpel']
Mockel,"['Batzenmockel', 'Butzemockel', 'Bätzermockel', 'Dreckmockel', 'Fichtenmockel', 'Fichtenmockelein', 'Fohrelmockel', 'Fohrenmockel', 'Fohrenmockelein', 'Fohrlmockel', 'Fohrlmockelein', 'Föhrenmockel', 'Föhrenmockelein', 'Föhrleinsmockel', 'Föhrleinsmockelein', 'Geißmockel', 'Goldmockelein', 'Holzmockel', 'Hosenmockel', 'Hurenmockel', 'Kellermockel', 'Kellermockelein', 'Kiefermockel', 'Kiefernmockel', 'Kuhmockelein', 'Käsmockelein', 'Kühmockel', 'Mantelmockelein', 'Märzenmockel', 'Märzenmockelein', 'Ochsenmockel', 'Ochsenmockelein', 'Saufmockel', 'Saufmockelein', 'Spitzmockel', 'Stockmockel', 'Streumockel', 'Streumockelein', 'Tannenmockel', 'Tannenmockelein', 'Traummockel', 'Zitzenmockel', 'Zitzenmockelein']"
Stelle,"['Batzenstelle', 'Bettstelle', 'Dachrinnenaustropfstelle', 'Druckstelle', 'Eiersammelstelle', 'Faulstelle', 'Fehlstelle', 'Froststelle', 'Fruchtgeilstelle', 'Garstelle', 'Geilstelle', 'Kahlstelle', 'Moststelle', 'Nahtstelle', 'Nassstelle', 'Pflatschstelle', 'Pflätschenstelle', 'Rinnstelle', 'Roststelle', 'Splitterstelle', 'Sumpfstelle', 'Teichstelle', 'Trennstelle', 'Tropfstelle', 'Tröpfstelle', 'Waldstelle', 'Winterungsstelle']"
Weck,"['Batzenweck', 'Bratwurstweck', 'Bratwurstweckel', 'Bratwurstwecklein', 'Butterweck', 'Butterwecken', 'Butterwecklein', 'Dreinweck', 'Eierweck', 'Eierwecken', 'Eierwecklein', 'Fizeweck', 'Hackweck', 'Halbbatzenweck', 'Kaiserweck', 'Kammwecklein', 'Kindbettwecklein', 'Kipfleinsweck', 'Kreuzerwecklein', 'Kümmelweck', 'Kümmelwecklein', 'Matteweck', 'Milchweck', 'Milchwecken', 'Milchwecklein', 'Mohnweck', 'Mohnwecklein', 'Mundwecklein', 'Mättesweck', 'Mürbeweck', 'Neujahrsweck', 'Pärleinsweck', 'Reihenweck', 'Riebelsweck', 'Riebelweck', 'Roseweck', 'Salzweck', 'Schlappenweck', 'Schlitzweck', 'Schmalzweck', 'Schnittweck', 'Schnittwecken', 'Schnittwecklein', 'Semmelweck', 'Spitzweck', 'Spitzwecklein', 'Spulwecklein', 'Stadtsweck', 'Stadtweck', 'Totenwecken', 'Wallweck', 'Wallwecklein', 'Wasserweck', 'Wasserwecklein', 'Wurstweck', 'Wurstwecklein', 'Zipfelwecklein', 'Zuckerweck']"
Bätz,"['Batzi', 'Baumbätzelein', 'Bollenbätzelein', 'Butzi', 'Bätz', 'Bätzel', 'Bätzelein', 'Bätzen', 'Bätzer', 'Bätzerlein', 'Bätzlein', 'Fichtenbätz', 'Fichtenbätzer', 'Fichtenstreubätz', 'Haselbätzelein', 'Haselnussbätz(en)', 'Haselnussbätzel', 'Haselnussbätzelein', 'Haselnussbätzlein', 'Haselnüssebätzlein', 'Hausbätzer', 'Hemdbätz', 'Herzbätz', 'Herzbätzelein', 'Herzbätzlein', 'Herzebätz', 'Herzebätzel', 'Herzebätzelein', 'Herzebätzer', 'Herzebätzi', 'Herzebätzlein', 'Herzenbätz', 'Herzensbätzelein', 'Himmelbätzlein', 'Hosenbätz', 'Kieferbätzer', 'Kiefernbätz', 'Lehrerbätzel', 'Lehrerbätzelein', 'Maisbätzer', 'Mamabätzelein', 'Mutterbätzer', 'Märzenbätzelein', 'Märzenbätzer', 'Nussbätzelein', 'Osterbätzelein', 'Palmbätzelein', 'Samenbätz', 'Samtbätz', 'Saubätz', 'Saubätzer', 'Schafbätz', 'Schafbätzelein', 'Schmeichelbätz', 'Schneckenbätz', 'Schneckenbätzelein', 'Schneckenbätzer', 'Schneckenbätzlein', 'Schneckibätzelein', 'Seichbätz', 'Streubätz', 'Stubenbätzen', 'Tannebätzlein', 'Tannenbätz', 'Tannenbätzelein', 'Tannenbätzer', 'Tannenbätzerlein', 'Tannenbätzlein', 'Tannenstreubätz', 'Weißtannenbätzer']"
Fahrt,"['Bauchfahrt', 'Bittfahrt', 'Durchfahrt', 'Galaausfahrt', 'Geschickfahrt', 'Grabendurchfahrt', 'Hofeinfahrt', 'Rockenfahrt', 'Wallfahrt', 'Wallfahrter', 'Wallfahrterer', 'Überfahrt']"
flatschen,"['Bauchflatscher', 'Kuhflatschen', 'Kuhflatscher', 'Kühflatschen']"
Gickel,"['Bauchgicker', 'Gickel', 'Gickelsepp', 'Hochmutgickel', 'Hochmutsgickel', 'Hoffartsgickel', 'Saugickel', 'Schuttgicker', 'Spratzergickel', 'Zorngickel']"
Grimm,['Bauchgrimmen']
hutschen,"['Bauchhutscher', 'Nesthütschelein', 'Nesthütscher']"
hüpfen,"['Bauchhüpfer', 'Beinhüpfen', 'Betthupferlein', 'Betthüpferl', 'Betthüpferlein', 'Froschhüpfer', 'Fröschehüpfen', 'Grashüpfer', 'Gurgelhüpfer', 'Hemdhüpfer', 'Heuhupfer', 'Hupferlein', 'Hüpferlein', 'Kleehüpfer', 'Nachthüpferlein', 'Pfannenhüpfer', 'Röhrenhüpfer', 'Stadtshüpferer', 'Stückelhüferlein', 'Stückelhüpfer', 'Wasserhüpfer']"
klatschen,"['Bauchklatscher', 'Fingerklatschen', 'Händeklatschen']"
klitschen,['Bauchklitscher']
pfatschen,['Bauchpfatscher']
pflatschen,"['Bauchpflatscher', 'Händpflätschlein', 'Pflatsche', 'Pflatscher', 'Pflätsche', 'Platscher']"
platschen,"['Bauchpflatscherer', 'Bauchplatscher', 'Bauchplatscherer', 'Butterplatsche', 'Dripflatsch', 'Kuhpflatschen', 'Plätsch', 'Plätscher', 'Schneeplatsch', 'Stadtplatsche', 'Wasserpflitsche', 'Wasserpflätsche']"
Schmerz,['Bauchschmerzen']
Speck,"['Bauchspeck', 'Gretelspeck', 'Kesselspeck', 'Schüpfspeck']"
tatschen,"['Bauchtatscher', 'Drecktatsche', 'Drecktatscher', 'Fingertätschen', 'Fingertätscher', 'Hinkedotsch', 'Hinketatsch', 'Hundstatscher', 'Katzentatschen', 'Katzentatscher', 'Lappetatsch']"
Umfang,['Bauchumfang']
Warze,"['Bauchwarze', 'Brustwarze', 'Dornwarze', 'Sensenwarze', 'Sensenwarzel']"
Watz,"['Bauchwatz', 'Bollewatz', 'Butzewatz', 'Schmierwatz', 'Wullewatz']"
Wurzel,"['Bauchwurzel', 'Baumwurzel', 'Brachwurzeln', 'Gemüsewurzel', 'Graswurzel', 'Holzwurzel', 'Hühnerwurzel', 'Jesuswurz', 'Johanniswurz', 'Johanniswurzel', 'Kohlwurzelloch', 'Nagelwurz', 'Nagelwurzel', 'Rahmwurzel', 'Schwanzwurzel', 'Schwarzwurzel', 'Selleriewurzel', 'Widerwurzel', 'Zuwiderwurz', 'Zuwiderwurze', 'Zuwiderwurzel']"
Verein,"['Bauernburschenverein', 'Burschenverein', 'Frohsinnverein', 'Gesangsverein', 'Gesellenverein']"
Dorf,"['Bauerndorf', 'Drückendorfer', 'Glotzdorf', 'Kuhdorf', 'Nachbardorf', 'Schnelldorf']"
Faust,"['Bauernfaust', 'Handfäustel', 'Handfäustlein', 'Steinfäustel', 'Steinhauersfäustlein']"
fünf,['Bauernfünfer']
Hafen,"['Bauernhäfelein', 'Betthafen', 'Blumenhafelein', 'Blumenhafen', 'Blumenhäfelein', 'Bogenhafen', 'Bogenhäfelein', 'Botenhafen', 'Botenhäfelein', 'Brotzelhafen', 'Brunzhafen', 'Brunzhäfelein', 'Brünzhäfelein', 'Bundhafen', 'Bundhäfelein', 'Butzenhäfelein', 'Einbrockhafen', 'Einbrockhäfelein', 'Einfüllhafel', 'Essenhafen', 'Essenhäfelein', 'Essentraghafen', 'Esshafen', 'Extrahafen', 'Fetthäfelein', 'Fresshafen', 'Futterhafen', 'Fußhafen', 'Garnhafen', 'Glückhafen', 'Glückshafen', 'Henkelhafen', 'Holzhafen', 'Hänghafen', 'Höllhafen', 'Kaffeehafel', 'Kaffeehafelein', 'Kaffeehafen', 'Kaffeehäfelein', 'Kernhafen', 'Kinderhäfelein', 'Klößhafen', 'Knotterhafen', 'Käshafen', 'Käshäfelein', 'Linsenhafenlein', 'Mahdsuppenhafen', 'Melkhafen', 'Milchhafelein', 'Milchhafen', 'Milchhäfchen', 'Milchhäfelein', 'Nachthafel', 'Nachthafen', 'Nachthaferl', 'Nachthäfchen', 'Nachthäfelein', 'Nachthäferl', 'Nachtshafen', 'Nachtshäfelein', 'Nörgelhafen', 'Ofenhafen', 'Pieshafen', 'Pothafen', 'Pritschhafenlein', 'Quirlhafen', 'Rahmhafel', 'Rahmhafen', 'Rührhafen', 'Salzhafelein', 'Salzhafen', 'Salzhafenlein', 'Salzhäfelein', 'Scheißerhäfelein', 'Scheißhafel', 'Scheißhafen', 'Scheißhaferl', 'Scheißhäfelein', 'Schmalzhafen', 'Schmalzhäfelein', 'Schmeckenhafen', 'Schmeckenhäfelein', 'Schmeckhäfelein', 'Schnappenhafelein', 'Schnappenhafen', 'Schnappenhäfelein', 'Schnaubelhäfelein', 'Schnaubenhafen', 'Schnaubenhäfelein', 'Schnaufenhäfelein', 'Schnauzenhäfelein', 'Schnäuzleinshäfelein', 'Schnürpfelhafen', 'Schöpfhafel', 'Schöpfhafelein', 'Schöpfhafen', 'Schöpfhäfel', 'Schöpfhäfelein', 'Schöpfhäflein', 'Seichehafen', 'Seichhafen', 'Seichhaferl', 'Seichhäfelein', 'Seihhafen', 'Sottererhafen', 'Sotterhafen', 'Sparhafen', 'Speihafen', 'Steinguthafen', 'Steinhafen', 'Stockhafen', 'Stockhäfelein', 'Straußhafen', 'Streithafen', 'Sträußhäfelein', 'Suppenhafelein', 'Suppenhafen', 'Suppenhaferl', 'Suppenhäfelein', 'Suppenträgerhafen', 'Tonhafen', 'Traghäfelein', 'Träumhafen', 'Wasserhafen', 'Wasserhäfelein', 'Wetzsteinhafen', 'Zautenhäfelein', 'Zauzenhäfelein', 'Zipfenhäfelein', 'Zipfhafen', 'Zipfhäfelein', 'Züttelhäfel', 'Züttelhäfelein']"
Kaff,"['Bauernkaff', 'Dreckkaffer']"
Karpfen,"['Bauernkarpfen', 'Befruchtkarpfen', 'Laichkarpfen', 'Mooselkarpfen', 'Mooskarpfen', 'Mutterkarpfen', 'Satzkarpfen', 'Schlagkarpfen', 'Setzkarpfen', 'Spiegelkarpfen', 'Teichkarpfen', 'Tümpelkarpfen', 'Weiherkarpfen', 'Wirtskarpfen', 'Zuchtkarpfen']"
Magd,"['Bauernmagd', 'Blasenmaid', 'Blödmannsmagd', 'Brautmaid', 'Bräutsmagd', 'Kindermagd', 'Kindsmagd', 'Platzmagd', 'Spülmagd']"
Meichel,"['Bauernmeichelein', 'Bläkmeichel', 'Brunzmeichel', 'Fletschmeichel', 'Fletschmeichelein', 'Flöhmeichel', 'Flötschmeichel', 'Greinmeichel', 'Greinmeichelein', 'Greinmeichelen', 'Hadermeichelein', 'Heulmeichel', 'Heulmeichelein', 'Knallmeichel', 'Knörmeichel', 'Kopfmeichel', 'Kopfmeichelein', 'Kuhmeichelein', 'Lötschmeichel', 'Pfletschmeichel', 'Pfletschmeichelein', 'Pflötschmeichel', 'Schlafmeichel', 'Schreimeichel', 'Stallmeichel', 'Teigmeichel', 'Traummeichel', 'Traummeichelein', 'Wallmeichel']"
rammeln,"['Bauernrammel', 'Bauerrammel', 'Hasenrammler', 'Katzenrammel', 'Saurammel']"
Rose,"['Bauernrose', 'Bauernröslein', 'Blutrose', 'Bodenröslein', 'Buschrose', 'Buschrösel', 'Buschröslein', 'Buschwindrose', 'Buschwindröschen', 'Buschwindröslein', 'Christrose', 'Dornenheckenröslein', 'Dornenrose', 'Dornenröslein', 'Dornrose', 'Dörnenröslein', 'Eisrose', 'Feuerrose', 'Fieberröslein', 'Flatterröslein', 'Friedhofrose', 'Friedhofsröslein', 'Fronleichnamsrose', 'Frühjahrsröslein', 'Furchenrose', 'Gergenrose', 'Gergenröslein', 'Gichtrose', 'Gichtsrose', 'Gießerrose', 'Giftröslein', 'Gottesackerröslein', 'Gäulsrose', 'Hagebuttenrose', 'Hagedornrose', 'Heckenrose', 'Heckenröschen', 'Heckenröslein', 'Herrgottsröslein', 'Hiefenrose', 'Hiefenröslein', 'Hundertblätterrose', 'Hundrose', 'Hundsrose', 'Hundsröslein', 'Johannisröslein', 'Kirchhofrose', 'Kirchhofsrose', 'Klatschrose', 'Klitschrose', 'Kornrose', 'Mariaröslein', 'Marienrose', 'Maulrose', 'Muttergottesrose', 'Muttergottesröslein', 'Märzenröslein', 'Oktoberrose', 'Pappelrose', 'Patschrose', 'Pfingstrose', 'Pfingströslein', 'Pfletschrose', 'Pflischrose', 'Pfundrose', 'Pumpelrose', 'Schneeröschen', 'Staudenrose', 'Steigrose', 'Totenrose', 'Totenröslein', 'Turmrose', 'Waldröslein', 'Weihnachtsröslein', 'Wildrose', 'Windrose', 'Windröschen', 'Windröslein', 'Ölrose']"
Spatz,"['Bauernspatzen', 'Bierwirtspatzen', 'Domspatz', 'Dreckspatz', 'Dürrspatz', 'Erdbirnenspatz', 'Erdbirnspatz', 'Feierspatzen', 'Feuerspatz', 'Feuerspatzen', 'Grießspatzen', 'Grünspatz', 'Klassenspatz', 'Käsespatz', 'Kässpatzen', 'Löffelspatz', 'Löffelspatzen', 'Mehlspatz', 'Mehlspatzen', 'Mehlspatzlein', 'Mehlspätzchen', 'Mehlspätzlein', 'Mutterspätzelein', 'Nestspatz', 'Rohrspatz', 'Rohrsperk', 'Rotspatz', 'Röhrleinsspatz', 'Röstspatzen', 'Schneespatz', 'Seiherspätzlein', 'Stärkmehlspatz', 'Wasserspatz', 'Wasserspatzen', 'Weckspatz']"
trampeln,"['Bauerntrampel', 'Putztrampel']"
Giebel,['Baumgiebel']
Gipfel,['Baumgipfel']
Gupfe,"['Baumgupfe', 'Fichtengupfe', 'Tannengupfe']"
klappern,"['Baumklapperer', 'Eigekläpper', 'Kühklapper', 'Leistenklapperer', 'Lochklapperer', 'Rorateklapper', 'Stürzenklappern']"
Knorren,"['Baumknorren', 'Fußknorren', 'Kiefernknörrlein', 'Knorrer', 'Mordsknorren']"
Koppe,"['Baumkoppe', 'Felberkoppe', 'Hennekoppen', 'Hühnerkoppen', 'Koppel', 'Milchköpplein', 'Wipfelkoppe', 'Ährenkoppe']"
Krone,"['Baumkrone', 'Flaschenkrone']"
Kuppe,"['Baumkuppe', 'Kuppelein', 'Seichhämeisküppel']"
Nadel,"['Baumnadel', 'Schuhahlennadel', 'Schuhnadel', 'Schustersnadel', 'Stecknadel', 'Streunadeln']"
Pfahl,"['Baumpfahl', 'Dengelpfahl', 'Schrankpfahl', 'Schränkpfahl', 'Seichpfahl', 'Weinbergspfahl', 'Weingartspfahl', 'Zaunpfahl']"
Pflock,"['Baumpflock', 'Bettelpflock', 'Eisenpflock', 'Garbenpflöckel', 'Gartenpflock', 'Holzpflock', 'Holzpflöcklein', 'Pflanzpflock', 'Schusterspflock', 'Weinbergspflock', 'Wäschepflock', 'Wäschepflöcke', 'Wäschpflock']"
Ratte,"['Baumratz', 'Bolleratz', 'Bozeratz', 'Butzeratz', 'Kellerratte', 'Kellerratz', 'Krautratte', 'Köhlratz', 'Müllratzen', 'Sackratte', 'Schlafratz', 'Seichratte', 'Stadtratte', 'Stehlratz', 'Wasserratte', 'Wasserratz']"
Rille,"['Baumrille', 'Fettrille']"
Rinde,"['Baumrinde', 'Brotrinde', 'Brotrindel', 'Emmentalerrinde', 'Gerberrinde', 'Holzrinde', 'Käserinde', 'Käsrinde', 'Löhrinde', 'Putzrinde', 'Saumrinde', 'Schabrinde', 'Stachelbeerrinde', 'Weinbeerrinde']"
Scheibe,"['Baumscheibe', 'Bratgrundbirnenscheibelein', 'Brotscheibe', 'Erdbirnenscheibelein', 'Erdbirnenscheiben', 'Erdbirnenschäufelein', 'Erdbirnknödeleinscheiben', 'Erdäpfelscheibelein', 'Erdäpfelschäufelein', 'Fensterscheibe', 'Grundbirnenklößscheibelein', 'Grundbirnenscheibelein', 'Grundbirnscheibelein', 'Kartoffelscheiblein', 'Klößscheibelein', 'Kniescheiben', 'Leckscheibelein', 'Leistenscheibe', 'Leistscheibe', 'Leuchsenscheibe', 'Leuchsenscheiben', 'Lonscheibe', 'Rangscheibe', 'Rüsselscheibe', 'Setzleistenscheibe', 'Wühlscheibe', 'Zitronenscheibe']"
Schwamm,"['Baumschwamm', 'Baumschwämmlein', 'Birkenschwamm', 'Birkenschwammer', 'Blutschwamm', 'Bollerschwamm', 'Butterschwamm', 'Butterschwämmchen', 'Butterschwämme', 'Butterschwämmlein', 'Eierschwamm', 'Eierschwammelein', 'Eierschwammer', 'Eierschwammerl', 'Eierschwammerlein', 'Eierschwammlein', 'Eierschwämmchen', 'Eierschwämmelein', 'Eierschwämmlein', 'Ellerschwamm', 'Feuchtschwammerl', 'Feuerschwamm', 'Fingerschwamm', 'Fleischschwamm', 'Fleischschwammer', 'Fliegenschwamm', 'Fliegenschwammer', 'Gackeleinschwamm', 'Gackeleinsschwamm', 'Gelbschwämmlein', 'Giftschwamm', 'Grummetschwamm', 'Gummischwamm', 'Gummischwammer', 'Habichtsschwamm', 'Hirschenschwammer', 'Händleinschwamm', 'Händleinsschwamm', 'Kapuzinerschwämmlein', 'Korkschwamm', 'Kuhschwamm', 'Kuhschwammer', 'Kunstschwämmlein', 'Kühschwamm', 'Löschschwamm', 'Maischwamm', 'Maischwämme', 'Maischwämmlein', 'Mehlschwammer', 'Milchschwamm', 'Milchschwammer', 'Mistschwamm', 'Moosschwämmlein', 'Mückenschwamm', 'Mückenschwammer', 'Mückenschwammerl', 'Perlschwammer', 'Pulverschwamm', 'Pulverschwammer', 'Rainschwamm', 'Rainschwammer', 'Rainschwammerlein', 'Rainschwämmelein', 'Rainschwämmlein', 'Rangenschwämmlein', 'Rasenschwämmlein', 'Raucherschwammer', 'Rauchschwamm', 'Rauchschwammer', 'Rauchschwämmlein', 'Rehschwämmlein', 'Rotschwammer', 'Schieferschwamm', 'Schieferschwammer', 'Schiefertafelschwamm', 'Schulschwamm', 'Semmelschwammer', 'Staubschwämmlein', 'Steinschwamm', 'Stinkschwamm', 'Stockschwamm', 'Stockschwammer', 'Stockschwammerlein', 'Stockschwammerling', 'Stockschwämmchen', 'Stockschwämmlein', 'Stöckleinschwammer', 'Stöckleinschwämme', 'Stöckleinsschwamm', 'Stöckleinsschwämme', 'Stöckschwammer', 'Stöckschwämmlein', 'Tafelschwamm', 'Tafelschwammer', 'Tafelschwammlein', 'Tafelschwämmlein', 'Teufelschwammer', 'Teufelsschwamm', 'Wasserschwamm', 'Wiesenschwamm', 'Wiesenschwämme', 'Wiesenschwämmlein', 'Wiesnschwämmlein', 'Zigeunerschwamm', 'Zigeunerschwämmlein']"
Span,"['Baumspan', 'Einschürspan', 'Grünspan', 'Grünspaner', 'Hauspan', 'Hobelspan', 'Hobelspäne', 'Holzspan', 'Kienspan', 'Rindenspan', 'Spänlein', 'Sägespan', 'Sägespäne', 'Sägspan', 'Sägspäne', 'Waldspan']"
Splitter,"['Baumsplitter', 'Holzsplitter']"
Stamm,"['Baumstamm', 'Birkenstamm', 'Birkenstämmchen', 'Eichenstamm', 'Erdsstämmlein', 'Erdstamm', 'Furnierstamm', 'Hochstamm', 'Holzstamm', 'Langstamm', 'Ruhstamm', 'Schneidstämmlein']"
Sterz,"['Baumsterzel', 'Beinsterz', 'Beinsterzer', 'Erdbirnsterz', 'Flügelsterzer', 'Kartoffelsterz', 'Pflugsterz', 'Pflugsterzel', 'Steinsterzelein', 'Storzen', 'Säusterz']"
Storren,"['Baumstorren', 'Wetterstorren', 'Zahnstorren']"
Strunk,['Baumstrunk']
Stummel,"['Baumstummel', 'Baumstümmel', 'Bierstümmelein', 'Glühstummel', 'Katzenstummel', 'Katzenstummelein', 'Mierstummel', 'Schwanzstummel', 'Schwanzstummellein', 'Stinkstummel', 'Weckestummel', 'Zähnstummel']"
Stumpen,"['Baumstumpel', 'Baumstumpen', 'Erdbirnstömpen', 'Langholzstumpen', 'Schwanzstumpel', 'Stinkstumpen', 'Stumpen', 'Stumper', 'Stumpes', 'Stümper']"
Stumpf,"['Baumstumpf', 'Baumstumpfel', 'Baumstumpfen', 'Baumstümpfel', 'Bäumestumpf', 'Grasstumpf', 'Grasstümpflein', 'Schneidstumpf', 'Schneidstümpflein', 'Sterzelstumpf', 'Stinkstumpfen', 'Stumpf', 'Stumpfel', 'Stumpfelein', 'Stumpfen', 'Stümpfel']"
Sturzel,"['Baumsturzen', 'Erdbirnensturzel', 'Erdäpfelsturzel', 'Erdäpfelstürzel', 'Erdäpfelstützel', 'Zahnsturzel', 'Zahnstürzel']"
stürzen,"['Baumstürzer', 'Blutsturz', 'Halmfeldstürzen', 'Halmstürzen', 'Halmumstürzen', 'Herumstürzen', 'Stoppelstürzen', 'Stoppelumstürzen', 'Stupfelsturz', 'Stupfelstürzen', 'Stupfelumsturz', 'Türsturz', 'Windsturz']"
Welle,"['Baumwelle', 'Büscheleinswelle', 'Donauwelle', 'Gertwelle', 'Hitzewelle', 'Hundertwellen', 'Langwelle', 'Radwelle', 'Reisigswelle', 'Reisigwelle', 'Rollwelle', 'Tannewellen', 'Zeckenwelle']"
Wipfel,['Baumwipfel']
Wolle,"['Baumwollene', 'Putzwolle', 'Sauwolle']"
zwicken,"['Baumzwicker', 'Eisenzwickel', 'Fahrkartenzwicker', 'Hineingezwickte', 'Holzzwicker', 'Maulzwickelein', 'Nasenzwicker', 'Nasenzwickerlein', 'Nasenzwickes', 'Reingezwickte', 'Sackzwicker', 'Wäschezwickel', 'Wäschezwickelein', 'Wäschezwicker', 'Wäschezwickerl', 'Wäschezwickerlein', 'Wäschzwicker', 'Wäschzwickerlein']"
Plan,"['Bauplan', 'Fahrplan', 'Plane']"
Bausch,"['Bauschbäcklein', 'Gerstenbäusch', 'Nutschbäuschel', 'Raubausch', 'Rauschebausch', 'Rauschebauschin', 'Strohbausch', 'Strohbäusch', 'Strohbäuschlein', 'Wattebausch', 'Windbausch']"
Wind,"['Bayernwind', 'Drudenwind', 'Eismeerwind', 'Eiswind', 'Hexenwind', 'Nordwind', 'Oberwind', 'Ostwind', 'Rauwind', 'Rhönwind', 'Russenwind', 'Russlandwind', 'Sauwind', 'Schneewind', 'Sturmwind', 'Trudenwind', 'Unterwind', 'Waldwind', 'Windauswuchs', 'Windswirbel', 'Windszwirbel', 'Windwirbel', 'Windwurf', 'Wirbelwind', 'Zwirbelwind']"
Knilch,['Baziknilch']
Spruch,"['Bedankspruch', 'Dotenspruch', 'Pfarrerspruch', 'Spruchsäckel']"
Steak,"['Beefsteak', 'Beefsteaklein']"
Beere,"['Beeren', 'Brombeere', 'Butterbeerlein', 'Elsbeere', 'Erdbeere', 'Heidbeere', 'Heidebeere', 'Heidelbeere', 'Heidelbeerlein', 'Heidenbeere', 'Herrgottsbeerenchen', 'Himbeerblätter', 'Himbeere', 'Himbeeren', 'Hohlbeere', 'Hollerbeere', 'Holzbeere', 'Hundsbeere', 'Johannisbeere', 'Johannisbeerlein', 'Kandelbeere', 'Krametsbeerbaum', 'Kratzbeerlein', 'Kreuzbeere', 'Lausbeerlein', 'Maulbeere', 'Mehlbeere', 'Mehlbeerlein', 'Müllerbeere', 'Rotbeere', 'Rotbeerlein', 'Schlehbeere', 'Schlehebeere', 'Schlehenbeere', 'Schlehenbeerlein', 'Schneebeere', 'Schwarzbeere', 'Schwarzbeeren', 'Schwarzbeerer', 'Spreißelbeere', 'Stachelbeere', 'Stachelsbeere', 'Teigbeere', 'Vogelbeerbäumlein', 'Vogelbeere', 'Vogelbeerlein', 'Vogelbutzen', 'Vogelsbeere', 'Vögelbeere', 'Vögeleinsbeerlein', 'Vögelsbeere', 'Vögelsbeerlein', 'Waldbeere', 'Wanzenbeere', 'Weinbeere', 'Weinbeerlei', 'Weinbeerlein', 'Weißbeere', 'Weißdornbeere', 'Weißdornbeerlein']"
brocken,['Beerenbrocker']
grapschen,"['Beerengrapscher', 'Federgrapschel']"
Haut,"['Beerenhaut', 'Beerleinshaut', 'Dickhäuter', 'Eishaut', 'Eishäutlein', 'Elefantenhaut', 'Fingernagelhaut', 'Gänsehaut', 'Hornhaut', 'Kahmhaut', 'Kapselhaut', 'Kopfhaut', 'Kuhhaut', 'Käsehaut', 'Milchhaut', 'Nagelhaut', 'Nagelhäutlein', 'Neidhaut', 'Schimmelhaut', 'Schmerhaut', 'Stachelbeerhaut', 'Weintraubenhaut', 'Wursthaut', 'Wurzelhaut']"
Maria,['Beerenmarie']
rupfen,"['Beerenrupfen', 'Beerenrupfer', 'Beerenrupferin', 'Beerleinsrupfer', 'Beerrupfen', 'Beerrupfer', 'Heurupfen', 'Schwarzbeerrupfen', 'Schwarzbeerrupfer', 'Äpfelrupfer']"
strupfen,['Beerenstrüpfer']
winden,"['Beerenwinde', 'Bohrwinde', 'Bremswinde', 'Drehwinde', 'Herauswinden', 'Heuwinde', 'Pflugswindel', 'Schleifwinde', 'Spindelwinde', 'Vorderwinde']"
zupfen,"['Beerenzupfer', 'Beerenzüpfer', 'Beerzupfer', 'Brestleinzupfer', 'Brestlingzupfer', 'Edelweißzupfen', 'Heidelbeerzupfer', 'Schwarzbeerenzupfer', 'Schwarzbeerzupfer', 'Träubenzupfer']"
schiegen,"['Beetschiege', 'Blindschiege', 'Linkerschieger', 'Linketschieger', 'Linksschieger', 'Spinnenschiegerin']"
Glück,"['Beiaglück', 'Mordsglück', 'Mutterglück', 'Sauglück']"
Hafer,"['Beichthafer', 'Pfarrhafer']"
Kamerad,"['Beichtkameradin', 'Kamerad', 'Schnürschuhkamerad', 'Schulkamerad', 'Spielkamerad']"
Helm,"['Beihelhelm', 'Stahlhelm', 'Sturzhelm']"
Krampf,"['Beinkrampf', 'Weinkrampf']"
Schlange,"['Beinschlänger', 'Blindschlange', 'Brillenschlange', 'Feldschlange', 'Giftschlange', 'Klapperschlange', 'Kreuzschlange', 'Kupferschlange', 'Natterschlange', 'Ringelschlange', 'Schwarzschlange', 'Wasserschlange', 'Weiberschlange']"
Stuhl,"['Beinstühlein', 'Dachstuhl', 'Fußstühlein', 'Förstersstuhl', 'Geländerstuhl', 'Hochzeitsstühlein', 'Jagdstuhl', 'Jagerstuhl', 'Jagstuhl', 'Jägerstuhl', 'Katzenstuhl', 'Katzenstühlein', 'Kipfstuhl', 'Kippstuhl', 'Krötenstuhl', 'Melkstühlein', 'Pächterstuhl', 'Ruhestuhl', 'Schäfersstuhl', 'Schäferstuhl']"
sägen,"['Beinsäge', 'Holzsäger', 'Kreissäge', 'Schrotsäge', 'umsägen']"
Beiß,"['Beiß', 'Bläkbeiß', 'Dreckbeiß', 'Hecksaubeiß', 'Hurenbeiß', 'Lendenbeiß', 'Saubeiß', 'Stinkbeiß', 'Säubeiß', 'Verreckbeiß', 'Wildbeiß', 'Wildsaubeiß']"
Michael,"['Beißenmichel', 'Dampfermichel', 'Gelustmichel', 'Gewürgmichel', 'Glatzenmichel', 'Greinmichel', 'Neidmichel', 'Plattenmichel', 'Profitmichel', 'Profitmichelchen', 'Prozessmichel', 'Schläppenmichel', 'Schläppmichel', 'Stangenmichel', 'Storchsmichel', 'Streitmichel', 'Traummichel', 'Wurstmichael']"
Wickel,"['Beißigwickel', 'Einwickelpappe', 'Erdäpfelwickelein', 'Zornwickel', 'Zornwicksel']"
Knoppe,"['Beißknopperin', 'Bergknopper', 'Bergknoppern', 'Elektrisierknöppelein', 'Garbenknöppelein', 'Gießknoppe', 'Holzknopper', 'Hundsknopper']"
Knute,['Beißknute']
Knüttel,"['Beißknüttel', 'Bruchknüttel', 'Holzknüttel', 'Schafknüttel']"
Zange,"['Beißzanga', 'Beißzange', 'Feuerzange', 'Giftzange', 'Keifzange', 'Kerbzange', 'Kluppzange', 'Kneifzange', 'Streitzange']"
Bambes,['Bempes']
Benzin,"['Benzin', 'Strampulinbenzin']"
Motor,"['Benzolmotor', 'Dreschmotor', 'Elektromotor', 'Hachsmotor', 'Kniescheibenmotor', 'Oberschenkelmotor', 'Schweißtropfenmotor', 'Strampelmotor']"
Barg,"['Bergel', 'Streitbargel', 'Streitbärgel', 'Zähbarg']"
Geist,"['Berggeist', 'Flattergeist', 'Freigeist', 'Krawallgeist', 'Plagegeist', 'Plaggeist', 'Poltergeist', 'Quälgeist', 'Totengeist', 'Unruhegeist', 'Unruhgeist', 'Unternehmungsgeist', 'Weingeist', 'Würggeist']"
Luft,"['Bergluft', 'Eisluft', 'Hammerluft', 'Luftikus', 'Nordluft', 'Oberluft', 'Rhönluft', 'Sauluft', 'Schneeluft', 'Schneelüftlein', 'Stickluft', 'Waldluft', 'Zimmerluft']"
Latsche,"['Berglätsche', 'Brandlätsche', 'Huflatsche', 'Säulatsche']"
Wacht,['Bergwachtporter']
gammeln,['Berufsgammler']
Kissen,"['Beruhigungskisslein', 'Brunzkissen', 'Einbindkiss', 'Einbindkissel', 'Fatschkissen', 'Fätschenkiss', 'Hefekisselein', 'Kopfekissen', 'Kopfekisslein', 'Kopfkisslein', 'Seichkissen', 'Steckkissen', 'Tragkissen', 'Wickelkiss', 'Wickelkisselein', 'Wickelkissen', 'Wickelkissig']"
Borte,['Besenborte']
Ritz,"['Besucherritze', 'Besuchsritze', 'Bettritze', 'Türritze']"
läuten,"['Betläuter', 'Hemdenläuter', 'Hemdläuter', 'Hemdläuterer', 'Hemdläuterich', 'Hemdläuterlein', 'Hemdsläuter', 'Hemdsläuterlein', 'Mittagläuten', 'Zusammenläuten']"
Pater,"['Betpäterlein', 'Froschpater', 'Geißpaterl', 'Krötenpater', 'Ohrenpater', 'Rosenkranzpaterlein', 'Rosenkranzpäterlein', 'Rosenpäterlein']"
Unfall,"['Betriebsunfall', 'Pillenunfall', 'Verkehrsunfall']"
Barchent,"['Bettbarchat', 'Bettbarchent', 'Bettbarchet', 'Federnbarchent']"
fechten,"['Bettelfechter', 'Spiegelfechterei']"
Hamper,"['Bettelhamperer', 'Fichtenhamper', 'Happel', 'Happelein', 'Happer', 'Happerlein', 'Lehrerhamperlein', 'Mamahamper', 'Pferdhampel', 'Pferdhappelein', 'Regenhamperlein', 'Schlittenhamper', 'Schneehampelein', 'Tannenhamper', 'Tannenhamperlein', 'Taubenhamper']"
Instrument,['Bettelinstrument']
Lapp,"['Bettellappes', 'Fettlapp', 'Hungerlappen', 'Hungerlappes', 'Lappen', 'Lappes', 'Maulläppse', 'Waschlappen']"
Vogt,"['Bettelvogt', 'Genaschvogt', 'Hasenvogt', 'Kaninchenvogt', 'Stallhasenvogt', 'Streitvogt', 'Taubenvoges', 'Taubenvogt', 'Weibervogt']"
Feder,"['Bettfeder', 'Flaumfeder', 'Göckerfeder', 'Göckersfedern', 'Hollefedern', 'Milchfeder', 'Ringelbuschfeder', 'Schneefeder', 'Schneefederlein', 'Sprungfeder', 'Triebfeder']"
Inlett,['Bettinlett']
Klunse,"['Bettklunse', 'Lünse', 'Seichklunse', 'Türklunse']"
Lade,"['Bettlade', 'Bettlade(n)', 'Bettspannlade', 'Brautlade(n)', 'Brotladen', 'Bundeslade(n)', 'Esslade', 'Futterlade', 'Holzlade', 'Kirchenlädlein', 'Lade', 'Laden', 'Mehllade', 'Spannlade', 'Tischladen', 'Traumlade', 'Windellädlein', 'Wäschlade', 'Wäschlade(n)']"
Laken,['Bettlaken']
Leilach,['Bettleilach']
Naht,"['Bettnaht', 'Fassonnaht']"
Nische,['Bettnische']
Rahmen,"['Bettrahmen', 'Fensterrahmen', 'Fensterrähmlein', 'Gewandrahmen', 'Kammrahmen', 'Kleiderrahmen', 'Knopflochumrahmung', 'Küchenrahmen', 'Lochrahmen', 'Schlüsselrahmen', 'Schüsselrahmen', 'Tellerrahmen', 'Türrähmelein']"
Sarg,['Bettsarg']
Potschamber,"['Bettschamper', 'Nachtpotschamber', 'Nachtschamper']"
Schäppe,['Bettschäppe']
Statt,"['Bettstatt', 'Bettstattel', 'Bettstattlein', 'Bettstätte', 'Bettstättel', 'Bettstättlein', 'Brandstätter', 'Himmelbettstätte', 'Holzbettstatt', 'Kinderbettstättlein', 'Kinderstatt', 'Kindsstätte', 'Liegenstatt', 'Schoberstatt', 'Wendstatt', 'Werkstatt']"
Zieche,"['Bettzieche', 'Graszieche', 'Hopfenzieche', 'Zieche']"
beugen,['Beugeis']
deutsch,"['Beutedeutscher', 'Rucksackdeutscher', 'Sudetendeutsche', 'Sudetendeutscher']"
Germane,"['Beutegermanen', 'Schrumpfgermane', 'Schrumpfgermanen']"
bibbern,"['Bibberhannes', 'Magenzerbibber']"
Stunde,"['Bibelstunde', 'Frühviertelstunde']"
Schwanz,"['Biberschwanz', 'Bürdenschwanz', 'Drachenschwanz', 'Dreckschwanzlein', 'Fuchsschwanz', 'Fuchsschwänzer', 'Gerstenschwanz', 'Haarschwanz', 'Hammelschwanz', 'Haselnussschwänzlein', 'Haselschwänzlein', 'Hasenschwanz', 'Hasenschwänzlein', 'Hasenschänzlein', 'Hemdschwanz', 'Hemdschwänzel', 'Hemdschwänzer', 'Hemdschwänzlein', 'Heringsschwanz', 'Hundsschwanz', 'Jährlingsschwänzer', 'Katzenschwanz', 'Katzenschwänzlein', 'Klappschwanz', 'Knieschwuzen', 'Kuhschwanz', 'Lappschwanz', 'Lämmerschwänzlein', 'Maisschwanz', 'Maisschwänzlein', 'Mädleinsschwänzelein', 'Pferdeschwanz', 'Pfingstschwanz', 'Rainschwänzlein', 'Rattenschwanz', 'Rattenschwänzlein', 'Ratzenschwanz', 'Ratzenschwaänzel', 'Ringelschwanz', 'Ringelschwanzel', 'Ringelschwanzlein', 'Ringelschwänzchen', 'Ringelschwänzlein', 'Ringleinsschwänzlein', 'Rotschwänzlein', 'Runzelschwänzlein', 'Sauschwanz', 'Sauschwanzel', 'Sauschwanzlein', 'Sauschwänzel', 'Sauschwänzlein', 'Schafschwanz', 'Schlappschwanz', 'Schwalbenschwanz', 'Schwänzer', 'Stummelschwanz', 'Stummelschwänzchen', 'Stummelschwänzlein', 'Stutzschwanz', 'Säuschwanz', 'Säuschwanzel', 'Säuschwanzlein', 'Säuschwänzchen', 'Säuschwänzel', 'Säuschwänzlein', 'Zeitschwänzer']"
Gockel,"['Bibgockel', 'Bibgöckel', 'Bibgöcker', 'Bibsgickel', 'Bibsgöckel', 'Bibsgöcker', 'Bissgieker', 'Bissgöcker', 'Bläkgöcker', 'Brillengockel', 'Brillengockerer', 'Brillengöckel', 'Bubengockerin', 'Bubensgockerer', 'Bubesgockerer', 'Bösgöcker', 'Dorfgieker', 'Drudgöcker', 'Fichtengockel', 'Fischgockerer', 'Fischgöker', 'Gässleinsgöker', 'Hahnengickel', 'Hahnengockel', 'Hahnengöckel', 'Hahnengöcker', 'Hennegockel', 'Hennengockel', 'Hochmutsgöcker', 'Holzgockelein', 'Holzgöcker', 'Kampfgöcker', 'Kippelgöcker', 'Kirchweihgickel', 'Kirchweihgöckel', 'Kirchweihgöckelchen', 'Kirchweihgöker', 'Korngöckerl', 'Korngöckerlein', 'Krachgöcker', 'Marktgiecker', 'Marktgockerer', 'Marktgöcker', 'Mistgöcker', 'Mostgöcker', 'Mädelsgockerer', 'Mädleingockerer', 'Mädleingöcker', 'Mädleinsgockerer', 'Müllgockerer', 'Nachtgöcker', 'Narrengockel', 'Nasengöckel', 'Nestgöckelein', 'Patschergockel', 'Pipgöcker', 'Plattengöcker', 'Pomadengickel', 'Prozessgöcker', 'Sparrengockel', 'Sparrgockel', 'Spritzgickel', 'Spruzgockel', 'Stolzgockel', 'Streitgieker', 'Streitgockel', 'Streitgocker', 'Streitgöcker', 'Streitgöckerer', 'Tannengickel', 'Tannengickelein', 'Tannengockel', 'Tannengöcker', 'Taubengockel', 'Taubengocker', 'Taubengockerer', 'Taubengöcker', 'Taubengöckerer', 'Weibergockel', 'Weibergockerer', 'Weibersgockerer', 'Weibetsgockerer', 'Weingöcker', 'Zerrgöcker', 'Zorngöcker', 'Zorngöckerlein', 'Zwerggiecker']"
Hahn,"['Bibhahn', 'Giekerhahn', 'Gockelhahn', 'Göckelhahn', 'Kampfhahn', 'Schmalhahnen', 'Schnaubenhahn', 'Streithahn', 'Taubenhahner', 'Wasserhahn', 'Zankhahn']"
Huhn,"['Bibhühnlein', 'Brüthuhn', 'Fasenachtshuhn', 'Fastnachtshuhn', 'Gluckhühner', 'Haselhühnlein', 'Hühnerhäuslein', 'Hünkel', 'Martinshuhn', 'Pfingsthuhn', 'Rupfhuhn', 'Stadelhühner', 'Streithenne', 'Streithuhn', 'Tannenhühnlein', 'Weihnachtshuhn', 'Zipfethühnlein', 'Zwerghühnlein']"
bib,['Bibi']
Eis,"['Biegeeis', 'Biegeteis', 'Brucheis', 'Dünneis', 'Eischlitten', 'Frischeis', 'Glaseis', 'Glatteis', 'Gleiteis', 'Gleißeis', 'Glitteis', 'Gummieis', 'Hohleis', 'Kaugummieis', 'Ledereis', 'Leiteneis', 'Netzeis', 'Pfützeneis', 'Schneeeis', 'Schwammeis', 'Schwankeleis', 'Schwenkeis', 'Schwingeis', 'Spiegeleis', 'Wiegeneis', 'Zieheis']"
biegen,"['Biegeis', 'Rohrbiegung']"
gokern,"['Bienengokerer', 'Briefmarkengokerer', 'Fischgokerer', 'Geflügelgokerer', 'Hasengokel', 'Hasengoker', 'Hasengokerer', 'Hasengöker', 'Hühnergokerer', 'Hühnergöker', 'Mädleinsgokerer', 'Pferdsgokerer', 'Taubengokel', 'Taubengoker', 'Taubengokerer', 'Taubengöker', 'Verratgöker']"
König,"['Bienenkönig', 'Bienenkönigin', 'Eiskönig', 'Glatzenkönig', 'Hasenkönig', 'Läusekönig', 'Plattenkönig', 'Schellenkönig', 'Schläppenkönig', 'Schneekönig', 'Taubenkönig', 'Zaunkönig']"
Schwarm,"['Bienenschwarm', 'Bienschwarm', 'Familienschwarm', 'Mückenschwarm', 'Nachschwarm', 'Vogelschwarm']"
brauen,"['Bierbrauer', 'Bräumeistersbäuchlein', 'Selbergebräutes']"
Bier,"['Bierbäuchlein', 'Bierdümpfel', 'Bierschlagel', 'Bockbier', 'Eierbier', 'Fassbier', 'Freibier', 'Hausbrauerbier', 'Hollerbier', 'Kirchweihbier', 'Kübeleinsbier', 'Neigbier', 'Neigleinsbier', 'Nährbier', 'Polizeibier', 'Radlerbier', 'Sportlerbier', 'Standbier', 'Standelbier', 'Ständelbier', 'Ständerleinsbier', 'Süßbier', 'Tropfbier', 'Weiberbier', 'Weizbier', 'Weizenbier', 'Weißbier']"
Etikett,"['Bieretikett', 'Bierflaschenetikett', 'Brauereietikett', 'Flaschenetikett']"
Fiesel,"['Bierfiesel', 'Geldfiesel', 'Kniefiesel', 'Kniefiesler', 'Rührfiesel']"
Flasche,"['Bierflasche', 'Bierfläschlein', 'Flaschenöffner', 'Milchflasche', 'Milchflaschel', 'Milchfläschel', 'Milchfläschlein', 'Riechfläschlein', 'Schnullerflasche', 'Seichflasche', 'Wärmflasche']"
Hals,"['Bierflaschenhals', 'Bierhals', 'Fischrächelshals', 'Flaschenhals', 'Fläschleinshals', 'Ganserhals', 'Ganshals', 'Geizhals', 'Geizhhals', 'Giraffenhals', 'Griebenhals', 'Gänsehals', 'Gänshals', 'Höllhals', 'Kannenhals', 'Katzenhals', 'Langhals', 'Langhalseter', 'Langhalsiger', 'Loch', 'Schlangenhals', 'Schlittenhals', 'Schreihals', 'Schwanenhals', 'Schwanhals', 'Senselhals', 'Sensenhals', 'Starenhälslein', 'Storchenhals', 'Streithals', 'Windhals']"
Gurgel,"['Biergurgel', 'Freibiergurgel', 'Gänsegurgel', 'Saufgurgelein', 'Saugurgel', 'Sonntagsgurgel', 'Vaterunsergürgelein']"
Kehle,"['Bierkehle', 'Brunnkehle', 'Hohlkehle', 'Kniekehle', 'Sonntagskehle']"
Klüpfel,"['Bierklüpfel', 'Fleischklöpfel', 'Holzklöppel', 'Meterklüpfel', 'Steinklöppel', 'Steinklüpfel', 'Waschklüpfel']"
Knick,"['Bierknicker', 'Fröschknicker', 'Knicker', 'Lausknicker', 'Läuseknicker', 'Läusknicker', 'Rohrknick']"
Knüpfel,"['Bierknüpfel', 'Holzknüpfel', 'Knüpfel', 'Knüpfelein', 'Meterknüpfel', 'Wurstknüpfel']"
Likör,"['Bierlikör', 'Eierlikör', 'Hollerlikör']"
Marke,"['Biermarke', 'Briefmarke', 'Briefmarklein', 'Erkennungsmarken', 'Hausmarken', 'Körungsmarken', 'Metallmarke']"
neigen,"['Bierneige', 'Bierneiglein', 'Blitzneige', 'Kaffeeneiglein']"
Papp,"['Bierpappe(r)lein', 'Firmenpappe(r)lein', 'Flaschenaufpapper', 'Flaschenpappe(r)lein', 'Mehlpapp', 'Mückenpapper', 'Papierpappe(r)lein', 'Pappel', 'Pappelein', 'Papperer', 'Papperlein', 'Päppe', 'Schneepapp', 'Traumpappete', 'Zuckerpäpper']"
Pläpper,"['Bierpläpperlein', 'Flaschenpläppe(r)lein', 'Papierpläppe(r)lein']"
pressen,"['Bierpress', 'Pressack', 'Strohpresse']"
rund,['Bierrunde']
Schild,"['Bierschildlein', 'Eisschild', 'Firmenschild', 'Firmenschildlein', 'Flaschenschildlein', 'Kappenschild', 'Kappenschildel', 'Mützenschild', 'Reklameschild', 'Reklameschildlein', 'Schirmschildel', 'Sonnenschild', 'Strohschild']"
Schlegel,"['Bierschlegel', 'Blindeschlegel', 'Blindschlegel', 'Bossierschlegel', 'Dickschlegel', 'Eisenschlegel', 'Fleischschlegel', 'Holzschlegel', 'Holzschlegelein', 'Steinmetzschlegel', 'Steinschlegel', 'Steinschlegelein']"
Schmus,"['Bierschmuser', 'Dienstbotenschmuser', 'Dienstbotenverschmuser', 'Dummschmuser', 'Einhaltenschmuser', 'Heiratschmuser', 'Heiratsschmuser', 'Hochzeitsschmuser', 'Schabbesschmusen', 'Zusammengeschmuste', 'Zusammengeschmuster']"
schnullen,"['Bierschnuller', 'Brotschnuller', 'Brustschnuller', 'Flaschenschnuller', 'Fleckelschnuller', 'Fleckleinschnuller', 'Fleckleinsschnuller', 'Fleckschnuller', 'Lappenschnuller', 'Leinwandschnuller', 'Lumpenschnuller', 'Läppelschnuller', 'Männerschnuller', 'Ringschnuller', 'Stoffschnuller', 'Zuckerschnuller']"
Schorle,['Bierschorle']
Schuld,"['Bierschuld', 'Lumpenschuld', 'Saufschuld', 'Zechschuld']"
stopfen,"['Bierstöpsel', 'Erdbirnenstopfer', 'Erdäpfelstopfer', 'Flaschenstopfel', 'Flaschenstopfer', 'Flaschenstopsel', 'Flaschenstöpfel', 'Grundbirnenstopferlein', 'Grundbirnenstöpfer', 'Grundbirnenstöpferlein', 'Gänsestöpfel', 'Gänsestöpfelein', 'Kartoffelstopfen', 'Kartoffelstopfer', 'Kartoffelstopferlein', 'Rübenstopfer', 'Stopfel', 'Stopfer', 'Stoppel', 'Stoppen', 'Stöpfel', 'Stöpfer', 'Stöppel', 'Säustopfig', 'Viehstopfig']"
Stürze,['Bierstürzel']
Zettel,"['Bierzettelein', 'Denkzettel', 'Laufzettel', 'Namenszettel', 'Pappzettel']"
schalten,['Billettschalter']
Garn,"['Bindergarn', 'Bindgarn']"
Strang,"['Bindestrang', 'Drainagestrang', 'Drainierstrang', 'Glockenstrang', 'Hopfenstrang', 'Läutstrang', 'Maiskolbenstrang', 'Träubelstrang', 'Windenstrang', 'Zugstrang']"
Faden,"['Bindfaden', 'Einfädler', 'Knallfädlein', 'Maisfaden', 'Ochselfaden', 'Träubelsfaden']"
Birke,"['Birkenbäumchen', 'Birkenbäumlein', 'Kirchweihbirke', 'Maienbirke', 'Pfingstbirke', 'Wetterbirke']"
grün,"['Birkengrün', 'Kirchweihgrün', 'Lärchengrün', 'Maiengrün', 'Suppengrün', 'Suppengrünes']"
Laub,"['Birkenlaub', 'Brieslaub', 'Buchenlaub', 'Espenlaub', 'Espeslaub', 'Graslaub', 'Grundbirnenlaub', 'Sellerielaub', 'Streulaub', 'Waldlaub']"
Mai,"['Birkenmaie', 'Kirchweihmailein', 'Pfingstmaie', 'Pfingstmaien']"
Pfiffer,"['Birkenpfiffer', 'Blaupfiffer', 'Bratpfiffer', 'Bremenpfifferling', 'Butterpfiffer', 'Christkindleinspfiffer', 'Eierpfiffer', 'Eierpfifferlein', 'Eierpfifferling', 'Erdäpfelpfiffer', 'Flaschenpfiffer', 'Fleischpfiffer', 'Fleischpfifferlein', 'Fliegenpfiffer', 'Gackeleinspfiffer', 'Gelbpfiffer', 'Gelbpfifferlein', 'Hasenpfiffer', 'Hirschenpfiffer', 'Hirschpfiffer', 'Kühdreckpfiffer', 'Kühpfiffer', 'Maienpfiffer', 'Maipfiffer', 'Maipfifferlein', 'Mistpfiffer', 'Mückenpfiffer', 'Mückenpfifferlein', 'Mückenpfifferling', 'Puderpfiffer', 'Rain', 'Rainpfiffer', 'Rainpfifferlein', 'Rangenpfiffer', 'Raucherpfiffer', 'Rauchpfiffer', 'Rauchpfifferlein', 'Rauchpfifferling', 'Regenpfifferlein', 'Rehpfiffer', 'Sandpfiffer', 'Scheißpfiffer', 'Schmalzpfiffer', 'Schmiedspfiffer', 'Schnupftabakpfifferlein', 'Semmelpfiffer', 'Stabpfiffer', 'Staubpfiffer', 'Steinpfiffer', 'Stockpfiffer', 'Stockpfifferlein', 'Stöckleinspfiffer', 'Teufelspfiffer', 'Teufelspfifferlein', 'Tintenpfiffer', 'Totenpfiffer', 'Trüffelspfiffer', 'Wasenpfiffer', 'Weißpfifferige', 'Wiesenpfiffer', 'Wiesenpfifferlein']"
schmücken,"['Birkenschmuck', 'Blumenschmuck', 'Kirchweihschmuck']"
Zeisig,"['Birkenzeisig', 'Erlenzeisig', 'Zeiserlein']"
Zweig,"['Birkenzweig', 'Maienzweiglein', 'Schmeckzweiglein', 'Träubelzweig']"
Haube,"['Bischofshaube', 'Bommelhaube', 'Bämbelhaube', 'Firsthaube', 'Fliegenhaube', 'Flöhhaube', 'Kronenhaube', 'Luckihaube', 'Patschhaube', 'Pfletschhaube', 'Pritschhaube', 'Pudelhaube', 'Rothäublein', 'Schlafhaube', 'Schlafhauber', 'Sporthaube', 'Tollhaube', 'Traumhaube', 'Traumhaubelein', 'Traumhaubet', 'Traumhaubete', 'Traumhaubeter', 'Träumhaube', 'Träumhauber', 'Zipfelhaube']"
Mühle,"['Bischofsmühle', 'Furtmühle', 'Kaffeemühle', 'Putzmühle', 'Schneidemühle', 'Schneidmühle', 'Tretmühle', 'Zwickmühle']"
Stab,"['Bischofsstab', 'Lungenstäbchen', 'Lungenstäblein']"
Gurke,"['Bissgurke', 'Einmachgurke', 'Einschneidegurke', 'Essgurke', 'Essiggurke', 'Krüppelgurke', 'Quatschgurke', 'Salatgurke', 'Salatsgurke', 'Sauergurke', 'Schlangengurke']"
Gurre,"['Bissgurre', 'Gürrlein']"
Mücke,"['Bissmucke', 'Drecksmücke', 'Eiermücke', 'Essigmücklein', 'Fleischmücke', 'Gescheißmücke', 'Geschmeißmücke', 'Hausmücke', 'Herrgottsmückelein', 'Hungermücke', 'Kuhmücke', 'Kühemücklein', 'Lausmucken', 'Lausmückengesicht', 'Losmücken', 'Rossmucke', 'Rotzmücke', 'Roßmücke', 'Rußmücke', 'Rußmücketer', 'Samenmücke', 'Saumücke', 'Scheißmücke', 'Schießmucke', 'Schmeißmücke', 'Schweißmücke', 'Seemücke', 'Stallmücke', 'Stechmücke', 'Stubenmücke', 'Wassermücke']"
Balg,"['Blasbalg', 'Blasebalg', 'Federnbalg', 'Hasenbalg', 'Inzuchtsbalg', 'Kuppelbalg', 'Saubalg', 'Schreibalg', 'Stachelbeerbalg', 'Streitbalg', 'Verreckbalg', 'Wasserbalg', 'Wechselbalg', 'Wechselbälglein', 'Ziehbalg']"
Engel,"['Blasengel', 'Draußenengel', 'Gassenengel', 'Gassengel', 'Lehrerengelein', 'Lehrersengel', 'Posaunenengel', 'Rauschgoldengel', 'Schneeengel', 'Schneeengelein', 'Straßenengel', 'Wirtshausengel']"
Licht,"['Blaslicht', 'Gollicht', 'Gollichtlein', 'Gänsbüschlichtlein', 'Herrgottslichtchen', 'Irrlicht', 'Junglicht', 'Kirchenlicht', 'Laternlicht', 'Läusblumenlicht', 'Löschlicht', 'Löwenzahnlicht', 'Löwenzahnlichtlein', 'Milchstocklicht', 'Märzenbüschlichtlein', 'Märzstocklichtlein', 'Nachtlicht', 'Neulicht', 'Pappellicht', 'Pappellichtlein', 'Ringelbuschlicht', 'Ringelbuschlichtlein', 'Ringelschöcklichtlein', 'Ringelstocklichtlein', 'Ringleinsbüschlichtlein', 'Schlusslicht', 'Schlusslichtler', 'Totenlichtlein', 'Traumlicht', 'Waldlichtung', 'Windlicht', 'Zwielicht']"
Pappel,"['Blaspappel', 'Kornpappel', 'Kornpappelein', 'Käsepappelein', 'Käspappel', 'Pfingstpappel']"
Laus,"['Blattlaus', 'Bubenlaus', 'Bubenslaus', 'Drecklauser', 'Erzlauser', 'Filzlaus', 'Gewandlaus', 'Hemdlauser', 'Kleiderlaus', 'Magenlaus']"
Streu,"['Blattstreu', 'Bodenstreu', 'Druschstreu', 'Einstreus', 'Erdbirnenstreu', 'Fichtenstreu', 'Gerstenstreu', 'Heckenstreu', 'Holzstreu', 'Laubigstreu', 'Laubstreu', 'Markstreu', 'Nadelstreu', 'Peckstreu', 'Rechenstreu', 'Rechstreu', 'Reisigstreu', 'Streu', 'Tannenstreu', 'Waldstreu']"
Holunder,"['Blauholler', 'Gartenholler', 'Gartenholunder', 'Sternholler', 'Weißholler']"
Specht,"['Blauspecht', 'Buntspecht', 'Erdspecht', 'Grauspecht', 'Grünspecht', 'Rotspecht', 'Scheckespecht', 'Schecketspecht', 'Schluckspecht', 'Schwarzspecht', 'Waldspecht', 'Weißrückenspecht']"
Täubling,"['Blautäubling', 'Speitäubling']"
Eimer,"['Blecheimer', 'Bogeneimerlein', 'Bützigeimer', 'Dreckeimer', 'Esseneimerlein', 'Essentrageimer', 'Essentrageimerlein', 'Fabrikeimerlein', 'Futtereimer', 'Henkeleimerlein', 'Kalkeimer', 'Kraftfuttereimer', 'Marmeladeneimerlein', 'Matscheimer', 'Melkeimer', 'Melkeimerl', 'Melkeimerlein', 'Milcheimer', 'Milcheimerlein', 'Mistsutteneimer', 'Mülleimer', 'Putzeimer', 'Salzeimerlein', 'Saufeimer', 'Sauflasseimer', 'Schaffeimer', 'Schroteimer', 'Seicheimer', 'Suppeneimer', 'Suppeneimerlein', 'Säueimer', 'Trankeimer', 'Trankieimer', 'Trinkeimer', 'Tränkeimer', 'Wassereimer']"
Geschirr,"['Blechgeschirr', 'Dengelgeschirr', 'Essengeschirr', 'Essentraggeschirr', 'Essgeschirr', 'Feldgeschirr', 'Fußgeschirr', 'Geschirr', 'Heugeschirr', 'Kochgeschirr', 'Milchgeschirrlein', 'Nachtgeschirr', 'Traggeschirr']"
Kanne,"['Blechkanne', 'Essenkännchen', 'Essenkännlein', 'Essentragkännlein', 'Esskännlein', 'Gießkanne', 'Henkelkännlein', 'Melkkanne', 'Milchkanne', 'Milchkannel', 'Milchkannelein', 'Milchkannlein', 'Milchkännchen', 'Milchkännel', 'Milchkännelein', 'Milchkännlein', 'Salzkännchen', 'Suppenkanne', 'Suppenkännlein']"
Musik,"['Blechmusik', 'Freimusik', 'Katzenmusik', 'Zigeunermusik']"
Schachtel,"['Blechschachtel', 'Cremeschachtel', 'Eierschachtel', 'Federschachtel', 'Griffelschachtel', 'Krawallschachtel', 'Nigrinschachtel', 'Radauschachtel', 'Sammelschachtel', 'Schuhcremeschachtel', 'Schuhcremeschachtelein', 'Schuhputzschachtel', 'Schuhputzschachtelein', 'Schuhschachtel', 'Schuhschachtelein', 'Schuhschmierschachtel', 'Schuhwichsschachtel', 'Schuhwichsschachtelein', 'Stiefelwichsschachtel', 'Stiefelwichsschächtelein', 'Stiftschachtel', 'Wichsschachtel', 'Wichsschachtelein', 'Wichsschachterl', 'Wichsschächtelein', 'Wisserschachtel', 'Zündhölzleinschachtlein']"
Schaf,"['Blechschäflein', 'Brachschaf', 'Brackschaf', 'Erstlingsschaf', 'Fichtenschaf', 'Fichtenschäfchen', 'Fleischschaf', 'Geltschaf', 'Jungschaf', 'Kellerschäfelein', 'Lammschaf', 'Leuchtschäflein', 'Lämmerschaf', 'Mauernschaf', 'Mauernschäfelein', 'Mauernschäferl', 'Mauernschäflein', 'Mauerschaf', 'Mauerschäfchen', 'Mauerschäflein', 'Mutterschaf', 'Schlachtschaf', 'Schäferschaufel', 'Schäfersschaufel', 'Tannenschaf', 'Tannenschäfchen', 'Tannenschäfel', 'Tannenschäflein', 'Zeitschaf', 'Zuchtschaf']"
Tasse,['Blechtasse']
Topf,"['Blechtopf', 'Blumentopf', 'Blumentöpfel', 'Blumentöpflein', 'Deichseltopf', 'Eintopf', 'Essentopf', 'Esstopf', 'Feldtopf', 'Henkeltopf', 'Henkeltöpflein', 'Kaffeetopf', 'Kaffeetöpfel', 'Kaffeetöpflein', 'Käsetopf', 'Kästopf', 'Kästöpflein', 'Milchtopf', 'Milchtöpflein', 'Nachttopf', 'Nachttöpfel', 'Nachttöpflein', 'Ofentopf', 'Pökeltopf', 'Rahmtopf', 'Rahmtöpfe', 'Salztopf', 'Salztöpfchen', 'Salztöpfe', 'Salztöpflein', 'Scheißtopf', 'Schmalztopf', 'Schnäpfentopf', 'Schnürpfeltopf', 'Schnürpfeltöpflein', 'Schnürpftopf', 'Schöpftopf', 'Schöpftöpflein', 'Seichtopf', 'Steinguttopf', 'Steintopf', 'Steintöpfe', 'Sträußtopf', 'Suppentopf', 'Tontopf', 'Tragtopf', 'Wassertöpflein', 'Ziertopf', 'Zipftopf', 'Zötteltöpflein', 'Übertopf']"
schließen,"['Blechverschluss', 'Bügelverschluss', 'Druckverschluss', 'Flaschenverschluss', 'Kapselverschluss', 'Korkverschluss', 'Kronenverschluss', 'Kroneverschluss', 'Kronverschluss', 'Patentverschluss', 'Waagschließe']"
Maul,"['Bleckmaul', 'Bletzmaul', 'Blähmaul', 'Bläkmaul', 'Breimaul', 'Breitmaul', 'Bräschmaul', 'Bösmaulete', 'Deichselmaul', 'Dürrmäultetes', 'Fischmaul', 'Fletschmaul', 'Fletschmäulein', 'Flötschmaul', 'Froschmaul', 'Fröschmaul', 'Geschreimaul', 'Geschreimaulete', 'Giftmaul', 'Gretelfleischmaul', 'Großmaul', 'Hasenmaul', 'Hungermaul', 'Karpfenmaul', 'Kirschmäulein', 'Klappermaul', 'Klatschmaul', 'Kreischmaul', 'Kuhmaul', 'Kühmaul', 'Langmaul', 'Lappmaul', 'Leckermaul', 'Leckermäulchen', 'Leckermäullein', 'Lästermaul', 'Lätschmauleter', 'Lügenmaul', 'Mundvollmaul', 'Naschmaul', 'Näschmaul', 'Pappelmaul', 'Pappelmäulchen', 'Pappelmäulein', 'Pappelmäullein', 'Patschmaul', 'Pfennigmäulchen', 'Pflätschmaul', 'Plappermaul', 'Plappermäulchen', 'Plappermäulein', 'Plärrmaul', 'Plärrmäuler', 'Plätschmaul', 'Puppenmäulchen', 'Quatschmaul', 'Rasselmaul', 'Ratschmaul', 'Rundmaul', 'Saumaul', 'Schafmaul', 'Schafmäulein', 'Schandmaul', 'Scherenmaul', 'Schermaul', 'Schlappenmaul', 'Schlappmaul', 'Schlappmäuler', 'Schlarbmaul', 'Schleckermaul', 'Schleckermäulein', 'Schleckmaul', 'Schläppermaul', 'Schläppmaul', 'Schlärrmaul', 'Schmollmäulein', 'Schnappermaul', 'Schnattermaul', 'Schreimaul', 'Schreimäuler', 'Schwertmaul', 'Sirmaul', 'Sperrmaul', 'Sporzenmaul', 'Spottmaul', 'Süßmaul', 'Süßmäulchen', 'Teigmaul', 'Tratschmaul', 'Verratmaul', 'Waagmaul', 'Wagenmaul', 'Weifmaul', 'Wettermaul']"
Kugel,"['Bleikugel', 'Fleischkugeln', 'Katzenküglein', 'Lichtkugel', 'Löwenkugel', 'Mangkugeln', 'Mehlkügelein', 'Mottenkugel', 'Ringelbuschkugel', 'Samenkugel', 'Schneekugel', 'Starenkogel', 'Starenkugel', 'Sternleinskugel']"
Schippe,"['Bleischneeschipper', 'Dreckschippchen', 'Dreckschippe', 'Dreckschipplein', 'Eisschippe', 'Garbenschippen', 'Grabschippe', 'Handschippe', 'Holzschippe', 'Kehrschippe', 'Kehrschipplein', 'Kornschippe', 'Schneeschippe', 'Schneeschippe(r)', 'Schneeschipper', 'Schäferschippe', 'Wendschippe']"
Drang,['Bleistiftdrangsalierer']
Wald,"['Bleistiftwald', 'Böhmerwälder', 'Büschleinswald', 'Fichtelgebirgswäldler', 'Gertenwald', 'Großwald', 'Grünewald', 'Hinterwäldler', 'Hochwald', 'Kerzenwald', 'Lohwald', 'Märchenwald', 'Schlagwald', 'Stangenwald', 'Steckeleinswald', 'Steckelswald', 'Tannenwald', 'Zündsteckeleinswald']"
weiß,"['Bleiweiß', 'Eierweiß', 'Eiweiß', 'Gackeleinsweiß', 'Kohlweißling', 'Stubenweißen']"
Laterne,"['Blendlaterne', 'Feuerwehrlaterne', 'Handlaterne', 'Handlaternlein', 'Pappellaterne', 'Ringelbuschlaterne', 'Scheunenlaterne', 'Schlotlaterne', 'Stalllaterne', 'Stalllaternlein', 'Stubenlaterne', 'Sturmlaterne', 'Sturmlaternel', 'Sturmlaternlein', 'Wagenlaterne']"
blass,['Blesse']
Breme,"['Blindbreme', 'Bremse', 'Fleischbreme', 'Gaulsbreme', 'Gaulsbremse', 'Geißbreme', 'Geschmeißbreme', 'Gäulsbreme', 'Heubreme', 'Kuhbreme', 'Pferdebreme', 'Schmeißbreme', 'Schnurrbreme', 'Stechbreme']"
Echse,['Blindechse']
blind,"['Blindeschleiche', 'Blindeschleicher', 'Blindschleiche', 'Blindschleichel', 'Blindschleicher', 'Blindschleichlein']"
Otter,"['Blindotter', 'Feldotter', 'Hausotter', 'Kreuzotter', 'Kreuzotterlein', 'Ringelotter', 'Wasserotter']"
geschwind,"['Blitzgeschwindigkeit', 'Hurtiggeschwind', 'Hurtiggeschwinde', 'Hurtiggeschwinder']"
Monteur,['Blitzmonteur']
Hütte,"['Blockhütte', 'Getreidehütte', 'Getreidehüttlein', 'Holzhütte', 'Hundehütte', 'Hundshütten', 'Lauerhütte', 'Pferchhütte', 'Schafhütte', 'Schafshütte', 'Schäferhütte', 'Schäfershütte', 'Tanzhütte', 'Windhütte', 'Ziegelhütte']"
Bohne,"['Blumenbohne', 'Buschbohne', 'Kaffeebohne', 'Saubohnenstroh', 'Schnapsbohnen', 'Schokoladenbohnen', 'Steckbohne', 'Säubohne']"
Kohl,"['Blumenkohl', 'Grünkohl', 'Kohl', 'Kohlrabi', 'Käsekohl', 'Poppeleinkohl', 'Pöppeleinskohl', 'Rosenkohl', 'Rosenköhl', 'Röseleinskohl', 'Rösleinskohl', 'Setzköhl', 'Steckköhl', 'Weißkohl', 'Weißköhl', 'Winterkohl']"
Scherbe,"['Blumenscherbe', 'Blumenscherbel', 'Blumenscherbelein', 'Blumenscherben', 'Glasscherbe', 'Hafenscherbe', 'Hafnerscherben', 'Handscherbe', 'Handscherbel', 'Melkscherbe', 'Milchscherbe', 'Nachtscherbe', 'Nachtscherben', 'Salzscherbe', 'Schmeckenscherbe', 'Schmeckenscherben', 'Straußenscherbe(n)', 'Straußscherbe', 'Streuscherbe', 'Sträußescherbe', 'Waschscherbe']"
Vase,"['Blumenvase', 'Mitternachtsvase', 'Mitternachtvase']"
Veranda,['Blumenveranda']
Weitling,"['Blumenweitling', 'Milchweitling']"
Bankert,"['Blutbankert', 'Hundsbankert', 'Hurenbanker', 'Hurenbankert', 'Inzuchtbankert', 'Knallbankert', 'Lausbankert', 'Läusbankert', 'Malefizbankert', 'Prälatenbankert', 'Saubankert', 'Seichbankert', 'Strohsacksbankert', 'Säubankert']"
Beule,"['Blutbeulein', 'Eiterbeule', 'Hühnerbeule']"
Eiß,"['Bluteiß', 'Spitzeiß', 'Spitzeißt']"
Fink,"['Blutfink', 'Distelfink', 'Dreckfink', 'Genaschfink', 'Grünfink', 'Lurzfink', 'Läusefink', 'Schmierfink']"
schwären,"['Blutgeschwür', 'Mundeckengeschwür', 'Zahngeschwür']"
latent,['Blutlatenter']
tropfen,"['Blutströpflein', 'Dachtropf', 'Dachtropfe', 'Dachtropfen', 'Dachtröpf', 'Herztropfen', 'Hopfentropf', 'Hopfentropfen', 'Nasentropfen', 'Ohnmachtstropfen', 'Trüpf', 'Wassertropfen', 'Wermutstropfen']"
verwandt,"['Blutsverwandte', 'Blutsverwandtschaft', 'Nahverwandte']"
Wurst,"['Blutwurst', 'Bockwurst', 'Bratwurst', 'Bratwurstbeilage', 'Bratwürstchen', 'Bratwürstlein', 'Büchsenwurst', 'Erdäpfelswürstlein', 'Extrabratwurst', 'Extrawurst', 'Extrawürstchen', 'Fettwürstlein', 'Fichtenwürste', 'Fransenwürstlein', 'Genickwurst', 'Griebenwurst', 'Hanswurst', 'Hanswurstel', 'Haselnussbratwürstlein', 'Haselnusswürstchen', 'Haselnusswürstlein', 'Haselwürstchen', 'Haselwürstel', 'Haselwürstlein', 'Herkuleswurst', 'Kartoffelwürstlein', 'Knackwurst', 'Leberwurst', 'Leberwürstlein', 'Nachwürstel', 'Rohwurst', 'Rostbratwurst', 'Rostbratwürste', 'Rotwurst', 'Salbenwurstel', 'Sauwurstler', 'Siedwurst', 'Speckwürste', 'Tannenwurst', 'Teigwürstlein', 'Weckbratwurst', 'Weckbratwürste', 'Weckenwurst', 'Weckleinsbratwurst', 'Weckwürstlein', 'Zugabewürstlein', 'Zusammengewurstel']"
Matz,"['Blähmatz', 'Bläkmatz', 'Hasenmatz', 'Hosenmatz', 'Hundsmatz', 'Hängematz', 'Kellermatze', 'Käsmatz', 'Saumatz', 'Scheißmatz', 'Seichmatz', 'Taubenmatz']"
Wanst,"['Blähwanst', 'Fettwanst', 'Frechwanst', 'Fresswanst', 'Hollewanst', 'Speckwanst']"
Amsel,"['Bläkamsel', 'Dreckamsel', 'Goldamsel', 'Schwarzamsel']"
Horn,"['Blätterteighörnlein', 'Bobhörner', 'Bockhorn', 'Bockshorn', 'Bogenhorn', 'Butterhörnlein', 'Eichhorn', 'Eichhörnchen', 'Eichhörnel', 'Eichhörni', 'Eichhörnlein', 'Hirschhörner', 'Kaffeehörnlein', 'Kammhörnlein', 'Kufenhorn', 'Kuhhorn', 'Kühhorn', 'Laufhorn', 'Lederhorn', 'Milchhörnlein', 'Mohnhörnlein', 'Mordshorn', 'Nashorn', 'Nusshörnlein', 'Pflughorn', 'Pflugshorn', 'Plunderhörnlein', 'Rehhorn', 'Rodelhorn', 'Rundhorn', 'Salzhörnlein', 'Schlittenhorn', 'Schlittenhörnlein', 'Schneckenhorn', 'Schneckenhörnlein', 'Tasche', 'Teighorn', 'Teighörnlein', 'Wetzhorn', 'Wetzhörnlein', 'Wetzkumpfhorn', 'Wetzsteinhorn', 'Wetzsteinhörnlein', 'Wollehörnlein']"
Gewehr,"['Blättleinsgewehr', 'Maschinengewehr', 'Patscheleingewehr']"
Sinn,"['Blödsinn', 'Blödsinniger', 'Eigensinn', 'Irrsinniger', 'Leichtsinn', 'Leichtsinniger', 'Stumpfsinniger', 'Wahnsinniger']"
Art,"['Bockart', 'Bösartiges', 'Großartiger', 'Katzenart', 'Redensart', 'Sauart', 'Schlangenart', 'Säuart']"
Auge,"['Bockauge', 'Fettauge', 'Froschauge', 'Froschaugen', 'Fröschauge', 'Glotzauge', 'Glotzaugen', 'Glupschaugen', 'Hennenauge', 'Hohlaugeter', 'Hühnerauge', 'Katzenauge', 'Klappauge', 'Krötenauge', 'Kuhauge', 'Kuhaugen', 'Kuhaugete', 'Kulleraugen', 'Kühauge', 'Maßauge', 'Ochsauge', 'Ochsenauge', 'Sauauge', 'Sauäugelein', 'Sauäuglein', 'Schlafauge', 'Schlafzimmeraugen', 'Schweinsauge', 'Schweinsäugelein', 'Schweinsäuglein', 'Schweinäuglein', 'Stielauge', 'Stielaugen', 'Säuauge', 'Säuäugelein', 'Säuäuglein', 'Vieraugete', 'Vieraugeter']"
hart,"['Bockelharter', 'Euterverhärtung', 'Wasserharter']"
Euter,"['Bockeuter', 'Flusseuter', 'Kuheuter', 'Küheuter', 'Ledereuter', 'Mordseuter', 'Schafeuter', 'Schafeuterlein', 'Steineuter']"
Klee,"['Bockklee', 'Kleekärrlein', 'Stoppelklee', 'Stupfelklee']"
Käfer,"['Bockkäfer', 'Fünkleinskäferlein', 'Glückskäferlein', 'Glühkäferlein', 'Goldkäfer', 'Goldkäferlein', 'Grundbirnenkäfer', 'Herrgottskäfer', 'Herrgottskäferlein', 'Herrgottskühlein', 'Herzkäferlein', 'Himmelskäferlein', 'Johanniskäfer', 'Johanniskäferchen', 'Johanniskäferl', 'Johanniskäferlein', 'Junikäfer', 'Junikäferchen', 'Junikäferl', 'Kartoffelkäfer', 'Kellerkäfer', 'Leuchtkäfer', 'Leuchtkäferchen', 'Leuchtkäferl', 'Leuchtkäferlein', 'Läusekäfer', 'Maikäfer', 'Marienkäfer', 'Marienkäferl', 'Marienkäferlein', 'Mistkäferlein', 'Rußkäfer', 'Sternkäferlein']"
Lamm,"['Bocklamm', 'Hemdlammer', 'Hornlamm', 'Jährlingslamm', 'Kitzlamm', 'Kitzlämmlein', 'Kälberlamm', 'Kälberlämmlein', 'Kühellamm', 'Mutterlamm', 'Mutterlämmlein', 'Schaflamm', 'Schaflämmlein']"
Mist,"['Bockmist', 'Gäulmist', 'Gäulsmist', 'Kuhmist', 'Kühmist', 'Saumist', 'Säumist', 'Taubenmist']"
starr,"['Bockstärriger', 'Nabelsterzerin', 'Sterze', 'Sterzer']"
Fräse,"['Bodenfräse', 'Spatenfräse']"
Gas,"['Bodengras', 'Fersenvergaser', 'Kniegas', 'Schweißtropfenvergaser', 'Sohlengas', 'Wadengas']"
Hutzel,"['Bodenhutzel', 'Frierhutzel', 'Hutzelein', 'Pfifferhutzl', 'Schlehenhutzel', 'Schlehenhutzelein', 'Schlehenhützelein', 'Schneehutzelein', 'Zusammengehutzelter', 'Zwetschgenhutzel']"
Schanze,"['Bodenschanze', 'Erdschanze', 'Schanzensäulein', 'Schneeschanze', 'Schneeschanzer', 'Tragschanze']"
Soda,"['Bodensoda', 'Kristallsoda']"
Stiege,"['Bodenstiege', 'Kapellenstiege', 'Kellerstiege']"
Stich,"['Bogenstich', 'Eisstichel', 'Knopflochstich', 'Mückenstich', 'Mückenstichlein', 'Pferdstichel', 'Schlingenstich', 'Sonnenstich', 'Vorstich', 'Wasenstich']"
Tiegel,"['Bogentiegel', 'Eigentiegel', 'Essentiegel', 'Feldtiegelein', 'Krauttiegel', 'Leimetiegel', 'Melktiegel', 'Rahmtiegel', 'Schmalztiegel', 'Schmalztiegelein', 'Schmiertiegel', 'Schmiertigel', 'Schmiertigelein', 'Schöpftiegel', 'Schöpftiegelein', 'Sottertiegel', 'Suppentiegel', 'Wasserkrantiegelein', 'Wassertiegel', 'Wassertiegelein', 'Öltiegel']"
Kaffee,"['Bohnenkaffee', 'Brühkaffee', 'Kindskaffee', 'Kindstaufkaffee', 'Nachmittagkaffee']"
Stroh,"['Bohnenstroh', 'Bäuschstroh', 'Büschelstroh', 'Dachstroh', 'Erbsenstroh', 'Grundbirnenstroh', 'Kartoffelstroh', 'Lesestroh', 'Rechstroh', 'Schaubstroh', 'Schüttenstroh', 'Säubohnenstroh', 'Wirrstroh', 'Wischstroh']"
Neber,"['Bohrneber', 'Bohrneberlein', 'Nagelneber', 'Nagelneberl', 'Nagelneberlein']"
Rad,"['Bollerrädlein', 'Fahrrad', 'Fahrradlein', 'Felgenrad', 'Hinterrad', 'Holzrad', 'Leiterwagenrad', 'Lenkrad', 'Nasenfahrrad', 'Pfannkuchenrädlein', 'Radel', 'Schlagrädlein', 'Speichenrad', 'Sprossenrad', 'Steuerrad', 'Storchennestrad', 'Sturzrad', 'Särädlein', 'Tretrad', 'Uhrrädlein', 'Vorderrad', 'Wagenrad', 'Wursträdlein', 'Äpfelrädlein']"
Bollen,"['Bolli', 'Eisbollen', 'Erdäpfelsboller', 'Gassenbolli', 'Gaulsbollen', 'Grundbirnenboller', 'Grundbirnsboller', 'Gäulsbollen', 'Hasenböllelein', 'Hinabgebollertes', 'Hollerboller', 'Hundsbollen', 'Krampfbollen', 'Käsbollen', 'Marktbollen', 'Matschbollen', 'Rauchbollen', 'Raufbollen', 'Rossbollen', 'Saubolli', 'Schneebollen', 'Schneeboller', 'Speckböllenlein', 'Stinkbollen', 'Teufelsbollen']"
Stefan,"['Bolzenstefan', 'Hemdstefan', 'Plattenstefan', 'Plattensteffel']"
Tüte,"['Bonbontütchen', 'Bonbontüte', 'Brunztüte', 'Federtüte', 'Gießtüte', 'Labertüte', 'Lohntütlein', 'Trantute', 'Trantuttel', 'Trantüte', 'Traumtüte', 'Traumtüterer']"
Klasse,['Bonitätsklasse']
Wand,"['Bordwand', 'Gehalterrückwand', 'Holzwand', 'Kammerwand', 'Kleiderneswand', 'Leinwand', 'Riegelwand', 'Scheidwand', 'Schneewand', 'Stubenwand', 'Zimmerwand']"
Empore,['Borlaube']
Igel,"['Borstenigel', 'Butzigel', 'Butzigelein', 'Kellerigel', 'Klauigel', 'Lauseigel', 'Lausigel', 'Lausigelein', 'Lusigel', 'Läuseigel', 'Läusigel', 'Sauigel', 'Schweinickel', 'Schweinigel', 'Streitigel', 'Säuigel']"
oben,"['Bossoberste', 'Bozoberst', 'Potzoberst']"
Bär,"['Bozebär', 'Brummbär', 'Brünzelbärlein', 'Erbsenbär', 'Kirchweihbär', 'Lendenbär', 'Lippenbär', 'Mastbär', 'Protzbär', 'Saubär', 'Schimpfbär', 'Schneidbär', 'Seebär', 'Strohbär', 'Säubär', 'Tanzbär', 'Teddybär', 'Waschbär', 'Wildbär', 'Wildsaubär', 'Wotschebär', 'Wozebär', 'Wühlbär', 'Zottelbär']"
Martin,"['Bozemärtel', 'Butzemärtel', 'Geifermärtel', 'Hakenmärts', 'Hirschenmärtel', 'Katzenmärtel', 'Lachmärtel', 'Luthermartlein', 'Nussmärtel', 'Pelzemärtel', 'Pelzmärtel', 'Pelzmärtelein', 'Pelzmärtlein', 'Pfingstmartel', 'Rollermärtel', 'Rußmärtel']"
Feld,"['Brachfeld', 'Feldfuhre', 'Feldknacker', 'Malmfeld', 'Riegelfeld', 'Schlachtfeld', 'Springinsfeld', 'Steinfeld', 'Stupfelfeld', 'Waldfeld', 'Wiesenfeld']"
Frucht,"['Brachfrucht', 'Lagerfrucht', 'Liegefrucht', 'Nachfrucht', 'Riesfrucht', 'Schluttenfruchtsuppe', 'Sommerfrucht', 'Winterfrucht', 'Zweifrucht', 'Zweifruchtmus', 'Zweitfrucht', 'Zwischenfrucht']"
Hammel,"['Brachhammel', 'Bätzhammelein', 'Dreckhammel', 'Geizhammel', 'Geißhammel', 'Gelthammel', 'Genaschhammel', 'Hampel', 'Kirchweihhammel', 'Kuhhammel', 'Kälberhammel', 'Laushammel', 'Leithammel', 'Läusehammel', 'Läusehämmel', 'Läushammel', 'Märzenhammelein', 'Mühlhammel', 'Neidhammel', 'Pelzhammel', 'Rauschhammel', 'Sauhammel', 'Schafhammel', 'Schmushammel', 'Seichhammel', 'Sprutzhammel', 'Stadthammel', 'Streithammel', 'Stutzhammelein', 'Säuhammel']"
brack,"['Brackel', 'Katerbrack', 'Katzenbrack', 'Katzenbrackel', 'Säubrackel']"
brummen,"['Brammeldüppe(n)', 'Brammeldüppen', 'Gänsebrummer', 'Hinabbrummer', 'Hineinbrummer', 'Schädelbrummen', 'Wuchtbrumme']"
Magdalena,"['Brammellene', 'Pisslene']"
Burg,['Brandburger']
Schaden,"['Brandgeschädigter', 'Brandschaden', 'Dachschaden', 'Hagelschaden']"
leiden,"['Brandleider', 'Hungerleider', 'Notleider']"
Mal,"['Brandmal', 'Brennmal', 'Farbmal', 'Feuermal', 'Freimal', 'Hausmal', 'Merkmal', 'Muttermal']"
Branntwein,['Branntwein']
Mutze,"['Bratensmutze', 'Schwänzmutze', 'Staatsmutz']"
Kartoffel,"['Bratkartoffel', 'Breikartoffel', 'Esskartoffel', 'Frühkartoffel', 'Futterkartoffel', 'Hüteskartoffel', 'Jakobskartoffel', 'Kloßkartoffel', 'Klößkartoffel', 'Legekartoffel', 'Legkartoffel', 'Legkartoffeln', 'Quellkartoffel', 'Röstkartoffel', 'Saatkartoffel', 'Samenkartoffel', 'Saukartoffel', 'Saukartoffelein', 'Saukartoffeln', 'Saukartöffelein', 'Schmalzkartoffel', 'Schälkartoffel', 'Sechswochenkartoffel', 'Setzkartoffel', 'Silokartoffel', 'Steckkartoffel', 'Stopferkartoffel', 'Säukartoffel', 'Säukartoffelein', 'Säukartoffeln']"
Bratsche,['Bratsche']
Bude,"['Bratwurstbude', 'Glückbude', 'Glücksbude', 'Glückslosbude', 'Losbude', 'Pissbudenluis', 'Räuberbude', 'Wurstbude', 'Wurstbudenbesitzer', 'Würstleinsbude']"
Hans,"['Bratwursthänslein', 'Brüllhans', 'Gescheithans', 'Großhans', 'Hänselein', 'Mutterhanselein', 'Prozesshansel', 'Schmalhans', 'Spatzenhans', 'Streithans', 'Streithansel', 'Wollenhanslein']"
Semmel,"['Bratwurstsemmel', 'Bratwurstsemmelein', 'Erdäpfelsemmel', 'Kaisersemmel', 'Kümmelsemmel', 'Maissemmelein', 'Mohnsemmel', 'Röggeleinsemmel', 'Schnittsemmel', 'Schnittsemmelein', 'Wurstsemmel', 'Zeilsemmel']"
Pferd,"['Brauereipferd', 'Hamperpferdlein', 'Hetschenpferd', 'Heupferd', 'Nilpferd', 'Schaukelpferd', 'Schaukelpferdlein', 'Schlittenpferd']"
Fuchs,"['Braunfuchs', 'Brillenfüchsin', 'Federfuchserin', 'Federnfuchser', 'Geldfuchser', 'Genaschfuchs', 'Hennenfuchs', 'Holzfuchs', 'Pfennigfuchser', 'Radifuchs', 'Rainleinfuchser', 'Ranzenfuchs', 'Röhrenfuchs', 'Röhrenfüchslein', 'Rührenfuchs', 'Stadtfuchs', 'Stehlfuchs', 'Waldfuchs', 'Weiherfuchser']"
Schleim,"['Braunschleimer', 'Brunstschleim', 'Fröschschleim', 'Krötenschleim', 'Kälberschleim', 'Mutschleim', 'Ochsenschleim', 'Reitschleim', 'Rinderschleim', 'Schneckenschleim', 'Tragschleim', 'Trächtigkeitsschleim', 'Weißschleimer']"
quellen,"['Brauquelle', 'Märzenquell', 'Märzenquelle', 'Märzquelle', 'Nassquelle']"
Brause,"['Brause', 'Gießerbrause']"
Chaise,"['Brautchaise', 'Bräutelchaise', 'Chaiselongue', 'Elendschaise', 'Festchaise', 'Glaschaise', 'Halbchaise', 'Hochzeitchaise', 'Hochzeitschaise', 'Jagdchaise', 'Kinderchaise', 'Kinderchaiselein', 'Kutschchaise']"
Koffer,"['Brautkoffer', 'Hefeköfferlein', 'Holzkoffer', 'Traumkoffer', 'Wäschkoffer']"
Paar,"['Brautpaar', 'Ehepaar', 'Leiternpaar', 'Liebespaar', 'Liebespärchen', 'Liebespärlein', 'Maschinenpaar', 'Sparrenpaar', 'Vogelpärlein']"
Schrein,['Brautschrein']
Stängel,"['Brechstängel', 'Giftstängel', 'Glimmstänglein', 'Glühstangel', 'Glühstängel', 'Papierstängelchen', 'Wollstängel']"
stampfen,"['Breistempel', 'Briefstämpfel', 'Butterstampferlein', 'Butterstämpfel', 'Eisstamper', 'Eisstämpfel', 'Erdapfelstampf', 'Erdbirnenstampf', 'Erdbirnenstampfer', 'Erdbirnstampfer', 'Erdäpfelstämpfel', 'Farbstempel', 'Firnisstempel', 'Fleischstämpfel', 'Grundbirnenstampes', 'Grundbirnenstampf', 'Grundbirnenstampfer', 'Grundbirnenstampfes', 'Grundbirnenstämpfel', 'Grundbirnenstämpfer', 'Holzstämpfel', 'Hopfenstämpfel', 'Kartoffelstampes', 'Kartoffelstampf', 'Kartoffelstampfer', 'Kartoffelstampfes', 'Kotelettstampfer', 'Krauteinstampfen', 'Krautstampfer', 'Krautstempel', 'Krautstämpfel', 'Krautstämpfelein', 'Rückenstempel', 'Schnapsstamperl', 'Schnapsstamperlein', 'Schneestampfer', 'Stempel', 'Säustampf', 'Wäschestampfer', 'Wäschestämpfel', 'Zwergstamper', 'Zwergstämpfelein', 'Ölfarbenstempel', 'Ölfarbstempel']"
dengeln,"['Breitdengel', 'Schlappendengler', 'Schmaldengel', 'Sensendengel', 'Sensendengeln', 'Tagdengel']"
schiech,"['Breitschiecher', 'Knieschiecher', 'Krummschiecher']"
Spur,"['Breitspuriger', 'Dreckspur', 'Fußspur', 'Hasenspur', 'Laufspur', 'Leitspur', 'Maschinenspur', 'Radspur', 'Saatspur', 'Schneckenspur', 'Schneegespur', 'Schneespur', 'Schuhspur', 'Skispur', 'Sämaschinenspur', 'Säspur', 'Trittspur', 'Weitspurer', 'Wurfspur']"
tot,"['Brementöter', 'Halbtoter', 'Lungentöter', 'Mückentöter', 'Nerventöter', 'Neuntöter', 'Rachentöter']"
Arm,"['Bremsarm', 'Bremsenarm', 'Deichselarm', 'Drehsperrarm', 'Gollerärmel', 'Hemdarm', 'Hemdsärmel', 'Hemdärmel', 'Hemdärmlet', 'Heuwagenarm', 'Hinterarm', 'Hinterwagenarm', 'Joppenarm', 'Juppenärmel', 'Kragarm', 'Lenkarm', 'Längsarm', 'Pappelarm', 'Pflugarm', 'Pflugsarm', 'Scherarm', 'Schlitteleinarm', 'Schlittenarm', 'Sensenarm', 'Vorderarm', 'Waagarm', 'Waagenarm', 'Wagenarm', 'Wagenarme', 'Wetterarm', 'Wetterarme', 'Wetternarm']"
Bengel,"['Bremsbengel', 'Dreckbengel', 'Hausbengel', 'Hemdbengel', 'Hurenbengel', 'Läusebengel', 'Meterbengel', 'Mordsbengel', 'Radaubengel', 'Riesenbengel', 'Rotzbengel', 'Schälbengel']"
Kurbel,"['Bremskurbel', 'Schleifkurbel', 'Windenkurbel']"
Spindel,"['Bremsspindel', 'Hemmspindel', 'Schleifspindel', 'Strohspindel', 'Windenspindel']"
Locke,"['Brennlocke', 'Brustlöckchen', 'Geißlocken', 'Grundbirnlocke', 'Keuschheitslocken', 'Schillerlocke', 'Zornlocke']"
Mehl,"['Brennmehl', 'Buttermehl', 'Ferkelmehl', 'Fischmehl', 'Holzmehl', 'Kälbermehl', 'Leinmehl', 'Metzmehl', 'Nachmehl', 'Rindensägmehl', 'Röstmehl', 'Stärkmehl', 'Sägemehl', 'Sägmehl', 'Weizenmehl']"
scheren,"['Brennschere', 'Deichselschere', 'Federschere', 'Großvaterleinsschere', 'Hinterschere', 'Hochgeschorener', 'Lockenschere', 'Lockschere', 'Putzschere', 'Schafschere', 'Schererei', 'Waagschere', 'Wagenschere']"
Zwetschge,"['Brennzwetschge', 'Einschmeißzwetschge', 'Fallzwetschge', 'Fallzwetschig', 'Säuzwetschge']"
Bühne,"['Bretterbühne', 'Tanzbühne']"
Last,"['Bretterlaster', 'Schubkarrenslast']"
Schaukel,"['Bretterschaukel', 'Gitterschaukel', 'Hämorrhoidenschaukel', 'Jochschaukel', 'Kettenschaukel', 'Kinderschaukel', 'Knieschaukel', 'Wippschaukel']"
Tanne,"['Brettertännlein', 'Pinseleinstanne', 'Schwarztanne', 'Tannenknoten', 'Wettertanne']"
bohren,"['Brettleinsbohrer', 'Brunnenbohrer', 'Dollenbohrer', 'Erdbirnenbohren', 'Kniebohrer', 'Knieböhrer', 'Leierbohrer', 'Mäusbohrer', 'Nagelbohrer', 'Nagelböhrlein', 'Nasebohrer', 'Nasenbohrer', 'Nebbohrer', 'Schneckenbohrer', 'Tollbohrer', 'Tollböhrer', 'Trillbohrer']"
torkeln,"['Brezentorkel', 'Schnattertörkel']"
Bote,"['Briefbote', 'Dienstbote', 'Feuerbote', 'Vorbote']"
brillant,['Brillantine']
glupschen,['Brillenglupscher']
Brille,"['Brillengobel', 'Brillenres', 'Wagenbrille']"
Goofy,['Brillengoofy']
Henne,"['Brillenhenne', 'Bruthenne', 'Gluckhenne', 'Glutzhenne', 'Henne', 'Junghenne', 'Kramfhenne', 'Krampfhenne', 'Suppenhenne', 'Tratschhenne', 'Wetterhenne', 'Ziephenne', 'Zipfhenne']"
Scharte,"['Brillenscharte', 'Grasscharte', 'Hasenscharte', 'Wetzscharte']"
Anton,"['Brillentoni', 'Glatzentoni', 'Glockentoni', 'Lätschentoni', 'Plattentoni', 'Plattenveit', 'Schläppentoni', 'Schläpperntoni']"
Wilhelm,['Brillenwilli']
Broches,['Broches']
schlucken,"['Brockenschlucker', 'Kuhschlücklein', 'Müllschlucker', 'Wasserschlucker']"
Zucker,"['Brockenzucker', 'Brockenzuckerlein', 'Brustzucker', 'Butterzucker', 'Christkindleinszucker', 'Christkindleinszückerlein', 'Eierzucker', 'Kandelszucker', 'Kandelzucker', 'Kandiszucker', 'Kandiszuckerlein', 'Pferdzucker', 'Puderzucker', 'Staubzucker', 'Streuzucker', 'Wasserzucker', 'Weihnachtszucker']"
Anken,['Brotanken']
Brosam,"['Brotbrosam', 'Kuchenbröselein', 'Oberbrosel', 'Oberbrusel', 'Sagbrusel', 'Semmelbrösel', 'Semmelbröselein', 'Weckbrosam', 'Weckbröselein']"
Brösel,['Brotbrösel']
Dampf,"['Brotdämpflein', 'Dreschdampf', 'Dreschdampfer', 'Hansdampf', 'Heudampfer', 'Kohldampf', 'Kohlendampf', 'Mordskohldampf', 'Rauchdampf', 'Rohgedämpfte', 'Saukohldampf', 'Stinkerleindampf', 'Volldampf', 'Wasserdampf', 'Zigarettendampf', 'Zigarrendampf']"
Knorz,"['Brotknorz', 'Brotknörzlein', 'Harzknorz', 'Holzknorz']"
Kruste,"['Brotkruste', 'Brotkrüstlein', 'Käsekruste', 'Schimmelkruste', 'Wundkruste']"
lutschen,"['Brotlutscher', 'Flecklutscher', 'Honiglutscher', 'Lappenlutsch', 'Lappenlutscher', 'Wasserlutsche']"
Rank,"['Brotrankelein', 'Brotranken', 'Brotränkelein']"
Riefe,"['Brotrieft', 'Grundbirnriefe', 'Kartoffelriefe']"
Ranft,"['Brotränftlein', 'Hutranft']"
schnippen,"['Brotschnippe', 'Brotschnippel', 'Brotschnippelein', 'Eisschnipper', 'Erdbirnenschnippelein', 'Erdäpfelschnippelein', 'Erdäpfelsschnippelein', 'Fingerschnippen', 'Grundbirnenschnippel', 'Grundbirnenschnippelein', 'Hemdschnipfel', 'Kartoffelschnippelein', 'Klößschnippel', 'Klößschnippelein', 'Papierschnipfel', 'Poussierschnipfel', 'Spatzenschnipp', 'Wurstschnipfel', 'Wurstschnipfelein', 'Wurstschnippel']"
Schrank,"['Brotschrank', 'Drahtschrank', 'Ernschrank', 'Essenschrank', 'Essschrank', 'Essschränklein', 'Fleischschrank', 'Fliegenschrank', 'Fliegenschränklein', 'Geschirrschrank', 'Glasschrank', 'Glasschränklein', 'Kannelschrank', 'Kannelschränklein', 'Kannenschrank', 'Kannenschränklein', 'Kleiderschrank', 'Küchenschrank', 'Küchenschränkel', 'Küchenschränklein', 'Kühlschrank', 'Lebensmittelschrank', 'Obstschränklein', 'Rahmenschrank', 'Schüsselschrank', 'Speiseschrank', 'Speisschrank', 'Speisschränklein', 'Steigenschrank', 'Tellerschrank', 'Vorratsschrank', 'Vorratsschränklein', 'Wandschrank', 'Weckschrank', 'Weißzeugschrank']"
Wacke,"['Brotwacken', 'Feldwacke(n)']"
Gucke,"['Brotzeitgucke', 'Eiergucke', 'Eierguckel', 'Rauchgucke', 'Starengucke', 'Starenguckel']"
Hund,"['Brotzeithündlein', 'Dreckhund', 'Gerbershund', 'Hennenhund', 'Hochzeitshund', 'Hofhund', 'Hundsfotzenhäuslein', 'Jagdhund', 'Kettenhund', 'Krötenhund', 'Lügenhündlein', 'Maushund', 'Misthund', 'Ratzenhund', 'Sauhund', 'Schafhund', 'Schlosshund', 'Schoßhündchen', 'Schoßhündlein', 'Schweinehund', 'Schwittenhund', 'Spürhund', 'Säuhund', 'Wachhund', 'Wagenhund', 'Windhund']"
Huber,"['Brotzelhuberin', 'Geschaftelhuber', 'Geschaftlhuber', 'Geschäftelhuber', 'Grantelhuber', 'Granthuber']"
Zemmete,"['Brotzemmete', 'Erdbirnenzammet', 'Erdbirnzemmete', 'Erdäpfelszemmete', 'Erdäpfelzemmet', 'Erdäpfelzemmete', 'Grundbirnenzemmete', 'Kartoffelzammet', 'Kartoffelzemmete', 'Stopfzemmete', 'Weckzemmete']"
melken,"['Bruchgemelk', 'Hasenmelker', 'Hineinmelket', 'Katzenmelker', 'Katzenmelkerin', 'Kühemelken', 'Mausmelker', 'Neumelkete']"
Leiste,"['Bruchleiste', 'Heuleiste', 'Kammleiste', 'Kleiderleiste', 'Knopflochleiste', 'Längsleiste', 'Querleiste', 'Schlittenleiste', 'Schubleiste', 'Setzleiste', 'Setzleistenring', 'Sitzleiste', 'Spreizleiste', 'Stemmleiste', 'Wagenleiste', 'Webleiste', 'Wäscheleiste']"
Bruck,['Bruck']
tanzen,"['Brucktanz', 'Brücktanz', 'Freitanz', 'Hexentanz', 'Maientanz', 'Plantanz', 'Röhrentänzer', 'Schäfflertanz', 'Seiltanzen']"
Kresse,['Brunnenkresse']
Schiff,"['Brunnenschiffer', 'Dampfschiff', 'Herdschifflein', 'Kochschiff', 'Milchschiff', 'Ofenschiff', 'Ofenschiffel', 'Ofenschifflein', 'Rahmschiff', 'Straßenschiffer', 'Wannenschiff', 'Wasserschiff', 'Wasserschiffel', 'Wasserschifflein']"
Trog,"['Brunnenstrog', 'Brunnentrog', 'Brunntrog', 'Dorfbrunnentrog', 'Futtertrog', 'Haustrog', 'Kaffeetrog', 'Katzentroglein', 'Mangtrog', 'Mischtrog', 'Salztrog', 'Salztröglein', 'Sauftrog', 'Schrottrog', 'Stauchtrog', 'Steintrog', 'Stopftrog', 'Stopftröglein', 'Säutrog', 'Tränktrog', 'Viehtrog', 'Wassertrog']"
Becher,"['Brunzbecher', 'Essbecher', 'Essbecherlein', 'Essenbecher', 'Handbecher', 'Henkelbecherlein', 'Herausfassbecherlein', 'Kaffeebecherlein', 'Maßbecher', 'Melkbecher', 'Messbecher', 'Milchbecher', 'Märzenbecher', 'Salzbecher', 'Salzbecherlein', 'Schlehenbecher', 'Schnapsbecher', 'Schnapsbecherlein', 'Schnaubenbecherlein', 'Schoppenbecher', 'Schöpfbecher', 'Schöpfbecherlein', 'Spritzbecher', 'Standerbecher', 'Ständerbecher', 'Suppenbecher', 'Tränkbecher', 'Wasserbecher', 'Wasserbecherlein', 'Wetzbecher']"
Bürste,"['Brunzbürste', 'Fegbürste', 'Flachsbürste', 'Haarbürste', 'Handbürste', 'Handbürstlein', 'Klobürste', 'Kratzbürste', 'Maisbürste', 'Rotzbürste', 'Saubürste', 'Schwarzbürster', 'Stahlbürste', 'Stuhlbürstlein', 'Wurzelbürste']"
Gote,['Brunzgote']
Hummel,"['Brunzhummel', 'Schlosshummel', 'Surmhummel']"
Kachel,"['Brunzkachel', 'Essenkachel', 'Ruschkachel', 'Rutschkachel', 'Seichkachel', 'Suppenkachel', 'Suppenkächelein', 'Welschkachel']"
Kanone,"['Brunzkanone', 'Schimpfkanone', 'Stimmungskanone']"
Karl,"['Brunzkarlina', 'Würstleinskarl']"
Katharina,"['Brunzkath', 'Brunzkathel', 'Brunzkathrina', 'Brunzkäthe', 'Brunzkäthel', 'Brunzkäthelein', 'Kathelein', 'Lachkäterlein', 'Patschkathel', 'Patschkäthel', 'Quatschkathel', 'Ratschkathel', 'Ratschkattel', 'Ratschkäthel', 'Ratschkättel', 'Schnellkatharina', 'Schnellkathel', 'Schnellkathrin', 'Schnellkathrina', 'Schnellkathrine', 'Schnellkatrin', 'Schnellkatrina', 'Seichkathel', 'Seichkathrina', 'Seichkäthel', 'Traschkathel', 'Tratschkathel', 'Weifkathel']"
Kutte,"['Brunzkutte', 'Brunzkuttel', 'Kuttel', 'Kuttelein', 'Seichkutte', 'Seichkuttel']"
Kübel,"['Brunzkübel', 'Essenkübel', 'Essenkübelein', 'Essentragkübel', 'Esskübel', 'Esskübelein', 'Feldkübel', 'Fleischkübel', 'Futterkübel', 'Holzkübelein', 'Kaffeekübel', 'Kehrichtkübel', 'Kleiekübel', 'Kuhkübelein', 'Käskübel', 'Mehlkübel', 'Mehlkübelein', 'Melkkübel', 'Melkkübelein', 'Milchkübelein', 'Rostkübel', 'Salzkübel', 'Salzkübelein', 'Saufkübel', 'Saukübel', 'Schmalzkübelein', 'Schrotkübel', 'Schöpfküblein', 'Seichkübel', 'Starenkübel', 'Suppenkübelein', 'Säukübel', 'Trankkübel', 'Tränkkübel', 'Vorkübel', 'Waschkübel', 'Wasserkübel', 'Wasserkübelein']"
Elisabeth,"['Brunzliese', 'Brunzliesel', 'Lieslein', 'Pappellieschen', 'Pappelliese', 'Patschliese', 'Patschliesel', 'Petzliesel', 'Pissliese', 'Putzliesel', 'Schimpfliese', 'Schlamperliesel', 'Schmusliesel', 'Schnatterliese', 'Schreiliese', 'Schreinersliesel', 'Schrumpfliesel', 'Schwatzliese', 'Schwätzliesel', 'Streitliesel', 'Tratschliese', 'Zankliese', 'Zuwiderliesel']"
Muschel,"['Brunzmuschel', 'Schneckenmuschel']"
Peter,"['Brunzpeter', 'Gänsepeter', 'Hackepeter', 'Hasenpeter', 'Hemdpeter', 'Hetschenpeter', 'Hinkepeter', 'Hollepeter', 'Kuhpeter', 'Käspeter', 'Kühpeter', 'Miesepeter', 'Mohrenpeter', 'Nörgelpeter', 'Peterlein', 'Quasselpeter', 'Schlappenpeter', 'Schluppenpeter', 'Schmierpeter', 'Schmuspeterlein', 'Schnackelpeter', 'Schnurrenpeter', 'Seichpeter', 'Steckeleinspeter', 'Steckenpeter', 'Struwwelpeter', 'Tannenpeterlein', 'Transchpeter', 'Wackelpeter', 'Waffelpeter', 'Zappelpeter']"
Vikar,['Brunzvikar']
Pelz,"['Brustpelz', 'Brustpelzlein', 'Faulpelz', 'Gemächtspelz', 'Haarpelz', 'Hasenpelz', 'Kuppelpelz', 'Pelzer', 'Saupelz', 'Schlafpelz', 'Säupelz']"
Schwelle,"['Brustschwelle', 'Dachschwelle', 'Fußschwelle', 'Geschwell', 'Haustürschwelle', 'Küchengeschwelle', 'Leggeschwelle', 'Legschwelle', 'Mittelschwelle', 'Sattelgeschwell', 'Sattelschwelle', 'Sparrenschwelle', 'Stockschwelle', 'Stubengeschwelle', 'Torgeschwelle', 'Türgeschwelle', 'Türschwelle', 'Türschwelling']"
Säule,"['Brustsäule', 'Dachrosssäule', 'Dachstuhlsäule', 'Dachsäule', 'Firstpfettensäule', 'Firstsäule', 'Gartensäule', 'Giebelsäule', 'Hofsäule', 'Holzsäule', 'Pfettensäule', 'Sandsteinsäule', 'Standsäule', 'Stuhlsäule', 'Torsäule', 'Tragsäule', 'Türsäule']"
Geschäft,"['Brutgeschäft', 'Fünferleinsgeschäft', 'Geschäft', 'Geschäftiger', 'Meistergeschäftig', 'Meistergeschäftiger']"
Teich,"['Brutteich', 'Brutteichlein', 'Dorfteich', 'Eisteich', 'Ententeich', 'Feuerlöschteich', 'Feuerteich', 'Fischteich', 'Fröschteich', 'Gemeindeteich', 'Gänseteich', 'Karpfenteich', 'Kälberdeicht', 'Nassteich', 'Ortsteich', 'Schlagteichlein', 'Säufteich']"
Riegel,"['Brückenriegel', 'Brückriegel', 'Gürtriegel', 'Kleiderriegel', 'Querriegel', 'Saubrückriegel', 'Sauriegel', 'Saustallbrückriegel', 'Saustallriegel', 'Scharnierriegel', 'Schleifriegel', 'Schuhriegel', 'Steinriegel', 'Sterzriegel', 'Säuriegel']"
Brühe,"['Brühe', 'Dividendenbrühe', 'Dünnbrühe', 'Gerstenbrühe', 'Hopfenbrühe', 'Hutzbrühe', 'Hutzelbrühe', 'Kitzmannbrühe', 'Malzbrühe', 'Schnalzbrühe', 'Schneebrühe', 'Schwitzbrühe', 'Seichbrühe', 'Spülbrühe', 'Taubrühe', 'Teufelsbrühe', 'Waschbrühe', 'Wasserbrühe', 'Zwetschgenbrühe', 'Zwetschgenhutzelbrühe']"
Brüllen,['Brüllen']
husten,"['Brüllhusten', 'Gottesackerhusten', 'Keuchhusten', 'Kuhhusten', 'Kulzackerhusten', 'Preßsackhusten', 'Sauhusten', 'Schafhusten', 'Steckhusten']"
Lust,"['Brütlust', 'Fresslust', 'Willlust']"
rollen,"['Bubenroller', 'Fröschgeröll', 'Haarrolle', 'Klorolle', 'Krötengeröll', 'Lawinerolle', 'Nudelrolle', 'Nudelroller', 'Ochsenrolle(n)', 'Papierrölllein', 'Schneedöller', 'Schneerolle', 'Schnittlauchröllchen', 'Schnittlauchröllein', 'Schnittlingröllein', 'Schnittlingröllelein', 'Schnittlingsröllein', 'Schustersrolle', 'Süriröllelein', 'Wälgerrolle', 'Zigarrenrölllein', 'Zimtrollen']"
kriegen,"['Bubenskrieger', 'Kinderkriegen', 'Weiberskrieger']"
trätzen,"['Bubenträtzelein', 'Magenträtzelein']"
Buch,"['Buch', 'Büchel', 'Gebetbuch', 'Gebetsbüchlein', 'Gesangbuch', 'Hagebüchener', 'Hainbücher', 'Hainebüchener', 'Mettenbuch', 'Mordsbuch', 'Predigtbuch', 'Traumbuch', 'Traumbüchel', 'Traumbüchlein', 'Traumdeuterbuch', 'Wörterbuch']"
Ecker,"['Bucheckel', 'Buchecker', 'Bucheckerl', 'Bucheckerlein', 'Bucheckernkern', 'Butzecker']"
Öl,"['Buchelöl', 'Heizöl', 'Läuseöl']"
Kern,"['Buchenkern', 'Kälberkern', 'Kümmerlskern', 'Maiskern', 'Maiskernel', 'Maiskernlein', 'Zwetschgeskern', 'auskerneln']"
Wedel,"['Buchenwedel', 'Farnwedel', 'Fichtenwedel', 'Heringswedler', 'Kornwedel', 'Palmwedel', 'Rügwedel', 'Sauwedel', 'Tannenwedel', 'Taubwedel', 'Waldwedel', 'Wohlwedler']"
Fetzen,"['Buchfetzen', 'Erdbirnenfetzen', 'Fetzen', 'Fitze', 'Fitzelein', 'Handtuchfetzen', 'Kokettierfetzen', 'Modefotz', 'Mädleinsfetzer', 'Papierfetzen', 'Papierfetzlein', 'Reklamierfetzlein', 'Schmachtfetzen', 'Schnäuzfetzen', 'Zigeunerfetzen', 'Zündfetzlein']"
Marder,"['Buchmarder', 'Fleischmarder', 'Holzmarder']"
Buchse,['Buchse']
Heinkel,['Buckelhanker']
Stütze,"['Buckelstütze', 'Salzstütze', 'Stütze']"
Thomas,"['Buckelthomas', 'Buckelthomaszeit', 'Butzethomas', 'Hollethomas', 'Pelzethomas', 'Plattenthomas', 'Rollerthomas', 'Rumpelthomas']"
Genick,"['Bullengenick', 'Bummelgenack', 'Bummelgenick', 'Fettgenack', 'Fressgenack', 'Halsgenick', 'Halsgenäck', 'Hammelsgenack', 'Hummelgenack', 'Hummelgenick', 'Saugenack', 'Speckgenack', 'Speckgenick', 'Stiergenack', 'Wohlstandsgenack']"
Bulzemärtel,['Bulzemärtel']
Wamme,"['Bummelwamme', 'Hitschenwampe', 'Kuhwamme']"
Bummel,"['Bummer', 'Fichtenbummelein', 'Gemeindebummel', 'Hurenbummel', 'Kieferbummelein', 'Säubummer', 'Tannenbummelein']"
Kneipe,['Bumskneipe']
Lokal,['Bumslokal']
vier,"['Bumsviertel', 'Dirnenviertel', 'Garbenviertel', 'Getreideviertel', 'Grabviering', 'Halbviertelhalb', 'Heustockviertel', 'Heuviertel', 'Hurenviertel', 'Kornviertel', 'Krachviertel', 'Liebesviertel', 'Mittelviertel', 'Nuttenviertel', 'Puffviertel', 'Rübenviertel', 'Scheuereviertel', 'Scheuerviertel', 'Scheunenviertel', 'Schnallenviertel', 'Stadelsviertel', 'Stadelviertel', 'Streuviertel', 'Strichviertel', 'Strohviertel', 'Tennviertel', 'Weizenviertel']"
Gruppe,"['Burschengruppe', 'Jugendgruppe', 'Landjugendgruppe']"
Schurz,"['Buselschürze', 'Kirchweihschürze', 'Platzschürze', 'Schürze', 'Unterschurz', 'Unterschurze', 'Unterschürze']"
butt,"['Buttel', 'Buttelein', 'Patscherbuttel', 'Wechselbutte', 'Zeiserbuttlein']"
Ball,"['Butterballen', 'Bändleinballen', 'Fetzenball', 'Fleckball', 'Fleckballen', 'Fleckelball', 'Fleckelballen', 'Fleckeleinsball', 'Fleckeleinsballen', 'Fleckenball', 'Fleckenballen', 'Fleckerlball', 'Fleckerlballen', 'Fleckleinball', 'Fleckleinballen', 'Fleckleinsball', 'Fleckleinsballen', 'Flecklerball', 'Flecklersballen', 'Flickball', 'Flickballen', 'Fußball', 'Fußballen', 'Fußballer', 'Fußballern', 'Grasballen', 'Grundbirnenball', 'Hackfleischball', 'Handballen', 'Hopfenball', 'Krampfballen', 'Käseballen', 'Lappenball', 'Lumpenball', 'Lumpenballen', 'Läuseballen', 'Rasenballen', 'Schneeball', 'Schneeballen', 'Schneeballschmeißen', 'Schockballen', 'Spaßbälle', 'Stoffball', 'Stoffballen', 'Stoffbällchen', 'Stoffrestballen', 'Stoffresteball', 'Stopfball', 'Stopfballen', 'Stoßballen', 'Strohballen', 'Wiesenballen', 'Wolkenballen']"
Butter,"['Butterbätzlein', 'Maisbutter', 'Neuntagebutter', 'Neuntagesbutter', 'Neuntagsbutter', 'Rahmbutterig', 'Schmarrenbutter']"
Fladen,"['Butterfladen', 'Eierflädlein', 'Erdbirnenflädelein', 'Geschwimmflädlein', 'Kuhfladen', 'Kühfladen', 'Mistfladen', 'Schwimmfladen', 'Schwimmflädlein', 'Schwingflädlein']"
Griffel,"['Buttergriffel', 'Christkindleinsgriffel', 'Gänsgriffelein', 'Holzgriffel', 'Kratzgriffel', 'Mehlgriffel', 'Schiefergriffel', 'Schulgriffel', 'Steingriffel', 'Stiftgriffel', 'Tafelgriffel']"
Knolle,"['Butterknolle', 'Euterknollen', 'Harzknolle', 'Höckerknöllein', 'Liebesknolle', 'Schneeknolle', 'Sellerieknolle', 'Teufelsknolle']"
Lärche,"['Butterlärche', 'Dockenlärche']"
Model,"['Buttermodel', 'Butterzeugmodel', 'Holzmodel', 'Plätzchenmodel', 'Plätzleinmodel', 'Plätzleinsmodel', 'Schneemodel', 'Zuckermodel']"
Sieb,"['Buttersiebel', 'Dreschsieb', 'Erbsensieb', 'Erdäpfelsieb', 'Fruchtsieb', 'Futtersieb', 'Futtersieblein', 'Gaulsieb', 'Gerstensieb', 'Getreidesieb', 'Gäulsieb', 'Haarsieb', 'Hafersieb', 'Handsieb', 'Hälmsieb', 'Kaffeesieb', 'Kaffeesieblein', 'Kernsieb', 'Kleesamensieb', 'Kleesieb', 'Kornsieb', 'Körnersieb', 'Küchensieb', 'Küchleinsieb', 'Mehlsieb', 'Mehlsiebelein', 'Mehlsieblein', 'Milchsieb', 'Radelsieb', 'Radesieb', 'Salatsieb', 'Sandsieb', 'Sprengersieb', 'Stadelsieb', 'Staubsieb', 'Teesieb', 'Weizensieb']"
Soße,"['Buttersoße', 'Zwetschgensoße', 'Zwiebelsoße']"
Bockerlein,['Butzelbockerlein']
Boz,"['Butzen', 'Holleboz', 'Holleboze', 'Hollebozer', 'Hollebutz', 'Hollebutzer', 'Holleböz', 'Hollebüz', 'Nachtböz', 'Pfändbutz', 'Pfändbutzen', 'Raubauz', 'Raubauziger', 'Sackbozel', 'Tatterbutzen']"
Hiefe,"['Butzhiefe', 'Hundshiefelein']"
bammeln,['Bämperer']
Ding,"['Bärending', 'Eingedungener', 'Eisending', 'Klapperding', 'Kühdinglein', 'Läusding', 'Mordsding', 'Riechding', 'Riesendinger', 'Scheißding', 'Spielding', 'Streichding', 'Ärmelsding']"
Dreck,"['Bärendreck', 'Dreschdreck', 'Erdäpfeldreck', 'Extradreck', 'Fingernägeldreck', 'Gassendreck', 'Geißdreck', 'Gänsdreck', 'Gänsedreck', 'Hammelsdrecker', 'Hennendreck', 'Hitschdreck', 'Hundsdreck', 'Hundsdrecker', 'Hundsdrecklein', 'Hähnerdreck', 'Hühnerdreck', 'Katzendreck', 'Katzendrecklein', 'Krippendreck', 'Kuhdreck', 'Kühdreck', 'Kühdrecker', 'Kühebatzen', 'Kühedreck', 'Kühscheißdreck', 'Läusdreck', 'Matschedreck', 'Maurersdreck', 'Mausdreck', 'Mausdrecklein', 'Mäurersdreck', 'Mäusdreck', 'Mäusedreck', 'Mörteldreck', 'Mückendreck', 'Ochsendreck', 'Peterleinsdreck', 'Petersdreck', 'Pferdedreck', 'Saudreck', 'Scheißdreck', 'Scheißdrecklein', 'Schnupfdreck', 'Straßendreck', 'Säudreck']"
Fell,"['Bärenfell', 'Deckfell', 'Katzenfell']"
Tatze,"['Bärentatze', 'Fingertatzen', 'Katzentatze', 'Katzentätzlein', 'Narrentatze', 'Nasstatze', 'Sumpftatze']"
Ameise,"['Bärämeisenhaufen', 'Lämetzenhaufen', 'Pfetzämeisenhaufen', 'Pfetzämeishaufen', 'Pfetzämetzenhaufen', 'Seichameise', 'Seichametzen', 'Seichhhämeisenhaufen', 'Seichhämeisen', 'Seichhämeisenhaufen', 'Seichsämetzhaufen', 'Seichämeisenhaufen', 'Seichämeishaufen', 'Ämeisenhaufen', 'Ämeishaufen', 'Ämetzenhaufen', 'Ämetzgehaufe', 'Ämetzhaufen']"
Mark,"['Bätzenmarke', 'Fellmarke', 'Flurmark', 'Flurmarkung', 'Gemeindemark', 'Gemeindemarkung', 'Grenzenmarkung', 'Grenzgemarkung', 'Grenzmarkung', 'Hausmarke', 'Hiefenmark', 'Ohrenmarke', 'Ohrmarke', 'Ortsmarkung', 'Schafmarke', 'Viermarker']"
Stadel,"['Bätzenstadel', 'Schafstadel']"
Muck,"['Bösmucke', 'Mucker']"
Bube,['Büblein']
Fleisch,"['Büchsenfleisch', 'Dörrfleisch', 'Dürrfleisch', 'Fleischfässlein', 'Fleischkalter', 'Gregelfleisch', 'Gretelfleisch', 'Gretenfleisch', 'Gretselfleisch', 'Gretsfleisch', 'Grettelfleisch', 'Griebenfleisch', 'Hammenfleisch', 'Hockfleisch', 'Kalbfleisch', 'Kesselfleisch', 'Knochenfleisch', 'Kopffleisch', 'Krenfleisch', 'Kronfleisch', 'Krumbeinfleisch', 'Kühfleisch', 'Rauchfleisch', 'Rehfleisch', 'Riemenfleisch', 'Rindfleisch', 'Ruhefleisch', 'Ruhfleisch', 'Räucherfleisch', 'Sauerfleisch', 'Schinkenfleisch', 'Schlotfleisch', 'Schnitzfleisch', 'Schwarzfleisch', 'Schöpffleisch', 'Schöpsenfleisch', 'Schüpffleisch', 'Seitenfleisch', 'Selchfleisch', 'Sitzfleisch', 'Solfleisch', 'Speckfleisch', 'Spintfleisch', 'Sudfleisch', 'Sulchfleisch', 'Sulfleisch', 'Wellfleisch', 'Wellsfleisch', 'Zenterlingfleisch']"
Büche,['Büchslein']
Stahl,['Bügelstahl']
Dame,"['Bürodame', 'Lebedame', 'Riesendame', 'Schreibdame', 'Tippdame']"
hocken,"['Bürohockerin', 'Eckenhocker', 'Federnhocker', 'Fetthöcker', 'Fußhocker', 'Grenzhocker', 'Herumgehock', 'Klassenhocker', 'Nachhockerlein', 'Nesthocker', 'Nesthockerin', 'Nesthockerlein', 'Ofenhocker', 'Schulhocker', 'Stadthocker', 'Stubenhocker', 'Stubenhockerin', 'Taschenhocker']"
Madmoiselle,"['Büromamsell', 'Schreibmamsell', 'Schreibtischmamsell', 'Tippermamsell', 'Tippmamsell']"
Maus,"['Büromaus', 'Duckmaus', 'Duckmauser', 'Duckmauserin', 'Ducksmäuslein', 'Fledermaus', 'Holzmauser', 'Kellermaus', 'Kirchenmaus', 'Linksmauser', 'Mausöhrchen', 'Rattenmaus', 'Spitzmaus', 'Spitzmäuslein', 'Wassermaus', 'Wühlmaus', 'Zuckermäuslein']"
Borste,"['Bürste', 'Fettborste', 'Maisborsten', 'Sauborsten', 'Saubörsten', 'Säuborste', 'Säuborsten', 'Säuborster', 'Weizenborsten', 'Widerborst', 'Widerborste', 'Widerborsten', 'Widerborster', 'Widerborstiger']"
böse,['Bützelböser']
Lack,['Chaisenlack']
Remise,"['Chaisenremise', 'Schüsselremise']"
Christus,['Christkindchen']
Barbara,"['Christkindleinsbärbelein', 'Dreckbärbel', 'Käsbärbel', 'Marktbärbel', 'Pissbärbel', 'Sandbarbel', 'Schnappbabel', 'Sottbärbel']"
Monat,"['Christmonat', 'Lenzmonat', 'Neumonat']"
Sandale,"['Christussandale', 'Feldsandale', 'Heilandssandale', 'Herrgottssandale', 'Jesussandale', 'Kapuzinersandale', 'Kneippsandale', 'Ledersandale', 'Riemensandale', 'Römersandale', 'Schnallensandale']"
Woche,"['Christwochen', 'Mittwoch', 'Mittwochneu', 'Stöberwochen', 'Weihnachtswoche']"
Dose,"['Cremedose', 'Doselein', 'Dösel', 'Nigrindose', 'Salzdose', 'Sammeldose', 'Schmarrdose', 'Schmierdöslein', 'Schnupftabaksdose', 'Schuhcremedose', 'Schuhputzdöslein', 'Schuhwichsdose', 'Schuhwichsdöslein', 'Teufelsdose', 'Teufelsschnupftabakdose', 'Wichsdose', 'Wichsdöslein', 'Äpfeldose']"
Crispínus,['Crispel']
Crispinus,['Crispelein']
selb,"['DTS', 'RDS', 'RTS', 'TTS']"
Balkon,"['Dachbalkon', 'Mordsbalkon']"
Fieder,"['Dachfieder', 'Gefieder', 'Ingefieder', 'Strohfieder']"
First,['Dachfirst']
Galerie,['Dachgalerie']
Kandel,"['Dachkandel', 'Flusskandel', 'Flusskarre', 'Kandel', 'Straßkandel']"
Latte,"['Dachlatte', 'Firstlatte', 'Fußlatte', 'Latte', 'Mauerlatte', 'Mistlatte', 'Querlatte', 'Schlittenlatte', 'Schlittenlättlein', 'Schneelatte', 'Sitzlatte', 'Sitzquerlatte', 'Sprössellatte', 'Standlatte', 'Zaunlatte']"
Pfatte,"['Dachpfette', 'Firstpfette', 'Firstpfetten', 'Freipfette', 'Fußpfette', 'Giebelpfette', 'Pfatte', 'Pfette', 'Ränderpfette', 'Stuhlpfette']"
Pfosten,"['Dachpfosten', 'Firstpfettenpfosten', 'Firstpfosten', 'Gartenpfosten', 'Hahnenbalkenpfosten', 'Hofpfosten', 'Sandsteinpfosten', 'Torpfosten', 'Türpfosten']"
Trauf,"['Dachrinnentrauf', 'Dachtrapp(en)', 'Dachtrauf', 'Dachtraufe', 'Dachträufig', 'Regentrauf', 'Regentraufe']"
Ross,"['Dachross', 'Dachrösslein', 'Dampfross', 'Stahlross', 'Walross']"
Schaub,"['Dachschaub', 'Hegschaub', 'Hegschaube', 'Heuschaub', 'Pfandschaub', 'Pfändeschaub', 'Pfändschaub', 'Pfändschäub', 'Pfändschäube', 'Schaube', 'Schneeschaub', 'Schäubelein', 'Strohschaub', 'Strohschaublein', 'Strohschaubs', 'Strohschäublein']"
Schiefer,"['Dachschiefer', 'Holzschiefer']"
Trüpf,['Dachtrüpf']
Dampes,['Dampes']
Georg,"['Dampfergerg', 'Fliegengirgel', 'Georgina', 'Girgel', 'Gänsgergel', 'Haarpomadengerg', 'Hansgirgel', 'Hansjörg', 'Heringsgerglein', 'Knappschorsch', 'Latschengori', 'Pomadengirgel', 'Schloddergori', 'Schürgergel', 'Steckeleinsgerg', 'Weihergerg', 'Würstgerg']"
Wolfgang,['Dampferwolf']
Kessel,"['Dampfkessel', 'Feldkessel', 'Weihkesselein', 'Weihwasserkesselein']"
Lok,"['Dampflok', 'Dampfmaschinenlok', 'Dreschlok']"
Lokomobil,['Dampflokomobil']
Lokomotive,"['Dampflokomotive', 'Dreschlokomotive']"
plaudern,"['Dampfplauderer', 'Dorfplauderer', 'Gernplauderer', 'Leergeplauder', 'Leerplaudere', 'Leerplauderei', 'Leerplauderer', 'Vielplauderer']"
Datz,['Datzer']
Quatsch,"['Dauerquatscher', 'Nestquatsch', 'Nettquatscher', 'Quatsche', 'Schneequatsch', 'Watsche']"
Rauch,"['Dauerraucher', 'Hasenraucher', 'Hasenraucherlein', 'Kettenrauchen', 'Kettenraucher', 'Krötenrauch', 'Luftgeräucherter', 'Rauch', 'Rauchen', 'Stangenraucher', 'Tabakrauch', 'Teufelsrauch', 'Wiesenpuffer', 'Wiesenraucher', 'Zigarettenrauch', 'Zigarrenrauch', 'Zigarrensrauch']"
dick,"['Daumendick', 'Daumensdick', 'Nudeldick']"
Eber,"['Dauscheber', 'Saueber', 'Tolleneber', 'Wildeber']"
Ohr,"['Dauschenohren', 'Dauschohren', 'Hasenohr', 'Hasenohren', 'Katzenohren', 'Leuchsenohr', 'Sauohr', 'Schlackohr', 'Schlappohr', 'Schlappöhrlein', 'Schlitzohr', 'Schweinsohr', 'Schweinsöhrlein', 'Spitzohr', 'Säuohr', 'Säuohrlein', 'Säuschlappohr', 'Säuöhrlein']"
dehnen,['Dehneis']
Schifft,"['Deichselgeschifft', 'Einschifftiger', 'Einschiftige', 'Einschiftiger', 'Einschiftiges']"
Nabe,"['Deichselnabe', 'Eisennabe', 'Haufennabe', 'Holznabe', 'Nabe', 'Radnabe', 'Ringnabe', 'Wagennabe']"
Schraube,"['Deichselschraube', 'Einschraube', 'Hemmschraube', 'Hubschrauber', 'Schrauber', 'Wagenschraube']"
Steg,"['Deichselsteg', 'Hennensteg', 'Katzensteglein', 'Laussteg']"
Wange,"['Deichselwange', 'Hennenwinge', 'Herzwangiger', 'Leiterwangen']"
Deisem,['Deisen']
Amboss,"['Dengelamboss', 'Dengelambosslein']"
Bahn,"['Dengelbahn', 'Eisbahn', 'Eisenbahn', 'Eisenbahner', 'Eisenbahnerer', 'Eisenbähner', 'Kinderschlittenbahn', 'Lausrennbahn', 'Lenkbahn', 'Lenkbahner', 'Lokalbahn', 'Läuserennbahn', 'Rennbahn', 'Rodelbahn', 'Rollbahn', 'Rutschbahn', 'Schleifbahn', 'Schlittbahn', 'Schlittelbahn', 'Schlittenbahn', 'Schlitterbahn', 'Schlittesbahn', 'Schwindelbahn', 'Senselbahn', 'Sensenbahn', 'Staatsbahn', 'Straßenbahn']"
breit,"['Dengelbreiting', 'Drillbreite', 'Handbreit', 'Mahndenbreite', 'Maschinenbreite', 'Maschinenbreiting', 'Mistbreiten', 'Mähbreite', 'Nestbreitelein', 'Saatbreite', 'Spurbreite', 'Säbreite', 'Säbreiting', 'Sämaschinenbreite', 'Sämaschinenbreiting', 'Wurfbreite', 'Wurfbreiting']"
Bank,"['Dengelbänklein', 'Eselsbank', 'Eselsbanklein', 'Fensterbank', 'Fensterbanklein', 'Fensterbänkel', 'Fensterbänklein', 'Fußbank', 'Fußbankel', 'Fußbänklein', 'Griffelbänklein', 'Hobelbank', 'Höllbank', 'Katzenbank', 'Knüpfelbänklein', 'Kutschbank', 'Kutscherbank', 'Lehnenbank', 'Leiterbank', 'Mauerbank', 'Ofenbank', 'Sandbank', 'Scherbenbank', 'Schichtholzbank', 'Schlichtholzbank', 'Schlittenbank', 'Schlittenbänklein', 'Schuhbänklein', 'Sitzbank', 'Steckenbank', 'Sterholzbank']"
Galgen,['Dengelgalgen']
Hamme,"['Dengelhamme', 'Senselhamme', 'Sensenhamme', 'Säuhamme']"
dezimal,['Dezimal']
Fest,"['Dickfest', 'Dreschfest', 'Erntedankfest', 'Erntefest', 'Feuerwehrfest', 'Schlachtfest', 'Teichfest', 'Volksfest']"
Madame,"['Dickmadame', 'Läusemadame', 'Staatsmadame', 'Stadtmadame', 'Trudelmadame']"
Mast,"['Dickmaster', 'Getreidemast', 'Gänsemästen', 'Kartoffelmast', 'Kartoffelnmast', 'Kartoffelrübenmast', 'Molkemast', 'Schrotmast', 'Trockenmast']"
Mops,"['Dickmops', 'Fettmops', 'Rollmops']"
Wampe,"['Dickwampeter', 'Fettwampe', 'Fettwamps', 'Froschwampel', 'Gewams', 'Halswamp', 'Kuhwampe', 'Kuttelwamme', 'Kühwamme', 'Speckwampe']"
Wams,"['Dickwams', 'Fettwams', 'Hasenkuhwamser']"
Knecht,"['Diebsknecht', 'Fersenknecht', 'Fuhrknecht', 'Holzknecht', 'Landsknecht', 'Leuchsenknecht', 'Platzknecht', 'Rossknecht', 'Schlitzknecht', 'Schuhknecht', 'Speckknecht', 'Stiefelknecht', 'Weberknecht']"
Dienstag,['Dienstag']
Disput,['Disputat']
Mama,"['Dockenmama', 'Großmama']"
Dol,"['Dol', 'Gießerdolein', 'Kellerdol', 'Sickerdol', 'Steindole', 'Wiesendole']"
Traube,"['Doldentraube', 'Haselnussträubelein', 'Johannisbeerträublein', 'Johannistraube', 'Johannistraubelein', 'Johannisträubel', 'Johannisträubelein', 'Johannisträublein', 'Johannisträuchen', 'Weintraube']"
Dolde,"['Dolle', 'Hopfendolde', 'Maisdolde', 'Maisdoldenhaar']"
Pfaffe,['Dompfaff']
knärfen,['Donnersknärfe']
Johannes,"['Dooferjan', 'Hannebambel', 'Katzenhansel', 'Knatterhannes', 'Knotterhannes', 'Lehrerhansel', 'Lehrerhanselein', 'Merhannes', 'Nörgelhannes', 'Pappelhannes', 'Pappelhans', 'Plapperhannes', 'Plattenhannes', 'Plempelhannes', 'Pomadenhansel', 'Popelhans', 'Prahlhans', 'Prahlhansel', 'Prozesshannes', 'Prozessshannes', 'Rauhans', 'Regenhans', 'Rotzkannes', 'Schlackerhannes', 'Schlafhannes', 'Schlafhans', 'Schlapphannes', 'Schlapphans', 'Schmarrhans', 'Schnatterhannes', 'Schulhansel', 'Schulhanselein', 'Seichhannes', 'Stolperhannes', 'Storchhansel', 'Streithänsel', 'Taubenhannerlein', 'Taubenhannes', 'Taubenhanni', 'Taubenhannlein', 'Traumhannes', 'Traumhans', 'Traumhanselein', 'Weifhans', 'Weiherhansel', 'Winterhans', 'Zappelhannes']"
Bockbier,['Doppelbock']
hobeln,"['Doppelhobel', 'Dreckshobel', 'Füghobel', 'Gesimshobel', 'Krauthobel', 'Rundhobel', 'Schiffshobel']"
Schier,['Doppelschier']
Sprosse,"['Doppelsprosse', 'Leiternsprosse', 'Leiternsprössel', 'Leitersprosse', 'Leitersprossen', 'Leitersprössel', 'Längssprosse', 'Sprosse', 'Zaunsprössel']"
Ster,"['Doppelster', 'Holzster', 'Prügelster', 'Wellenster', 'Zweimeterster']"
dienen,"['Doppeltverdiener', 'Doppelverdiener', 'Gemeindediener', 'Handdienst', 'Kirchendiener', 'Nebenverdiener', 'Nebenverdienstler', 'Polizeidiener', 'Schmierplatzverdiener', 'Schuldienerin', 'Stalldienst', 'Wohldiener', 'Wohldienerin', 'Wohldiern', 'Wohlsdienerei', 'Zuverdiener']"
gemein,"['Dorfgemeinschaft', 'Familiengemeinschaft', 'Hundsgemeinheit', 'Zonengrenzgemeinde']"
Hül,"['Dorfhül', 'Gemeindehül', 'Hirtenhül', 'Hül', 'Ortshül']"
Jugend,"['Dorfjugend', 'Landjugend']"
Kalesche,['Dorfkalesche']
klappen,"['Dorfklapperin', 'Herzklapperer', 'Klapper', 'Klapperer', 'Scheuklappe']"
Lache,"['Dorflache', 'Drecklache', 'Froschlache', 'Lache', 'Mordslache', 'Regenlache', 'Seifenlache', 'Sumpflache', 'Tropflache', 'Wasserlache']"
Mauer,"['Dorfmauer', 'Gartenmauer', 'Kürmauer', 'Menschermauer', 'Schüttmauer', 'Stadtmauer', 'Staumäuerlein', 'Steinmauer']"
Post,"['Dorfpost', 'Schneckenpost']"
raspen,"['Dorfraspel', 'Holzraspel', 'Hufraspel', 'Säraspel', 'Süßholzraspler']"
See,"['Dorfsee', 'Dorfseelein', 'Feuersee', 'Fischsee', 'Fischseelein', 'Kieferseela', 'Schulsee']"
Trommel,"['Dorftrommel', 'Gemeindetrommel', 'Maultrommel', 'Maultrommler']"
Hecke,"['Dornenhecke', 'Dornhecke', 'Dörnerhecke', 'Geheck', 'Hecke', 'Holzhecken', 'Schlehenhecke', 'Stangenhecke', 'Ständleinshecke']"
Häppe,"['Dornhäppe', 'Häppe', 'Häppelein', 'Häpper', 'Reuthäppe', 'Wetterhäppe']"
Zaine,"['Dorrzainlein', 'Schneezaine']"
Keller,"['Dorschenkeller', 'Erdbirnenkeller', 'Erdäpfelkeller', 'Erdäpfelskeller', 'Felsenkeller', 'Futterkeller', 'Grundbirnenkeller', 'Grundbirnenskeller', 'Hauskeller', 'Kartoffelkeller', 'Kohlkeller', 'Patakenkeller', 'Rangesenkeller', 'Rangeskeller', 'Rummelsenkeller', 'Runkelkeller', 'Runkelskeller', 'Rübenkeller', 'Wurzelkeller']"
dos,"['Dosel', 'Doser', 'Döselein', 'Traumduse', 'Zerrduse']"
Seil,"['Drahtseil', 'Garbenseil', 'Garbseil', 'Glockenseil', 'Heringseil', 'Heuseil', 'Hopfenseil', 'Kopfseil', 'Kornseil', 'Krötenseilein', 'Leitseil', 'Läutseil', 'Mutseil', 'Narrenseil', 'Spannseil', 'Strohseil', 'Wagenseil', 'Wiesseil', 'Windenseil', 'Windseil', 'Wäscheseil', 'Zaumseil', 'Zugseil']"
Bad,"['Dreckbaden', 'Schneesonnenbad', 'Stäffeleinsbader', 'Wildbad', 'Zungenbader']"
bampeln,"['Dreckbampel', 'Haselnussbämpelein', 'Katzenbämpelein', 'Scheuerbampel', 'Scheuernbompel']"
leer,"['Dreckeimerausleerer', 'Kehrichteimerleerer']"
Finger,"['Dreckfinger', 'Fingerdippen', 'Herrgottsfinger', 'Hygienefinger', 'Kleinfinger', 'Langfinger']"
Flegel,"['Dreckflegel', 'Dreschflegel', 'Waschflegel', 'Wäscheflegel']"
Imme,['Dreckimme']
panschen,"['Dreckpanscher', 'Eispansch', 'Herumgepansche', 'Kaltwasserpanscher', 'Weinpanscher']"
Pfote,"['Dreckpfote', 'Frechpfote', 'Hundepfote', 'Hundspfote', 'Hundspfötchen', 'Hundspföteln', 'Hundspfötlein', 'Händpfötschlein', 'Katzenpfote', 'Katzenpfötchen', 'Katzenpfötel', 'Katzenpfötlein', 'Linkspfotner', 'Samtpfoten', 'Samtpfötlein', 'Säupfotsche', 'Säupfötlein', 'Säupfötschlein']"
Pfütze,"['Dreckpfütze', 'Eispfütze', 'Regenpfütze', 'Regenwasserpfütze', 'Traufpfütze', 'Wasserpfütze']"
Russe,"['Dreckrussen', 'Kohlenrusse', 'Russlein', 'Stupfelrusse']"
sappen,"['Drecksapper', 'Schneegesapp', 'Vollsapper']"
schlarren,['Dreckschlarrer']
schlattern,"['Dreckschlatter', 'Dreckschlätte', 'Schlatterer']"
Spachtel,"['Dreckspachtel', 'Holzspachtel', 'Pflugspachtel', 'Teigspachtel']"
Suckel,"['Drecksuckelein', 'Krätzensuckelein', 'Lappensuckel', 'Milchsuckel', 'Milchsuckelein', 'Milchsuckerl', 'Saufsuckelein', 'Saugsuckelein', 'Suckelsäulein', 'Sucksäulein']"
Sulle,['Drecksulle']
Sutte,"['Drecksutte', 'Wassersutte']"
tappen,"['Drecktapper', 'Drecktapser', 'Fußtapfen', 'Fußtapfer', 'Fußtappen', 'Fußtapper', 'Fußtapse', 'Halbtapp', 'Haustapp', 'Hundstapper', 'Katzentapper', 'Katzentapplein', 'Menschentapper', 'Nachttappelein', 'Pfützentapper', 'Pritschentäpper', 'Schneetapfen', 'Schneetappen', 'Schneetapper', 'Schuhtapser', 'Schultäppelein', 'Seichtapp', 'Seichtappen']"
trappen,"['Drecktrapper', 'Fußtrappen', 'Fußtrapper', 'Jesustrapper', 'Schneetrapper']"
Waffel,"['Dreckwaffel', 'Waffel']"
wimmeln,['Dreckwimmel']
Sichel,"['Dreiersichel', 'Halbmondsichel', 'Mondsichel', 'Vierersichel']"
hoch,"['Dreikäsehoch', 'Dreikäsehoher', 'Dreikäshoch', 'Kniehoch']"
schlau,"['Dreimalschlau', 'Superschlauer']"
Zinken,"['Dreizinkete', 'Fünfzinkete', 'Kammzinken', 'Zehnzinketer', 'Zweizinker', 'Zweizinkete', 'Zweizinkige']"
Genosse,"['Dreschgenossenschaft', 'Eidgenosse']"
rumpeln,"['Dreschrumpel', 'Mannsbilderrumpel', 'Matzrumpel', 'Schneerömpel', 'Schneerümpel', 'Waschrumpel', 'Wäscherumpel']"
schwinden,"['Dreschschwund', 'Kopfschwindel']"
fehlen,"['Druckfehler', 'Säfehler']"
Punkt,"['Druckpunkt', 'Mittelpunkt', 'Standpunkt', 'Treffpunkt']"
gacken,"['Drudengackelein', 'Froschgackel', 'Froschgackelein', 'Fröschgackel', 'Fröschgackelein', 'Gackel', 'Gackere', 'Gackerhannes', 'Gackse', 'Hasengackel', 'Hasengackelein', 'Hexengackelein', 'Hitschengackelein', 'Judengackelein', 'OStergackelein', 'Ostergackelei', 'Ostergackelein', 'Osterhasengackelein', 'Schuttgackerer', 'Schuttgockerer', 'Schwartengackelein', 'Tannengackelein', 'Vogelgackelein']"
Berg,"['Drückeberger', 'Engelsberg', 'Faulenberger', 'Faulerberger', 'Herbstberg', 'Königsberger', 'Plattenberger', 'Rodelberg', 'Schlittenberg', 'Schlittenbergel', 'Schlittenberglein', 'Steckelsberg', 'Streitberger', 'Streiteberger', 'Streitenberger', 'Windbeutelbergerer']"
Baby,"['Dschungelbaby', 'Lehrerbaby']"
Meier,"['Duckmeier', 'Gescheitmeier', 'Heulmeier', 'Oberschlaumeier', 'Schlaumeier', 'Zappelmeier']"
Duckmäuser,"['Duckmäusel', 'Duckmäuselein', 'Duckmäuser', 'Duckmäuserin']"
Hurde,"['Dunghurdenwagen', 'Dunghurdwagen']"
Tür,"['Dungtür', 'Dungtürel', 'Dungtürlein', 'Einsetztürlein', 'Haustür', 'Hennentür', 'Hosentürlein', 'Hühnertürl', 'Hühnertürlein', 'Kellertür', 'Schreinerstür', 'Stalltür', 'Tür']"
Kippe,['Dunstkippe']
einander,"['Durcheinander', 'Haardurcheinander', 'Mordsdurcheinander', 'Untereinander', 'Warmbeieinanderlein', 'durcheinanderbringen']"
schreiben,"['Durcheinandergeschrei', 'Füllschreiber', 'Maschinenschreiberin', 'Schaukelschreiber']"
quick,['Durchgequixter']
riechen,['Durchgerochener']
wichsen,"['Durchgewichster', 'Plattenwichser', 'Schuhwichse', 'Schwarzwichse', 'Schühwichse', 'Stiefelwichse']"
Marsch,"['Durchmarsch', 'Gänsemarsch']"
messen,"['Durchmesser', 'Fußballermaß', 'Knüpfelmaß', 'Radelmaß', 'Radelsmaß', 'Radfahrermaß', 'Radlermaß', 'Radlersbier', 'Schorlemaß', 'Seidelmaß']"
löschen,['Durstlöscher']
Dusel,"['Dussel', 'Saudusel', 'Traumdusel']"
Trutschel,['Dutschelein']
Dutte,"['Duttel', 'Flaschenduttler', 'Großduttete', 'Hundsdütte', 'Hundsdüttel', 'Mordsdutte', 'Rauchdutte', 'Taubendudderer']"
Schlehe,"['Dörnerschlehe', 'Hafenschlehe', 'Vogelschlehe']"
Staude,"['Dörnerstaude', 'Erdbirnenstaude', 'Hiefeleinstaude', 'Hiefenstaude', 'Hollerstaude', 'Hopfenstaude', 'Krautstaude', 'Mehlbeerleinstaude', 'Milchstaude', 'Ringelstaude', 'Rosmarinstaude', 'Rösleinstaude', 'Schlehenstaude', 'Weidenstaude']"
Leber,"['Dörrleber', 'Saufleber']"
Dümpfel,['Dümpfel']
flitzen,['Dünnflitz']
Bach,"['Dürrbach', 'Faulbach', 'Fährbach', 'Hundsbächerlein', 'Mühlbach']"
leben,"['Dürrleber', 'Dürrleberin', 'Dürrleberlein', 'Einsiedlerleben', 'Hundsleben', 'Jammerleben']"
Leim,"['Dürrleimer', 'Handleim', 'Leimentreter', 'Leimetreter', 'Spitalleim', 'Vogelleim']"
jagen,"['Düsenjäger', 'Fallschirmjäger', 'Gewitterjager', 'Gänsejäger', 'Mannsjägerin', 'Mordsjagd', 'Mädchenjäger', 'Mädleinjäger', 'Postleinsjäger', 'Rentenjägerin', 'Schürzenjager', 'Schürzenjäger', 'Schürzjäger', 'Speckjäger', 'Treibjagd', 'Weiberjäger', 'Wildjäger']"
Dutt,['Düttlein']
Esche,"['Eberesche', 'Feldesche', 'Langesche', 'Langeschel', 'Langeschte', 'Langgeschte', 'Steinesche', 'Vogelesche', 'Waldesche']"
Raute,"['Eberraute', 'Reutlein']"
Stenz,"['Eckenstenz', 'Hochmutsstenz']"
Feile,"['Eckfeile', 'Feitel', 'Flachfeile', 'Rundfeile']"
Pfeil,"['Eckpfeile', 'Pfeil', 'Pfitschepfeil', 'Pfitzepfeil', 'Pfützepfeil']"
Himmel,"['Ehehimmel', 'Schneehimmel']"
Joch,"['Ehejoch', 'Kühjoch', 'Schlittenjoch', 'Sprießjoch', 'Tragjoch', 'Tränkjoch', 'Wasserjoch']"
Krüppel,"['Ehekrüppel', 'Hundskrüppel', 'Hundskrüppelein', 'Katzenkrüppel', 'Nestkrüppel']"
Hand,"['Ehrenhand', 'Frauhändlein', 'Handhebe', 'Handhäckel', 'Handhäcklein', 'Hanf', 'Händschaufel', 'Hühnerhand', 'Linkhänder', 'Linkshändel', 'Linkshänder', 'Linkshändiger', 'Patschhand', 'Schmutzhändlein', 'Teufelshändlein']"
Ei,"['Ei', 'Fischeier', 'Froschei', 'Froscheier', 'Froscheierlein', 'Fröschei', 'Fröscheierlein', 'Fröscheilein', 'Fröschelei', 'Glotzei', 'Glücksei', 'Grünhasenei', 'Gänsei', 'Hasenei', 'Haseneierlein', 'Hexenei', 'Hitschei', 'Hitschenei', 'Hitscheneier', 'Hitschenwabbelei', 'Hühnereier', 'Krottenei', 'Krähenei', 'Krötenei', 'Kröteneier', 'Kuckucksei', 'Ochsenei', 'Osterei', 'Ostereilein', 'Osterhasenei', 'Rasenei', 'Rothasenei', 'Rötelei', 'Rötleinsei', 'Schlangenei', 'Spiegelei', 'Storchsei', 'Taubeneier', 'Teufelsei', 'Vögelseier', 'Windei']"
steigern,['Eichenholzversteigerung']
Kater,"['Eichkater', 'Hitzkaterer', 'Katzenkater', 'Nisskater', 'Rußkater', 'Schmusekater']"
Dotter,"['Eidotter', 'Eierdotter', 'Eierdötter', 'Gackeleinsdotter']"
Bovist,"['Eierbovist', 'Erdbirnenbovist', 'Erdäpfelbovist', 'Feldbovist', 'Flaschenbovist', 'Grundbirnenbovist', 'Hasenbovist', 'Kartoffelbovist', 'Kugelbovist', 'Pfaufischt', 'Rauchbovist', 'Rübenbovist', 'Staubbovist', 'Teufelsbovist', 'Waldbovist', 'Wiesenbovist']"
gelb,"['Eiergelb', 'Eigelb']"
Gerste,"['Eiergerste', 'Eiergerstensuppe', 'Rollgerste']"
schlottern,"['Eiergeschlatter', 'Mohnschlotterlein', 'Schluderer', 'Zuckerschlotterlein']"
juchzen,['Eierjuchzen']
Omelett,['Eieromelett']
Pflaume,"['Eierpflaume', 'Fallpflaume', 'Schlehenpflaume', 'Stadtpflaume', 'Steinpflaume', 'Säupflaume']"
Schnaps,"['Eierschnaps', 'Hollerschnaps', 'Magenschnäpslein', 'Schlehenschnaps', 'Soldatenschnaps']"
Trödel,['Eigentrödler']
Griebe,"['Eigrieben', 'Schmalzgrieben', 'Speckgriebelein', 'Speckgrieben']"
klar,"['Eiklar', 'Kriegserklärung', 'Liebeserklärung']"
Schritt,"['Eilschritt', 'Gaukelschritt', 'Gänseschrittchen', 'Gänseschrittlein', 'Hünkelschrittchen', 'Katzenschritt', 'Kilometerschritt', 'Kinderschritt', 'Kommunschritt', 'Meilenschritt', 'Mordsschritt', 'Poppeleinsschrittlein', 'Riesenschritt', 'Sauschritt', 'Siebenmeilenschritt', 'Stechschritt', 'Tanzschrittlein', 'Tippelschritt', 'Tippelschrittlein', 'Trippelschritt']"
Schlüssel,"['Einbrecherschlüssel', 'Hakenschlüssel', 'Hausschlüssel', 'Nachschlüssel', 'Pflugschlüssel', 'Schraubenschlüssel', 'Sensenschlüssel', 'Zweitschlüssel']"
eben,"['Einebene', 'Einebig', 'Einebne', 'Einebnet', 'Eingeebnete', 'Eingeebnetes', 'Eingeebnig']"
Ernte,"['Einernten', 'Erdbirnenernte', 'Erdäpfelernte', 'Erdäpfelsernte', 'Flachsernte', 'Fruchternte', 'Gesamternte', 'Getreideernte', 'Grummeternte', 'Grundbirnenernte', 'Grundbirnensernte', 'Grundbirnsernte', 'Heuernte', 'Heuernten', 'Heuing', 'Kartoffelernte', 'Kartoffelsernte', 'Kleeernte', 'Kornernte', 'Patakenernte', 'Schnitternte', 'Schnittieren', 'Weizenernte']"
Pinsel,"['Einfaltspinsel', 'Faustpinsel', 'Hochfahrtspinsel', 'Hochmutspinsel', 'Hoffartspinsel', 'Hoffartspinselein', 'Kehrpinsel', 'Maispinsel', 'Maispinselein', 'Unnotspinsel', 'Weihwasserpinsel', 'Weisheitspinsel']"
fassen,"['Einfass', 'Einfassung', 'Eingefasstes', 'Holzgefäß', 'Knopfeinfassung', 'Knopflocheinfassung', 'Salzgefäß', 'Tongefäß', 'Türeinfass']"
Einfalt,['Einfältige']
kochen,"['Eingekochtes', 'Erdbirnenkoch', 'Häfenleinskocher', 'Kaffeekocher', 'Röggleinkoch']"
lenken,"['Eingelenk', 'Fahrradlenker']"
placken,"['Eingeplackter', 'Hereingeplackte', 'Hereingeplackter', 'Hineingeplackter']"
schleusen,"['Eingeschleuster', 'Stauschleuse']"
weich,"['Eingeweichtes', 'Eingeweichtig', 'Einweichig', 'Herzerweichen', 'Steinerweichen']"
Geweide,"['Eingeweide', 'Ingeweid', 'Ingeweide']"
greifen,"['Eingriff', 'Griff', 'Kuhgreifen', 'Vorgriff']"
Schwein,"['Einlegschwein', 'Jungschwein', 'Korbschwein', 'Korbschweinlein', 'Läuferschwein', 'Mastschwein', 'Mutterschwein', 'Saugschwein', 'Schlachtschwein', 'Zuchtschwein']"
Kummer,"['Einmachkümmerlein', 'Einmachkümmerling', 'Einschneidekümmerlein', 'Esskümmerlein', 'Liebeskummer', 'Maiskümmerlein', 'Salatkummer', 'Salatkümmerchen', 'Salatkümmere', 'Salatkümmerlein', 'Salatkümmerling', 'Salzkümmerlein', 'Schlangenkummer', 'Schlangenkümmer', 'Schlangenkümmerlein', 'Schlangenkümmerling', 'Schälkümmerlein']"
Schicht,"['Einschichtiger', 'Einschichtiges', 'Eisschicht', 'Eisschichtlein', 'Grasschicht', 'Humusschicht', 'Rasenschicht']"
schmeicheln,['Einschmeichler']
siedeln,"['Einsiedel', 'Einsiedler']"
Pferch,"['Einzelpferch', 'Feldpferch', 'Schafpferch', 'Schafspferch', 'Scheunenpferch', 'Wanderpferch', 'Weidepferch', 'Winterpferch']"
öde,['Einöder']
Blitz,"['Eisblitze', 'Gaublitz', 'Haselnussblitzer', 'Heideblitzen', 'Hitzblitz', 'Hitzeblitz', 'Hitzeblitzer', 'Hitzenblitz', 'Sauberblitz']"
blühen,"['Eisblüte', 'Hiefenblüh', 'Hollerblühe', 'Hollerblüte', 'Lärchenblüter', 'Märzenbüschblüte', 'Pappelblüte', 'Ringleinsstöckblüte', 'Schlehenblühe', 'Schlehenblüte', 'Schlehgeblüh', 'Schneeblühen', 'Zuckerblüte']"
Coupé,['Eisenbahncoupé']
Schiene,"['Eisenbahnschiene', 'Eisenschiene', 'Gleitschiene', 'Kufenschiene', 'Ladeschiene', 'Laufschiene', 'Schlittenschiene', 'Schlittschuhschiene']"
klieben,"['Eisenkliebe', 'Holzklieben', 'Holzklieber', 'Klöbelein']"
Kufe,"['Eisenkufe', 'Eiskufer', 'Fleischkufe', 'Gleitkufe', 'Holzkufe', 'Schlittenkufe', 'Schlittschuhkufe', 'Schlittskufe', 'Schneekufe', 'Transportkufer']"
Spaten,"['Eisenspaten', 'Gabelspaten', 'Gartenspaten', 'Grabspaten', 'Handspaten', 'Stielspaten', 'Zinkenspaten']"
Täcks,"['Eisentäcks', 'Eisentäcksel', 'Eisentäckslein', 'Holztäcks', 'Holztäcksel', 'Holztäckslein', 'Schuhtäcks', 'Schuhtäckslein', 'Schusterstäcks']"
Zweck,"['Eisenzweck', 'Eisenzweck(e)', 'Holzzweck', 'Holzzweck(e)', 'Holzzwecklein', 'Schuhzweck', 'Schuhzweck(e)', 'Schuhzwecklein', 'Schusterzweck(e)', 'Waschzwecke', 'Wäschezweck', 'Wäschezwecke', 'Wäschezweckelein', 'Wäschezwecker', 'Wäschezwecklein', 'Wäschzwecklein']"
Film,['Eisfilm']
Klumpen,"['Eisklumpen', 'Matschklumpen', 'Schneeklumpen', 'Schneeklumper']"
Matte,"['Eismatte', 'Käsematte', 'Käsmatte', 'Schneematte', 'Strohmatte']"
Pickel,"['Eispickel', 'Eiterpickel', 'Eiterpickelein', 'Zornpickel']"
schmelzen,"['Eisschmelz', 'Mehlschmelze']"
Scholle,['Eisscholle']
schrapfen,['Eisschrapper']
Schub,"['Eisschuber', 'Eisschübel', 'Grasschübel', 'Schneeschübel', 'Schübel', 'Truhenschub', 'Wasserschub']"
Schwarte,"['Eisschwarte', 'Eisschwärtlein', 'Fleischschwarte', 'Grasschwarte', 'Haarschwarte', 'Kahnschwarte', 'Kirchenschwarte', 'Kleeschwarte', 'Käseschwarte', 'Mordsschwarte', 'Sauschwarte', 'Schindersschwarte', 'Schwärteln', 'Speckschwarte', 'Stupfschwärteln', 'Säuschwarte']"
Spiegel,"['Eisspiegel', 'Eulenspiegel']"
Stachel,['Eisstachel']
stanzen,['Eisstanzer']
Pocke,"['Eiterpfucke', 'Eiterpfücklein', 'Eiterpöckelchen', 'Rotzpfucke']"
treten,"['Elfentrittchen', 'Ententreter', 'Fehltritt', 'Kommisstreter', 'Kurztreter', 'Lehmetreter', 'Lehmtreter', 'Leimtreter', 'Leistreterin', 'Pedaletreter', 'Pedaltreter', 'Pflastertreter', 'Wegtreter', 'Wiesenzertreter', 'Zeppeleinstretet']"
Bogen,"['Ellbogen', 'Ellenbogen', 'Fickelbogen', 'Fiedelbogen', 'Flitzbogen', 'Halbbogen', 'Hörnerbogen', 'Kleiderbogen', 'Kufenbogen', 'Mähbogen', 'Ofenbogen', 'Ofenrohrbogen', 'Ofenrohrbögelein', 'Rohrbogen', 'Rohrbögelein', 'Schlittenbogen', 'Sensenbogen', 'Wasserbogen']"
Politik,['Ellbogenpolitiker']
Krelle,"['Ellenkrelle', 'Ellenkrellein']"
Salat,"['Endiviensalat', 'Grundbirnensalat', 'Männersalat', 'Obstsalat']"
süß,['Engelsüß']
Ammer,"['Engerling', 'Goldammerlein', 'Heuemmerig']"
Anke,"['Enkel', 'Fettanke', 'Knieanke', 'Speckanke']"
Pritsche,"['Entenpritsche', 'Hochmutspritsche', 'Hoffartspritschel', 'Hundspritsche', 'Kuhpritsche', 'Kuhpritscher', 'Kuhpritschler', 'Kühpritsche', 'Kühpritscher', 'Lauspritschelein', 'Nackepritsche', 'Sandpritsche', 'Saupritsche', 'Seichpritsche', 'Seichpritschlein']"
Antrach,['Ententracher']
wackeln,"['Entenwackelein', 'Wackeslein', 'Zischewackel']"
Wieber,"['Entenwieberlein', 'Gänsewieberlein', 'Gänsewiwer']"
Onkel,"['Erbonkel', 'Pomadenonkel', 'Schmarrenonkel', 'Schneeonkel']"
Rebe,"['Erdapfelreben', 'Erdbirnenreben', 'Erdäpfelreben', 'Hopfenrebe', 'Weingartsrebe', 'Weinrebe', 'Weinreblein']"
Schrot,"['Erdapfelschrot', 'Gerstenschrot', 'Getreideschrot', 'Haferschrot', 'Hirnschrot', 'Kuhschroten', 'Pfahlschrot', 'Sauenschrot', 'Sauschrot', 'Sojaschrot', 'Säuenschrot', 'Säuschrot', 'Vierschröter', 'Vierschrötige', 'Vierschrötigen', 'Vierschrötiger', 'Zwieschrötiger']"
trinken,"['Erdapfelstrinken', 'Flaschentrinken', 'Flaschentrinker', 'Franzosentrunk', 'Freibiertrinker', 'Gelegenheitstrinker', 'Haustrunk', 'Kaffeetrinken', 'Kleietrinken', 'Ludeltrinker', 'Schlaftrunk', 'Schlummertrunk', 'Säutrinken', 'Taglohntrinker']"
Baunze(n),"['Erdbirnbaunzel', 'Erdbirnbaunzer', 'Erdbirnenbaunze(n)', 'Erdbirnenbaunzelein', 'Haselbaunzelein', 'Haselnussbaunzer', 'Haselnussbaunzerlein', 'Hasenbaunzer', 'Hochmutsbaunze', 'Hochmutsbaunzer']"
horgeln,"['Erdbirnehorgelein', 'Schneehorlein', 'Schneehurgel', 'Schneehürgel']"
Horde,"['Erdbirnenhorde', 'Kartoffelhürde', 'Misthorde', 'Schafhorde', 'Schafhürde', 'Schneehorde', 'Schneehürde']"
Kobe,"['Erdbirnenkoben', 'Kober']"
Nocke,"['Erdbirnennockelein', 'Erdäpfelnockerlein']"
puffen,"['Erdbirnenpuffer', 'Erdbirnpuffer', 'Erdäpfelpuffer', 'Erdäpfelpufferlein', 'Erdäpfelspuffer', 'Grundbirnenpuffer', 'Grundbirnenpufferlein', 'Grundbirnenspuffer', 'Grundbirnpuffer', 'Grundbirnspuffer', 'Hexenpuffer', 'Hollerpuffe', 'Hollerpuffen', 'Hollerpuffer', 'Kartoffelpuffer', 'Krötenpuffer', 'Patakenpuffer', 'Schmuspuffer', 'Spritzpuffer', 'Teufelspuffer']"
roden,"['Erdbirnenroder', 'Erdbirnenroderer', 'Erdäpfelroder', 'Erdäpfelroderer', 'Erdäpfelsroder', 'Grundbirnenroder', 'Grundbirnenroderer', 'Grundbirnenroderlein', 'Kartoffelroder', 'Kartoffelroderer', 'Kartoffelsroder', 'Neurod(e)', 'Patakenroder', 'Rodler', 'Schleuderroder', 'Waldroden', 'Waldrodung']"
Rang,"['Erdbirnenrängelein', 'Erdbirnleinränglein', 'Erdäpfelrängelein', 'Hohlrangen', 'Kalmusrangen', 'Rang', 'Rangen', 'Schneerangen', 'Steinrang', 'Winterrangen']"
schlenkern,"['Erdbirnenschlenkerer', 'Erdbirnenschlenkerin', 'Erdäpfelschlenkerer']"
schoppen,"['Erdbirnenschoppelein', 'Erdbirnschoppelein', 'Fransenschoppelein', 'Frühschoppen', 'Grundbirnenschöppelein', 'Haarschoppel', 'Haarschopper', 'Klößschöppelein']"
Strauch,"['Erdbirnenstrauch', 'Kartoffelstrauch', 'Schlehenstrauch']"
Stengel,"['Erdbirnenstängel', 'Grundbirnenstängel', 'Mangoldstängel', 'Riechstängel', 'Rosmarinstängel', 'Rosmarinstängelein', 'Waagstängel', 'Wagenstängel']"
wühlen,['Erdbirnenwühler']
Franse,"['Erdbirnfransen', 'Fleischfränslein', 'Simpelfransen']"
Reihe,"['Erdbirnreihelein', 'Erdäpfelreihe', 'Erdäpfelsreihe', 'Erdäpfelsreihelein', 'Grundbirnenreihe', 'Grundbirnreihe', 'Grundbirnsreihe', 'Heureihen', 'Kartoffelreihe', 'Maschinenreihe', 'Rechreihe', 'Rübenreihelein']"
Schindel,"['Erdbirnschindel', 'Holzschindel', 'Kartoffelschindel', 'Strohschindel']"
Floh,['Erdfloh']
häl,['Erdhahl']
Mande,"['Erdmändlein', 'Futtermande', 'Mandel']"
reich,"['Erdreich', 'Schnellreicher']"
auf,"['Erdäpfelauflauf', 'Gehauf', 'Hupfauf', 'Laberauf', 'Plärrauf', 'Strohaufräumer', 'Treibauf', 'Wäscheaufhang']"
Bumbes,"['Erdäpfelbumbelein', 'Erdäpfelbumberlein', 'Erdäpfelbumbes']"
wölben,"['Erdäpfelgewölbe', 'Rübengewölbe']"
Kotelett,"['Erdäpfelkotelett', 'Schusterskotelett']"
Miete,"['Erdäpfelmiete', 'Erdäpfelsmiete', 'Kartoffelmiete', 'Kellermiete', 'Rangesmiete', 'Runkelsmiete', 'Rübenmiete', 'Strohmiete']"
schwimmen,"['Erdäpfelschwimmer', 'Hereingeschwommene']"
Silo,"['Erdäpfelsilo', 'Grünfuttersilo', 'Kartoffelsilo']"
Transch,['Erdäpfeltränschlein']
Urlaub,['Erholungsurlaub']
Schnalle,"['Ernstschnalle', 'Fünfzigpfennigschnalle', 'Krautschnalle', 'Waagschnalle', 'Wasserschnalle']"
gar,['Erntegar']
Gitter,"['Erntegitter', 'Flöhgitter', 'Fressgitter', 'Futtergitter', 'Heugitter', 'Kleidergitter', 'Lattengitter', 'Raufgitter', 'Reffgitter', 'Schneegitter', 'Setzgitter', 'Streugitter']"
scheu,"['Erntescheusal', 'Feldscheue', 'Kellerscheusal', 'Krautscheue', 'Mäusscheusal', 'Scheuer', 'Strohscheusalein']"
Trunk,"['Erntetrunk', 'Schnitterntetrunk']"
Kommunion,"['ErstKommunikant', 'Erstkommunikant', 'Erstkommunion']"
Geiß,"['Erstlinggeiß', 'Erstlingsgeiß', 'Erstlingsgeißlein', 'Fichtengeiß', 'Gartengeiß', 'Geißel', 'Geltgeiß', 'Grabengeiß', 'Habergeiß', 'Haberngeißlein', 'Hafergeiß', 'Heugeiß', 'Hoffartsgeiß', 'Hoppergeiß', 'Huckelgeiß', 'Humpelgeiß', 'Huttergeiß', 'Häppergeiß', 'Hörnergeiß', 'Kellergeiß', 'Kiefergeiß', 'Kieferngeißlein', 'Koppelgeiß', 'Korngeiß', 'Lachgeiß', 'Lausgeiß', 'Meckergeiß', 'Nachtgeiß', 'Naschgeiß', 'Plattengeiß', 'Plattgeiß', 'Rehgeiß', 'Rodelgeiß', 'Rotzgeiß', 'Räkelgeiß', 'Schmalgeiß', 'Schnattergeiß', 'Schneidergeiß', 'Schneidersgeiß', 'Spinnengeiß', 'Stutzgeiß', 'Tannengeiß', 'Tannengeißlein', 'Wannengeiß', 'Webergeiß', 'Zeitgeiß', 'Zuchtgeißlein']"
Speise,"['Erstspeise', 'Leibspeise', 'Mauerspeis', 'Maurerspeis', 'Mörtelspeis', 'Nachspeise', 'Spälgleinspeise', 'Zementspeis', 'Zwetschgenhutzelnachspeise']"
schwadronieren,['Erzschwader']
Huf,"['Eselshuf', 'Lenkhufer', 'Rosshuf']"
Groppe,"['Essengroppe', 'Kaffeegroppen']"
Tender,"['Essentender', 'Essentenderlein']"
Bumser,"['Essigbumser', 'Frühbumser', 'Schrollenbumser']"
Krug,"['Essigkrüglein', 'Gackeleinskrug', 'Henkelkrug', 'Lutterkrug', 'Maßkrug', 'Milchkrug', 'Milchkrügel', 'Milchkrüglein', 'Plempelkrug', 'Schlotterkrug', 'Schlotterleinskrug', 'Schlötterkrug', 'Schäferskrug', 'Steinkrug', 'Steinkrüglein', 'Tonkrug', 'Wetzkrug', 'Wetzsteinkrug', 'Wetzsteinkrüglein']"
sieden,"['Essigsieder', 'Gerstengesiede', 'Gerstengesott', 'Gerstensiede', 'Gerstensiedel', 'Gerstensott', 'Gerstensotte', 'Gerstensütt', 'Gerstensützel', 'Gesotter', 'Gesotteri', 'Getreidesiede', 'Getreidesütt', 'Hafersott', 'Hartgesottener', 'Kornsiede', 'Kornsott', 'Kornsütt', 'Lahmsieder', 'Lehmsiedler', 'Leime(n)sieder', 'Leimeinsieder', 'Leimelsieder', 'Leimensieder', 'Leimesieder', 'Leimsieder', 'Seifensieder', 'Strohsiede', 'Sudel', 'Traumsieder', 'Weizensiede', 'Weizensott', 'Weizensütt', 'Ährengesott']"
Latz,"['Esslatz', 'Esslatze(n)', 'Esslätzlein', 'Futterlatze(n)', 'Geifergollerlatz', 'Geiferlatz', 'Geiferlatze(n)', 'Geiferlatzel', 'Geiferlatzlein', 'Geiferlätzchen', 'Geiferlätzel', 'Geiferlätzlein', 'Hosenlatz', 'Kinderlatz', 'Kleinkinderlatz', 'Lahmerlatz', 'Sabbellatz', 'Sauglatz', 'Schlabberlatz', 'Schlabberlätzlein']"
Tisch,"['Esstisch', 'Gottestisch', 'Kaffeetisch', 'Katzentischchen', 'Wirtshaustisch']"
Zimmer,"['Esszimmer', 'Frauenzimmer', 'Mordsfrauenzimmer']"
Wulst,"['Eutergewulst', 'Fettwulst', 'Speckwulste(n)']"
Pech,"['Euterpech', 'Harzpech', 'Kälberpech', 'Mutterpech', 'Saupech', 'Schuhpech', 'Strichenpech', 'Ziehpech']"
Prozess,['Ewigkeitsprozess']
Billett,['Fahrbillett']
recht,"['Fahrrecht', 'Fahrtrecht', 'Rechthaber', 'Schiebrecht', 'Zurechter']"
Schein,"['Fahrschein', 'Totenschein']"
Falle,"['Falle', 'Hennenfalle', 'Hühnerfalle', 'Mausefalle', 'Mausefallenmacher', 'Mausefallenträger', 'Mausfalle', 'Mäusfalle', 'Schneckenfalle']"
Schirm,"['Fallschirm', 'Fallschirmchen', 'Fallschirmlein', 'Herrnschirm', 'Kappenschirm', 'Mützenschirm', 'Parasolschirm', 'Regenschirm', 'Regenschirmchen', 'Regenschirmlein', 'Sonnenschirm', 'Sonnenschirmlein', 'Stupfschirm']"
Tipp,['Falschtipper']
Strumpf,"['Familienstrumpf', 'Feinstrumpf', 'Florstrumpf', 'Flöhstrumpf', 'Frauenstrumpf', 'Häkelstrumpf', 'Löchleinstrumpf', 'Netzstrumpf', 'Nylonstrumpf', 'Perlonstrumpf', 'Seidenstrumpf', 'Spinnenwebstrumpf', 'Spinnwebenstrümpflein', 'Strickstrumpf']"
Fant,['Fantel']
Kreuz,"['Farbkreuz', 'Hosenkreuz', 'Kreuzer', 'Pfändkreuz', 'Straßenkreuz', 'Straßenkreuzung', 'Wegkreuz', 'Wegkreuzing', 'Wegkreuzung']"
Farrschnur,['Farrschnur']
Fase,"['Fase', 'Faser', 'Fäserlein']"
Faselein,['Fasen']
Fasnacht,['Fasnacht']
Kaspar,"['Fasnachtskasper', 'Fußballkasper', 'Hampelkasper', 'Hanskasper', 'Herzkasper', 'Herzkasperl', 'Herzkaspers', 'Holzkasper', 'Hörnleinskasper', 'Klassenkasper', 'Narrenkasper', 'Nervenkasperl', 'Pomadenkasper', 'Rasselkasper', 'Schläppenkasper', 'Schulkasper', 'Suppenkasper', 'Wurstkasper', 'Zappelkasper', 'Ziehkasper', 'Ölkasper']"
Breze,"['Fastenbrezen', 'Laugenbreze', 'Neujahrsbreze', 'Salzbreze', 'Salzbrezel', 'Salzbrezen']"
Zelte,['Fastenzeltlein']
Fatzschnur,"['Fatzschnur', 'Fatzschnürlein']"
Mörtel,"['Faulenzermörtel', 'Maurermörtel']"
Bett,"['Federbett', 'Grundbirnenbett', 'Himmelbett', 'Himmelbettlein', 'Kindbett', 'Kindbetterin', 'Kinderbettchen', 'Kinderbettlein', 'Rungenbett', 'Spannbett', 'Stubenbett', 'Totenbett', 'Unterbett', 'Wiegenbettchen']"
Ziefer,"['Federgeziefer', 'Flügelgeziefer', 'Hennenziefer', 'Mückengeziefer']"
Athlet,"['Federkielathlet', 'Käseathlet', 'Würsteathlet']"
kutzen,['Federkutzerin']
Lein,['Federleinen']
Messer,"['Federmesser', 'Hackmesser', 'Käsmesser', 'Putzmesser', 'Schleißenmesser', 'Schneemesser', 'Schürgmesser', 'Spitzmesser', 'Stopfmesser', 'Stoßmesser', 'Stumpfmesser', 'Taschenmesser']"
Mappe,['Federmäpplein']
Feuer,"['Fegefeuer', 'Fegfeuer', 'Feurige', 'Flammfeuer', 'Flugfeuer', 'Johannisfeuer', 'Lunderfeuer', 'Schnellfeuer', 'Strohfeuer']"
Furie,['Fegfurie']
vernichten,['Fehlervernichter']
Geburt,"['Fehlgeburt', 'Nachgeburt']"
Garten,"['Feierabendgärtler', 'Grüngarten', 'Hasengartel', 'Hasengartlein', 'Hasengärtchen', 'Hasengärtel', 'Hasengärtlein', 'Hausgärtlein', 'Kindergarten', 'Krautgarten', 'Krautgartlein', 'Ostergartel', 'Ostergärtchen', 'Ostergärtel', 'Ostergärtlein', 'Pfarrgarten', 'Schrebergarten', 'Vorgarten', 'Wirtsgarten', 'Zahlengärtlein']"
Ranch,"['Feierabendsrancher', 'Geißrancher', 'Kleinrancher', 'Mondscheinrancher']"
Schlund,"['Feiertagschlund', 'Gierschlund', 'Sonntagsschlund']"
naschen,"['Feinnascher', 'Zuckernäscher']"
Flur,"['Feldflurer', 'Gemeindeflur', 'Grenzflur', 'Wiesenflur']"
schwören,['Feldgeschworener']
hüten,"['Feldhüter', 'Fischhüten', 'Hirschenhüter', 'Kartoffelhütes', 'Kinderhüterin', 'Ladenhüter', 'Säuhüter', 'Träubleinhüter', 'Vorhut', 'Waldhüter', 'Wasserhüter', 'Weiherhüter']"
Krack,"['Feldkrack', 'Fleischkrack', 'Hüpfkrack', 'Nebelkrack', 'Wurstkrack', 'Würstekrack', 'Zusammengekracketer']"
scheuchen,"['Feldscheuche', 'Göckelscheuche', 'Krautscheuche', 'Krautscheucher', 'Spinnenscheucher', 'Tatterscheuche', 'Vogelscheuche']"
schnurren,"['Feldschnurre', 'Gerstenschnurren', 'Kaiserschnurre(n)', 'Maisschnurre', 'Maisschnurren', 'Wasserschnurrer', 'Wilhelmsschnurren']"
spinnen,"['Feldspinne', 'Haberspinne', 'Heuspinne', 'Hornspinne', 'Kreuzspinne', 'Meerspinne', 'Mähspinne', 'Schneiderspinne', 'Seidenspinne', 'Vogelspinne', 'Weberspinne']"
Kranz,"['Felgenkranz', 'Fischkränzlein', 'Haarkranz', 'Hauskranz', 'Hosenkranz', 'Kirchweihkranz', 'Kuttelkranz', 'Nabenkranz', 'Nusskränzlein', 'Paterleinskranz', 'Perleinkranz', 'Päterleinskranz', 'Radkranz', 'Rosenkranz', 'Rosenkranzel', 'Rosenkränzlein', 'Tannenkranz', 'Wagenkranz']"
Schweiß,"['Fensterschweiß', 'Negerschweiß']"
Meter,"['Festmeter', 'Kilometer', 'Kubikmeter', 'Quadratmeter', 'Raummeter']"
Kuhle,['Fettkuhle']
lösen,['Fettlöser']
Fett,['Fettnack']
Napf,"['Fettnapf', 'Käsenapf', 'Käsnapf', 'Milchnapf', 'Salznapf', 'Salznapfel', 'Salznapfen', 'Salznäpfchen', 'Salznäpfel', 'Schrotnapf', 'Straußnapf', 'Tragnäpflein']"
Nischel,['Fettnischel']
Pomade,['Fettpomade']
Rister,['Fettrister']
Sutz,['Fettsutz']
Esse,['Feueresse']
Klitsch,"['Feuerklitsche', 'Hemdklitsche', 'Kornklitsche', 'Maurersklitsche']"
spritzen,"['Feuerspritze', 'Feuerwehrspritze', 'Giftspritze', 'Hollerspritze', 'Hollerspritzerlein', 'Hollerspritzlein', 'Hollerwasserspritzlein', 'Holunderspritze', 'Mordsspritzer', 'Wasserspritze', 'Wasserspritzlein', 'Weihwasserspritzer']"
Rakete,['Feuerwehrrakete']
Bäker,"['Fichtenbäker', 'Kieferbäker', 'Tannenbäker', 'Tannenbäkerlein']"
Zitze,['Fichtenzitzen']
fickeln,"['Fickel', 'Herumgefickel']"
Filou,['Filou']
Winkel,"['Filzläusewinkel', 'Geiferwinkel', 'Krackwinkel', 'Krähenwinkel', 'Maulwinkel', 'Mundwinkel', 'Ofenwinkel', 'Schlafwinkel', 'Sporzenwinkel']"
bitzeln,"['Fingerbitz', 'Fingerbitzeln', 'Zornbitzel', 'Zornsbitzel', 'fingerbitzeln']"
Knaup,"['Fingerknöppel', 'Knoppelein', 'Knöppelein', 'Knüppel', 'Knüppelein', 'Schnapsknöppelein']"
Kräuel,"['Fingerkräuel', 'Gartenkräuelein']"
Plätze,"['Fingerplätzen', 'Plätzer', 'Plätzerer', 'Streuplätze']"
Pratze,"['Fingerprätschen', 'Hundspratze', 'Katzenpratsche', 'Katzenpratze']"
Schmicke,"['Fingerschmitze', 'Handschmitze', 'Peitschenschmitze']"
schnalzen,"['Fingerschnälzen', 'Geißelschnalze', 'Hirnschnalzer', 'Ohrenschnalzen', 'Ohrenschnalzer', 'Ohrenschnälzen', 'Ohrenschnälzer', 'Ohrenschnälzerlein', 'Schneeschnalze', 'Steinschnelze', 'Steinschnelzer', 'Wasserschnalze', 'Wasserschnalzer', 'Wasserschnälze']"
Reklame,['Firmenreklame']
Bolzen,"['Firstbolzen', 'Schulbolzen', 'Stinkbolzen']"
Pfeiler,['Firstpfeiler']
Spange,"['Firstspange', 'Herdspange', 'Heuspange', 'Hinterspange', 'Leiterspange', 'Ofenspange', 'Schlittenspange', 'Wagenspange']"
Bassin,['Fischbassin']
brüten,"['Fischbrut', 'Froschbrut', 'Fröschbrut', 'Haberbrut', 'Hennenbrut', 'Hitschenbrut', 'Hitschenbrutlein', 'Hurenbrut', 'Kieferbrut', 'Laichbrut', 'Nachbrut', 'Nestbrut', 'Saubrut', 'Schnakenbrut', 'Steckbrut', 'Vogelbrut', 'Vögelsbrut', 'Ziebeleinsbrut']"
Habicht,"['Fischhabicht', 'Fleischhabicht', 'Wursthabicht', 'Würsthabicht']"
krank,"['Fischkrankheit', 'Geisteskranker', 'Heimkrankheit', 'Hühnerkrankheit', 'Schlafkrankheit', 'Schulkrankheit']"
Mogul,"['Fischmogul', 'Großmogul']"
Schmaus,"['Fischschmaus', 'Karpfenschmaus', 'Nasenschmaus', 'Schmaus']"
Sott,['Fischsutte']
Tümpel,"['Fischtümpel', 'Froschtümpfel', 'Sauftümpfel', 'Wursttümpfel', 'Zuchttümpel']"
Dackel,"['Fitzedackel', 'Heudackel', 'Saudackel']"
Faxe,"['Fitzefax', 'Fixefax', 'Fixfaxerei', 'Sputzenfaxen', 'Zuchthausfaxer']"
Furz,"['Fitzefurze', 'Gaulfurz', 'Großfurz', 'Gäulsfurz', 'Hasenfurz', 'Hasenfürzlein', 'Hundsfurz', 'Hühnerfurz', 'Judenfurz', 'Judenfurzer', 'Judenfürzchen', 'Judenfürzlein', 'Knallfürzlein', 'Krähenfurz', 'Ochsenfurz', 'Staatspfurzer', 'Stadtfurzer', 'Stolzefurz', 'Viehfurz', 'Wieselpfurz', 'Zierfurz']"
fix,"['Fixefatz', 'Radifix', 'Schlappfixe']"
Gummi,"['Fixgummi', 'Gummianhänger', 'Radiergummi', 'Radiergummikein', 'Radsegummi', 'Radsigummi', 'Reibelgummi', 'Reibgummi']"
fertig,['Fixundfertiger']
hurtig,['Fixundhurtiger']
Tirol,"['Flachlandtiroler', 'Kniehosentiroler', 'Raiffeisentiroler', 'Rucksacktiroler', 'Salontiroler', 'Seegrastiroler', 'Staffelbergtiroler', 'Tracholer']"
Kollekte,['Flachskollekte']
Reiste,"['Flachsreiste', 'Flachsreistlein']"
gankeln,"['Flammengankel', 'Ganker', 'Gankerer', 'Ohrgankelein', 'Springinkel', 'Spritzginkel']"
flandern,['Flandere']
füllen,"['Flaschenfüller', 'Schulfüller', 'Tintenfüller']"
Kork,"['Flaschenkork', 'Flaschenkorken', 'Flaschenkorks', 'Korken', 'Kronenkork', 'Kronenkorken', 'Kronenkorks', 'Kronkork', 'Kronkorken']"
nutschen,"['Flaschennutscher', 'Hudelnutscher', 'Tuchnutscher']"
Pfropf,"['Flaschenpfropf', 'Flaschenpfropfel', 'Flaschenpfropfen', 'Haarpfropf', 'Krötenpfropfer', 'Windpropf']"
Trichter,"['Flaschentrichter', 'Mosttrichter']"
bambern,['Fleckleinsbämber']
Dutzel,['Fleckleinsdutzel']
Drusch,['Flegeldrusch']
Bottich,"['Fleischbottich', 'Salzbottich', 'Trinkbottich']"
krabbeln,['Fleischkrabbler']
Schaff,"['Fleischschaff', 'Fleischschäff', 'Fleischschäffel', 'Fleischschäfflein', 'Futterschaff', 'Kälberschäfflein', 'Salzschäff', 'Salzwasserschaff', 'Sauerschaff', 'Saufenschäffel', 'Solschaff', 'Säuschaff', 'Trankelschaff', 'Tränkschaff', 'Tränkschäffel', 'Tränkschäfflein', 'Wasserschaff', 'Wasserschäffel', 'Wasserschäfflein', 'Wetzsteinschaft']"
schmeiß,"['Fleischschmeiße', 'Schmeißer']"
Stübich,"['Fleischstübich', 'Salzstübich']"
Stücht,"['Fleischstücht', 'Fleischstüchtlein', 'Futterstücht', 'Holzstücht', 'Kleiestücht', 'Kraftfutterstücht', 'Krautstücht', 'Melkstücht', 'Rahmstücht', 'Salzstücht', 'Salzstüchtlein', 'Schrotstücht', 'Siedstücht', 'Viehsalzstücht']"
Tonne,"['Fleischtonne', 'Fleischtönnchen', 'Futtertonne', 'Riesentonne', 'Wassertonne']"
Wolf,['Fleischwolf']
wund,"['Fleischwunde', 'Glatzwunde', 'Klaffwunde', 'Platzwunde']"
Zuber,"['Fleischzuber', 'Holzzuber', 'Rahmzuber', 'Tränkzuber', 'Wasserzuber']"
Ort,"['Flickort', 'Nagelort', 'Nähort', 'Schuhort', 'Schuhortel', 'Schuhörtel', 'Schuhörtlein', 'Schustersort', 'Schustersortel', 'Schustersörtlein', 'Schusterörtlein', 'Stechort']"
Pfusch,"['Flickpfuscherei', 'Kurpfuscher', 'Pfuscher']"
heichen,['Fliegenheichsel']
klatsch,"['Fliegenklatsche', 'Mohnklatsch']"
platsch,"['Fliegenplatsche', 'Mistplatsche', 'Mückenplatsche', 'Platsche', 'Schulplatsch', 'Säckeplatsche', 'Wäscheplatsche', 'Wäscheplatscher', 'Wäscheplätscher']"
Kraft,"['Fliehkraft', 'Muskelkraft', 'Tatkraft']"
Flitsch,['Flitze']
Zirkus,['Flohzirkus']
fließen,"['Floss', 'Flößer', 'Schlagfluss', 'Überfluss']"
Toni,['Flunschentoni']
Garderobe,['Flurgarderobe']
Prozession,"['Flurprozession', 'Pfingstprozession']"
Ritt,['Flurritt']
Galle,"['Flussgalle', 'Nassgalle', 'Nassgallig', 'Nassgalling', 'Nassgallung', 'Nassgälling', 'Nassgällung', 'Rachgalle', 'Sumpfgalle', 'Wassergalle']"
Sand,"['Flusssand', 'Flözsand', 'Mainsand', 'Schwemmsand', 'Silbersand', 'Streusand']"
Flunsch,['Flutsche']
Zunge,"['Flöhzunge', 'Teufelszunge']"
Mathilde,['Flötschmathilde']
Zigarette,"['Flüchtlingszigarette', 'Schwindsuchtszigaretten', 'Zigarette']"
Kanzel,"['Forstkanzel', 'Jagdkanzel', 'Jägerkanzel', 'Wildkanzel']"
Silber,"['Frankensilber', 'Katzensilber']"
Franzmeier,['Franzmeier']
Fratz,"['Fratz', 'Saufratz']"
Held,"['Frauenheld', 'Maulheld', 'Pantoffelheld', 'Schlappenheld', 'Weiberheld']"
Kerze,"['Frauenkerze', 'Gewitterkerze', 'Himmelskerze', 'Johanniskerze', 'Königskerze', 'Lichterkerze', 'Märzenbuschkerze', 'Nachtkerze', 'Ringelbuschkerzlein', 'Wetterkerze', 'Wurzbüschelkerze', 'Zündkerze']"
Tor,"['Frauentor', 'Hinkelstörchen', 'Hinkelstörlein', 'Stadeltor']"
Dachs,"['Frechdachs', 'Streitdachs']"
frei,"['Freier', 'Obergefreiter']"
Mord,"['Freiheitsmord', 'Kleidermörder', 'Massenmord', 'Mordsmadel', 'Mordsmämme', 'Selbstmord', 'Selbstmörder', 'Vatermörder', 'Zetermordio']"
Freitag,"['Freitag', 'Karfreitag', 'Karfreitagsrätsche(r)']"
neu,['Freitagneu']
Tod,['Freitod']
Barn,"['Fressbarn', 'Fruchtbarn', 'Futterbarn', 'Geißbarn', 'Getreidebarn', 'Grummetbarn', 'Grummetbarnet', 'Heubarn', 'Heubarnet', 'Holzbarn', 'Kellerbarn', 'Kornbarn', 'Kuhbarn', 'Roggenbarn', 'Rohbarn', 'Scheuerbarn', 'Scheuerebarn', 'Stallbarn', 'Streubarn', 'Strohbarn', 'Tränkbarn', 'Wasserbarn']"
Gatter,"['Fressgatter', 'Hennengatter', 'Heugatter', 'Hühnergatter', 'Kleidergatter', 'Ladegatter', 'Laubgatter', 'Mistgatter', 'Pferchgatter', 'Schafgatter', 'Schneegatter', 'Schossgatter', 'Schoßgarde', 'Schoßgatter', 'Streugatter', 'Strohgatter']"
Raupe,"['Fressraupe', 'Gemüseraupe', 'Kohlraupe', 'Kohlweißlingraupe', 'Kohlweißlingsraupe', 'Krautscheißerraupe', 'Krautsraupe', 'Kuhräuplein', 'Köhlraupe', 'Stierräuplein', 'Weißraupe']"
Reff,"['Fressreff', 'Getreidereff', 'Haferreff', 'Heureff', 'Heureffel', 'Kornreff', 'Kuhreff', 'Schlupfreff', 'Sensenreff', 'Tragreff', 'Tuchreff', 'Viehreff']"
Freude,['Freude']
Träne,"['Freudenträne', 'Krokodilsträne', 'Kummerträne', 'Qualträne', 'Schmerzensträne', 'Sorgenträne', 'Wehträne']"
Zähre,"['Freudenzähre', 'Krokodilszähre']"
jodeln,"['Friedhofsjodler', 'Hosenjodler', 'Oschenbergjodler']"
Briesel,['Frieslaub']
operieren,['Frischoperierter']
Laden,"['Frisierladen', 'Geramschladen', 'Geramschladner', 'Gerutschladen', 'Gruschladen', 'Gruschtladen', 'Indianerladen', 'Kramerladen', 'Kramladen', 'Kramladner', 'Kramlädelein', 'Krempeleinslädlein', 'Krempelladner', 'Krempelleinsladen', 'Krempelsladen', 'Krämerladen', 'Krämerladner', 'Krämerlädlein', 'Krämersladen', 'Käseladen', 'Milchladen', 'Parfumladen', 'Pfennigladen', 'Pfenningfuchsladen', 'Pimpeleinsladen', 'Plempeleinsladen', 'Porzellanladen', 'Ramschladen', 'Ramschlädelein', 'Saftlädler', 'Sauladen', 'Schublade', 'Trödelladen']"
fest,"['Fronfeste', 'Wetterfeste']"
Chor,"['Froschchor', 'Kammerchor', 'Kinderchor', 'Kirchenchor', 'Posaunenchor']"
Geifer,['Froschgeifer']
quaken,"['Froschgequak', 'Froschquaken']"
Rogen,['Froschgeröge']
gieken,"['Froschgieker', 'Froschgiekser', 'Fröschgieker', 'Fröschgiekser', 'Gieker', 'Giekser', 'Gänsgieker', 'Krottengiekser', 'Krötengieker', 'Käsgiekser', 'Mädleinsgieker', 'Mäusegieker', 'Mäusegiekser', 'Rattengieker', 'Ratzengieker', 'Schnakengiekel', 'Schnakengieker', 'Schnakengiekser', 'Schnappgieker', 'Schwabengieker', 'Schwabengiekser', 'Spinnengieker', 'Wassergieker']"
grinsen,"['Froschgrinsen', 'Obergrinser']"
knicken,"['Froschknicker', 'Käsknicker']"
Konzert,['Froschkonzert']
Laich,"['Froschlaich', 'Fröschlaich', 'Hitschenlaich', 'Krottlaich']"
Lake,"['Froschlake', 'Fröschlake']"
Natter,"['Froschnatter', 'Kreuznatter', 'Kupfernatter', 'Ringelnatter']"
Natur,['Froschnatur']
Perspektive,['Froschperspektive']
Schwegel,['Froschschwegeln']
zittern,"['Froschzitter', 'Teichzitterlein']"
Limonade,"['Fruchtlimonade', 'Himbeerlimo', 'Himbeerlimonade', 'Hollerlimonade', 'Waldmeisterlimonade', 'Zitronenlimo', 'Zitronenlimonade']"
sprudeln,"['Fruchtsprudel', 'Himbeersprudel', 'Hollersprudel', 'Orangensprudel', 'Süßsprudel', 'Zitronensprudel']"
Wirbel,"['Fruchtwirbel', 'Getreidewirbel', 'Hexenwirbel', 'Radwirbel']"
Pike,"['Fröschpiker', 'Hirnpiker']"
anfangen,"['Frühjahrsanfang', 'Frühlingsanfang']"
rein,"['Frühjahrsreinmachen', 'Generalreinigung', 'Kalbreine(n)', 'Kalbreine(r)', 'Kalbreinig', 'Kalbreinige', 'Kalbreinige(n)', 'Kalbreinigen', 'Kalbreinigung', 'Kalbsreinigen', 'Kälberreinigung', 'Luftreiniger', 'Nachreinigung', 'Nasenreiniger']"
Anemone,"['Frühlingsanemone', 'Waldanemone']"
Patake,"['Frühpatake', 'Klößpatake', 'Röstpatake', 'Saatpatake', 'Saatpataken', 'Samenpataken', 'Sampatake', 'Saupatakelein', 'Saupataken', 'Saupatakenklauben', 'Steckpatake', 'Steckpataken', 'Säupatake']"
Tau,"['Frühtau', 'Honigtau', 'Mehltau', 'Morgentau', 'Wassertau']"
Pfad,"['Fuchslochpfädchen', 'Fußpfad', 'Fußpfädlein', 'Hasenpfädlein', 'Holzpfad', 'Lauspfad', 'Lauspfädlein', 'Läusepfad', 'Läusepfädlein', 'Läuspfad', 'Läuspfadel', 'Läuspfadlein', 'Läuspfädchen', 'Pirschpfad', 'Pirschpfädlein', 'Rehpfad', 'Saumpfad', 'Saupfad', 'Waldpfad', 'Waldpfadel', 'Waldpfädlein']"
pfitzern,['Furchenpfitzer']
Pflaster,"['Furunkelpflaster', 'Heftpflaster', 'Heilpflaster', 'Hofgepflaster', 'Hofpflaster', 'Hofpflastern', 'Hofsteinpflaster', 'Holzgepflaster', 'Katzenkopfpflaster', 'Knoppernpflaster', 'Kopfpflaster', 'Kopfsteinpflaster', 'Körnerspflaster', 'Pechpflaster', 'Rollenpflaster', 'Schmierpflaster', 'Schwarzpflaster', 'Stallspflaster', 'Steinpflaster', 'Teerpflaster', 'Zapfenpflaster', 'Zerrpflaster', 'Ziehpflaster', 'Zugpflaster']"
Harfe,['Futterharfe']
Kalk,"['Futterkalk', 'Schmatzkalk']"
Krippe,['Futterkrippe']
Mais,"['Futtermais', 'Füttermais', 'Legemais', 'Saatmais', 'Saumais', 'Silomais']"
Rest,"['Futterrest', 'Samenrest', 'Schwanzrest']"
Schober,"['Futterschöberlein', 'Gerstenschöberlein', 'Getreideschober', 'Haarschöber', 'Heuschober', 'Heuschoberlein', 'Heuschöberlein', 'Schöbel', 'Schöbelein', 'Schöberlein', 'Strohschöberlein']"
Weide,"['Futterweide', 'Grasware', 'Grasweide', 'Gänseweide', 'Herbstweide', 'Kuhweide', 'Nachweide', 'Schnabelweide', 'Trauerweide', 'Viehweide', 'Weidling', 'Wellenweide']"
Futzekapores,['Futzekapores']
Rowdy,"['Fußballplatzrowdy', 'Fußballrowdy']"
Gelenk,"['Fußgelenk', 'Sensengelenk']"
schneiten,['Fußschneite']
stapfen,"['Fußstapfen', 'Fußstapfer', 'Hundsstapfer', 'Kellerstapfe', 'Schneestapfen', 'Schneestapfer']"
Steig,"['Fußsteig', 'Gangsteig', 'Gehsteig', 'Hasensteig', 'Hasensteige', 'Hochsteig', 'Holzsteig', 'Jägersteig', 'Jägersteige', 'Jägersteiglein', 'Kirchensteig', 'Rehsteig', 'Rehsteige', 'Rehsteiglein', 'Schmugglersteig', 'Steig', 'Steige', 'Steiglein', 'Waldsteig', 'Wanzensteig']"
Spund,['Fässelspund']
stolz,"['Försterstolz', 'Mannesstolz', 'Männerstolz', 'Stolz']"
wachen,"['Försterwacht', 'Haremswächter', 'Nachtwächter', 'Schilderwache']"
Fünf,['Fünftel']
aus,"['Füraus', 'Geruhaus', 'Kehraus', 'Reißaus', 'Saufaus', 'Teigausroller']"
haben,"['Fürhaben', 'Habenichts', 'Handhabe', 'Liebhaben', 'Rechthaberei', 'Taubengeheber', 'Wohlabenheit']"
Leuchse,"['Gabelleuchse', 'Heuwagenleuchse', 'Scherleuchse', 'Scherleuchste', 'Scherleuchtse', 'Setzleuchse', 'Stiefelleuchse', 'Wagenleuchse']"
Gackelein,['Gackelein']
Zylinder,"['Gackeleinszylinder', 'Klappzylinder', 'Schlotfegerszylinder', 'Schlotzylinder']"
Atzel,"['Gackerhatz', 'Gackerhetz']"
Visage,"['Galgenvisage', 'Gangstervisage', 'Gaunervisage', 'Räubervisage', 'Verbrechervisage']"
bitter,"['Gallenbitter', 'Magenbitter']"
gall,['Galloch']
Schreiner,['Galoppschreiner']
Gampel,['Gampel']
Gang,['Gang']
Schreck,"['Ganovenschreck', 'Schwiegermutterschreck']"
Beifuß,['Gansbeifuß']
Flügel,"['Gansflügel', 'Getreideflügel', 'Gänseflügel', 'Gänsflügel', 'Juppenflügel', 'Nasenflügel', 'Windflügel']"
Herde,"['Gansherde', 'Geißherde', 'Gänseherde', 'Schafherde', 'Viehherde']"
Garbe,"['Garbengäbelein', 'Garbgäbelein', 'Getreidegarbe', 'Korngarbe', 'Läutgarbe', 'Schafgarbe', 'Schafgärbe']"
Knebel,"['Garbenknebelein', 'Ortscheitknebel', 'Waagknebel', 'Waagknebelein', 'Waagscheitelknebel', 'Waagscheitknebel', 'Waagscheitleinknebel', 'Waagscheitleinsknebel']"
langen,"['Garbenlangen', 'Garblangen', 'Getreidlangen', 'Hinauflangen', 'Strohlanger']"
Nippel,"['Garbennippel', 'Nippel']"
Küche,"['Garküche', 'Küchenkästlein', 'Pfarrersküche']"
bleuen,"['Garnbleuer', 'Mangbleuel', 'Waschbleu', 'Waschbleuel', 'Wäschbleu', 'Wäschebleu', 'Wäschebleuel', 'Wäschebleuer']"
nicht,"['Garnichter', 'Hüpfnichtslein', 'Kannnichts', 'Silbernichtschen', 'Traumichnicht', 'Trautsichnicht', 'Vergissmeinnicht']"
nichts,"['Garnichts', 'Kannnichtsel', 'Kannnichtser', 'Kannnichtserin', 'Nichtselein', 'Silbernichtslein', 'Taugenichts']"
Tor_2,"['Garteltor', 'Hoftor', 'Pferchtor', 'Scheuertor', 'Scheunentor', 'Stadelstor', 'Stadtstor']"
Pest,"['Gartenpest', 'Luftverpester']"
Zaun,"['Gartenzaun', 'Schneckenzaun', 'Schneezaun', 'Windschutzzäune']"
Zwerg,"['Gartenzwerg', 'Gartenzwergin', 'Giftzwerg', 'Gurkenzwerg', 'Vorgartenzwerg', 'Zwetschger']"
lachen,['Gassenlacher']
Spott,['Gassenspott']
gatschen,"['Gatsche', 'Gatscher', 'Gatscherin']"
Markt,"['Gattmarkt', 'Geißmarkt', 'Jahrmarkt', 'Säuleinsmarkt', 'Viehmarkt', 'Weibermarkt', 'Wochenmarkt']"
gaukeln,"['Gauker', 'Getreidegaukel', 'Gutzegaukel', 'Langgagel', 'Langgaukel', 'Langgaukleter', 'Schnickergaukel', 'Stolzgaukel', 'Umstandgaukel']"
Mähne,"['Gaulsmähne', 'Gäulsmähne']"
Wespe,"['Gaulswespe', 'Weste', 'Wischel']"
Fratze,"['Gaunerfratze', 'Lausfratz', 'Rotzfratz', 'Stadtfratz', 'Säufratz', 'Verbrecherfratze']"
Gefrieß,['Gaunergefrieß']
rodeln,"['Gebirgsrodel', 'Hörnerrodler', 'Rodel']"
Bohle,"['Gebrückbohle', 'Holzbohle', 'Staubohle', 'Säubohle', 'Säuholzbohle', 'Säustallbohle']"
bläken,"['Gebrüll', 'Herumbläkerin', 'Kindergebläk', 'Kälbergebläk', 'Saubläker', 'Saugebläk']"
drei,['Gehörtsichdreier']
Grieß,"['Geiergrieß', 'Gerstengrieß']"
Goller,"['Geifergoller', 'Untergoller', 'Wintergoller']"
stören,"['Geistesgestörter', 'Ruhestörer', 'Ruhestörerin']"
Geiz,['Geizzacken']
Häpper,"['Geißenhäpper', 'Glatzenhäppel', 'Schafhäberling', 'Schafshäberling', 'Stutzhäpper', 'Tannehäpper', 'Tannenhäppel', 'Tannenhäppelein']"
fitzen,"['Geißfitzer', 'Peitschenfitze', 'Putzfitzer']"
zetern,['Geißgezeter']
Glocke,"['Geißglocken', 'Holzglocke', 'Ohrenglocke', 'Ohrenglöcklein', 'Ohrglocke', 'Osterglocke', 'Pfundsglocken', 'Rotzglocke', 'Schneeglöcklein', 'Staatsglocke']"
Hirte,"['Geißhirte', 'Gänsehirte', 'Gänshirt', 'Kinderhirt(in)', 'Kindshirt', 'Kindshirtin', 'Sauhirte', 'Säuhirtenklöße']"
Kampf,"['Geißkampf', 'Ziegenkampf', 'Zweikampf']"
meckern,['Geißmeckern']
moppen,['Geißmöpper']
Peterlein,"['Geißpeterlein', 'Gänsepeterlein', 'Katzenpeter']"
streiten,"['Geißstreit', 'Streithannes', 'Streitsäckel', 'Streitsüchtiger', 'Weiberstreit']"
Trolle,"['Geißtrollen', 'Maistrolle', 'Trollelein']"
Zicke,"['Geißzickel', 'Geißzicklein', 'Zicke', 'Zickelein', 'Zicklein']"
schmeißen,"['Geldausschmeißen', 'Hinangeschmissenes', 'Peitschenschmeiß', 'Steinschmeißen', 'Sternleinschmeißer']"
Protz,"['Geldprotz', 'Kraftprotz']"
gelegen,['Gelegenheit']
Geleise,['Geleise']
Stutz,"['Gelenkstutzer', 'Handstutze', 'Handstutzer', 'Hemdstutz', 'Stutz', 'Stutzel', 'Stutzelein', 'Stutzen', 'Stutzer', 'Stützlein']"
gelt,['Gelte']
schwänzen,"['Geltschwänzer', 'Schulschwänzer', 'Schulschwänzerer']"
brüllen,"['Gemeindebrüller', 'Kindergebrüll', 'Kuhbrüllen', 'Kühegebrüll', 'Marktbrüller', 'Saugebrüll']"
Lach,['Gemeindelach']
Runkel,"['Gemüserunkel', 'Setzrunkel']"
Tand,['Gemüsetandler']
Bernhard,"['Genaschbenz', 'Hurenbenz', 'Katzenbenz']"
Dalken,['Genickdalken']
genießen,"['Genuss', 'Nutznießer']"
quak,"['Gequak', 'Nestquaklein']"
zu,"['Geradezuhannes', 'Zugezogener']"
Hälfte,['Geradhälfte']
Gericht,['Gericht']
groß,"['Gernegroß', 'Großgöcker', 'Übergröße']"
Age,"['Gerstenage', 'Gerstenagel']"
Spreu,"['Gerstengespreu', 'Gerstenspreu', 'Spreu', 'Weizenspreu']"
Granne,['Gerstengranne']
Gräte,"['Gerstengräte', 'Gerstengräten', 'Kuhgräte', 'Säugräte']"
Grütze,"['Gerstengrütze', 'Grützgöcker', 'Hirngrütz(e)']"
Haber,"['Gerstenhaber', 'Hafer', 'Sommerhaber', 'Wildhaber']"
Spelze,"['Gerstenspelze', 'Weizenspelze']"
Spreil,['Gerstenspreil']
Sucht,"['Gertensucht', 'Geschwindsucht', 'Heimsucht', 'Putzsucht', 'Schwindsucht', 'Schwindsüchtige', 'Schwindsüchtiger', 'Sehnsucht', 'Streitsucht', 'Streitsüchter', 'Tobsüchtiger']"
Professor,['Gescheitheitsprofessor']
Nase,"['Gescheitnäser', 'Himmelfahrtsnase', 'Hochnaseter', 'Hochnäsete', 'Hochnäsete(r)', 'Hochnäsige', 'Hochnäsiger', 'Hundsnase', 'Kaffeenase', 'Kannennase', 'Katzennase', 'Kufennase', 'Laufnase', 'Leuchsnase', 'Pfeffernase', 'Popelnase', 'Rotznase', 'Rotznäschen', 'Schafnase', 'Schnürpfnäslein', 'Sensennase', 'Stupsinase', 'Stupsnase', 'Säunase']"
geschehen,['Geschichte']
Mamsell,"['Geschirrmamsell', 'Spülmamsell']"
Geschwister,['Geschwistertöchterlein']
Geschwür,['Geschwür']
Gesetz,"['Gesetz', 'Gesetzlein', 'Rechengesetz', 'Rechengesetzlein']"
Matratze,"['Gesichtsmatratze', 'Offiziersmatratze']"
Gesinde,"['Gesindel', 'Stadtgesindel']"
Banse,"['Getreidebanse', 'Heubanse', 'Kornbanse', 'Streubanse']"
Kuppel,"['Getreidekuppel', 'Kuppeln', 'Starelkuppel', 'Starenkuppel']"
latschen,"['Getreidelatsche', 'Hänglätsch', 'Plätsche', 'Trottlatsch']"
schütten,"['Getreideschütte', 'Pfannenschüttler', 'Salzschütter']"
worfeln,"['Getreidesenselwurf', 'Getreideworf', 'Getreidewurf', 'Hauwurf', 'Sensenworb']"
wächeln,['Getreidewächler']
Zelt,['Getreidezelt']
laschen,['Getreidslasche']
Tat,"['Gewalttäter', 'Übeltäter']"
Rübe,"['Geweischrüben', 'Kohlrübe', 'Köhlrübenpflanze', 'Köhlsrübe', 'Runkelrübe', 'Seichrübe', 'Setzrübe', 'Steckrübe', 'Stoppelrübe', 'Stupfelrübe', 'Weißrübe']"
Aas,"['Gewitteraas', 'Rauchaas', 'Schindaas', 'Schindas']"
Drache,"['Gewitterdrachen', 'Hausdrache', 'Hausdrachen']"
gocken,['Gewittergocker']
würgen,"['Gewurstel', 'Gänsewürger', 'Mordsgewürg', 'Mordsgewürge', 'Schneeworgel', 'Schneewörgel', 'Schneewürgel', 'Strohgewürge']"
Schnauze,"['Gießschnauze', 'Kaffeeschnauze', 'Kaffeeschnäuzlein', 'Kannenschnauze', 'Kannenschnäuzlein', 'Revolverschnauze', 'Sauschnauze', 'Schlittenschnauze', 'Stachelbeerschnauzer', 'Säuschnauze']"
Socke,"['Giftsocke(n)', 'Sprüchesockel', 'Zöttelsocken']"
speien,['Giftspeierin']
Glas,"['Glaskalter', 'Hollerglaser', 'Salzglas', 'Schnapsglas', 'Schnapsglasel', 'Schnapsgläschen', 'Schnapsgläsel', 'Schnapsgläslein']"
Gleis,['Gleis']
Gleiß,['Gleiß']
Bimmel,['Glockenbimmler']
Glotzofon,['Glotzofonträger']
Los,"['Glückslos', 'Reisiglos', 'Wildsaulos']"
Kamm,"['Gockelkamm', 'Gökerkämme', 'Gökerskamm', 'Gökerskämme', 'Hahnenkamm', 'Hahnenkämme', 'Hirschkamm', 'Hochkamm', 'Kleiderkamm', 'Lauskambel', 'Lauskamm', 'Mähnkamm', 'Nusskamm', 'Plunderkamm', 'Schneekamm', 'Sensenkamm', 'Spannkamm', 'Staubkamm']"
Goggolori,['Goggolori']
Goppe,"['Goppelein', 'Melkgöppe', 'Suppengoppe', 'Suppengöppelein', 'Wassergoppe']"
Gori,['Gori']
barmen,['Gottserbarmen']
Felge,"['Gramfelge', 'Kummerfelge', 'Lachfelgelein', 'Radfelge', 'Schlitzohrenfelglein', 'Speichenfelge']"
Moder,"['Grasmoder', 'Schimmelmoder']"
Narbe,['Grasnarbe']
Schopf,"['Grasschopf', 'Grasschopfe', 'Grasschopfel', 'Haarschopf', 'Kunstschopf', 'Pappelschopf', 'Ringelschopf', 'Schopfe', 'Schöpflein', 'Widerschopf', 'Zottenschopf']"
Sode,"['Grassode', 'Rasensode']"
Stupf,"['Grasstupfel', 'Haberstupfel', 'Heustupfelein']"
Wasen,"['Graswasen', 'Gänsewasen', 'Neuwasen', 'Rainwasen', 'Schneiderwasen']"
Grat,"['Gratsche', 'Gratscher', 'Grattel', 'Heißgräte', 'Heißgrätig', 'Heißgrätiger', 'Sensengrat']"
gratschen,['Gratscheit']
Fack,"['Gratschfacke', 'Milchfackelein', 'Säufacken']"
werden,"['Grauwerden', 'Hinwerden']"
bold,['Greinebold']
Susanne,"['Greinsuse', 'Heulsuse', 'Transuse', 'Transusel', 'Transuser', 'Traumsuse', 'Traumsusel', 'Traumsuselein', 'Traumsuser', 'Traumsuserin', 'Traumsusler']"
Gretel,['Gretel']
Gram,"['Griesgram', 'Griesgramer']"
gries,['Griesgrämer']
Kauz,"['Grimmkautz', 'Knarbelkauz', 'Mordskauz', 'Nachtkauz']"
Grind,['Grind']
Grips,['Grips']
Schmied,"['Grobschmied', 'Nagelschmied', 'Ohrengeschmeide']"
Zutte,"['Groppenzutte', 'Hafenzüttel', 'Kaffeekannenzaute', 'Kaffeekannenzütze', 'Kaffeezutte', 'Kaffeezuttel', 'Kaffeezüttich', 'Schnabelzutte']"
Eltern,"['Großeltern', 'Urgroßeltern']"
kotzen,"['Großkotzeter', 'Großkotzige']"
Moloch,['Großmoloch']
Oma,['Großoma']
Papa,"['Großpapa', 'Schlackerpapa']"
Stadt,"['Großstädter', 'Stadtsäckel']"
Gerüst,"['Grundbirnengerüst', 'Kohlgerüst']"
Kaute,['Grundbirnenkaute']
rösten,"['Grundbirnenrösterlein', 'Mehlgeröste', 'Mehlgeröstig', 'Mehlröste', 'Mehlröster', 'Mehlröstig', 'Rohgeröstete', 'Rohgeröstig']"
scheiden,"['Grundbirnenscheider', 'Halbgeschiedener', 'Halbscheid', 'Halbschied', 'Meinungsverschiedenheit', 'Schlichter', 'Wegscheide', 'Wetzsteinscheide']"
schnauben,['Grundbirneschnauberlein']
Gerust,['Grusch']
Fiemelein,['Gräslingsfiemelein']
Jakob,"['Gröljockel', 'Schuttgobel', 'Spornjackel', 'Taubenjockel']"
Lilie,['Grünlilie']
Schnabel,"['Grünschnabel', 'Hennenschnabel', 'Hühnerschnabel', 'Kannenschnabel', 'Kannenschnäbelein', 'Kappenschnabel', 'Kreuzschnabel', 'Kreuzschnabelein', 'Kreuzschnäbelein']"
Silage,"['Grünsilage', 'Kartoffelsilage', 'Silage']"
buhlen,"['Gunstbuhler', 'Nestbuhl', 'Nestbuhle']"
genug,['Gutgenug']
Mut,"['Gutmütige', 'Hochmut', 'Hochmütige', 'Schwermut', 'Übermut']"
Brust,"['Gänsebrust', 'Mordsbrust', 'Mordsbrustur', 'Mordsgebrüst', 'Männerbrust', 'Rotbrust']"
Distel,"['Gänsedistel', 'Milchdistel', 'Moosdistel', 'Moritzdistel']"
Drossel,"['Gänsedrossel', 'Küchleinsdrossel', 'Sonntagsdrossel']"
dorzeln,['Gänsegedorzel']
Schlutten,['Gänsegeschlutteri']
schnackeln,"['Gänsegeschnackel', 'Schnackel']"
schnattern,['Gänsegeschnatter']
henken,['Gänsehenker']
Kiel,['Gänsekiel']
klein,"['Gänseklein', 'Leute', 'Suppenklein', 'Sägklein']"
verrecken,"['Gänsverrecken', 'Gäulsverrecken', 'Hundsverrecker', 'Katzenverrecken', 'Lausverrecker', 'Sauverrecker']"
Kümmel,"['Gäulskümmel', 'Hundskümmel', 'Katzenkümmel', 'Pferdekümmel', 'Saukümmel', 'Wiesenkümmel']"
wiehern,['Gäulswiehern']
Tempel,"['Götzentempel', 'Mordstempel', 'Wohntempel']"
flechten,"['Haarflechter', 'Kopfflechterei', 'Lattengeflecht']"
Netz,"['Haarnetz', 'Haarnetzlein']"
Poppe,"['Haarpoppel', 'Haarpopper', 'Haarpöpperlein', 'Hasenpoppelein', 'Hasenpöppelein', 'Herzenspoppelein', 'Herzepoppelein', 'Herzgepoppelter', 'Herzipoppi', 'Herzpoppelein', 'Hirschpoppelein', 'Hirschpöppel', 'Lehrerpoppel', 'Lehrerpoppelein', 'Maispoppe', 'Maispoppel', 'Maispoppelein', 'Maispoppeles', 'Maispöppelein', 'Märzenpoppelein', 'Pappelpoppelein', 'Poppe', 'Schneepoppel', 'Schneepoppelschlacht', 'Schwitzpöppelein']"
Pudel,"['Haarpudel', 'Hirschpudel', 'Hirschpudelein', 'Maispudel', 'Maispudelein', 'Maispudelhärlein', 'Zöttpudel']"
Wusch,"['Haarwuschel', 'Haarwüsch', 'Haarwüschel']"
boßen,['Haberboßen']
Hattel,"['Haberhattel', 'Pappelhattel']"
Rechen,"['Haberrechen', 'Kleiderrechen', 'Läusrechen', 'Steigrechen', 'Zusammenrechig']"
Gier,"['Habgieriger', 'Neugier', 'Neugierlein', 'Rachgier', 'Rachgieriger']"
Beil,"['Hackbeil', 'Hackbeilchen', 'Handbeihel', 'Handbeihelein', 'Handbeil', 'Handbeilchen', 'Handbeilein', 'Haubeil', 'Holzbeihelein', 'Holzbeil', 'Holzbeilein', 'Häppenbeil', 'Lenkbeil', 'Pfahlbeilein', 'Teilbeilein']"
Frede,"['Hackfredlein', 'Peckfredlein']"
Schnaube,"['Hafenschnaube', 'Kaffeeschnaube', 'Kannenschnaube', 'Schnaufe']"
Sturz,"['Hafenstürze', 'Sturz', 'Stürz', 'Stürze', 'Stürzel', 'Stürzer', 'Stürzlein']"
Rispe,['Haferrispel']
Dorn,"['Hagdorn', 'Hagendorn', 'Hiefdorn', 'Hiefeldorn', 'Hiefendorn', 'Honigdorn', 'Leichdorn', 'Schlehdorn', 'Schlehdorner', 'Schlehdörner', 'Schlehendorn', 'Schlittendorn', 'Schwarzdorn', 'Sensendorn', 'Weißdorn', 'Zwiedorn']"
Buche,"['Hagebüchiger', 'Hainbuche', 'Hainbuchener', 'Hainbuchiger', 'Hainbüchener', 'Hainbüchiger', 'Hainenbuche', 'Hornbuchiger', 'Judenbuche', 'Wetterbuche']"
Schelle_2,"['Hakenschelle', 'Langwiedschelle', 'Rohrschelle', 'Waagschelle']"
Idiot,"['Halbidiot', 'Vollidiot']"
Mond,"['Halbmond', 'Neumond', 'Sichelmond', 'Vollmond']"
Part,"['Halbpart', 'Widerpart']"
Seide,['Halbseidener']
steif,"['Halbsteifer', 'Hinübergesteifter']"
taub,"['Halbtauber', 'Jungenstaube', 'Mannsbilderstaube', 'Mannsbildertaube', 'Taubdüdel', 'Taube', 'Tauber', 'Weibsbilderstauber']"
Halle,"['Hall', 'Holzhalle', 'Schafhalle', 'Seitenhallein', 'Wagenhalle']"
Zwiebel,"['Hallelujazwiebel', 'Lauchenzwiebel', 'Lauchzwiebel', 'Meerzwiebel', 'Stopfzwiebel']"
Menge,['Halmmenge']
Gurt,"['Halsgurt', 'Mahdergurt', 'Mahdergürtel', 'Mähgürtel', 'Reitelgurt', 'Schultergurt', 'Traggurt']"
klunken,['Halsklunkerlein']
knüpfen,['Halsknüpfelein']
kraus,['Halskrause']
Riemen,"['Halsriemen', 'Halsriemenlein', 'Halsriemlein', 'Lederriemen', 'Peitschenriemen', 'Schinkenriemer', 'Tragriemen']"
Schleife,"['Halsschleife', 'Schleife', 'Seilschleife']"
Griff,"['Haltegriff', 'Holzgriff', 'Seitgriff']"
hampeln,"['Hamperl', 'Mamahampelein', 'Mutterhampelein', 'Taschenhampel']"
Hift,['Handgehift']
Granate,['Handgranate']
heben,"['Handheber', 'Klößheber', 'Knödleinsheber', 'Rübenheber', 'Schaumheber', 'Wurzelheber']"
Lampe,"['Handlampe', 'Nachtlampe', 'Pappellampe', 'Stalllampe']"
langsam,['Handlangsamer']
Leier,"['Handleier', 'Kaffeeleier', 'Schleifleier', 'Schleifleierer', 'Windleiere']"
muff,"['Handmuff', 'Hollermöffel', 'Muff']"
Schrift,"['Handschrift', 'Vorschrift', 'Ämtervorschriften']"
Zwehel,"['Handszwehele', 'Handzwehel', 'Handzwehele']"
flach,"['Handtuchfläche', 'Kahlfläche', 'Ladenfläche', 'Lauffläche', 'Oberflächlicher', 'Rasenfläche', 'Schlittschuhlauffläche', 'Sitzfläche', 'Tanzfläche']"
Zügel,"['Handzügel', 'Schuhanzügel', 'Schuhzügel']"
Pamper,"['Hannepampel', 'Hasenpämperlein', 'Katzenpämper', 'Mehlpämperlein']"
Christoph,"['Hanssteffel', 'Saustoffel', 'Sehnestoffel']"
happeln,"['Happes', 'Traumhapp', 'Traumhappel', 'Traumhappelein', 'Traumhappeter']"
Espe,"['Hartespe', 'Langaspel']"
Hasard,['Hasardeur']
Schwan,['Haselnussschwänlein']
Troddel,"['Haselnusstroddel', 'Haseltroddel', 'Märzentroddelein']"
Borlein,"['Hasenborlein', 'Hasenborler', 'Hasenborles', 'Hasenmorlein', 'Hundsborlein', 'Katzenborlein', 'Taubenborlein', 'Taubenborler']"
Fex,"['Hasenfex', 'Stadtfex']"
fuckern,"['Hasenfuckerer', 'Taubenfocker', 'Taubenfockerer', 'Taubenfucker', 'Taubenfuckerer']"
Hacht,"['Hasenhacht', 'Hühnerhacht', 'Taubenhacht']"
Jagd,"['Hasenjagd', 'Mückenjagd', 'Rehbocksjagd', 'Schneepoppeljagd']"
Karnickel,['Hasenkarnickel']
Lorbeer,['Hasenlorbeerlein']
Ostern,['Hasenosterei']
Panier,['Hasenpanier']
Pfeffer,"['Hasenpfeffer', 'Metzelpfeffer']"
wild,['Hasenwilder']
Ziemer,"['Hasenziemer', 'Katzenziemer']"
doppel,"['Hatschendoppeln', 'Strümpfedoppeln']"
flicken,"['Hatschenflicker', 'Hereingeflickte', 'Hereingeflickter', 'Lappenflicker', 'Pfannenflicker', 'Schlappenflicker']"
Lerche,"['Haubenlerche', 'Heidelerche', 'Heidellerche', 'Heidenlerche', 'Heidlerche']"
Degen,['Haudegen']
Rücken,"['Hauenrücken', 'Hinterrücks', 'Kammrücken', 'Kammzähnerücken', 'Senselrücken', 'Sensenrücken', 'Spannrücken', 'Steinrücken', 'Stuhlrücken']"
Attentat,['Hauptattentäter']
krakeelen,['Hauptkrakeeler']
Matador,['Hauptmatador']
schwingen,"['Hauptschwinge', 'Kopfschwinge', 'Leiternschwinge', 'Leiterschwinge', 'Ofenschwinge', 'Sauschwung', 'Setzschwinge', 'Sitzschwingen', 'Springe']"
schwatzen,"['Hauptschwätzen', 'Schwätzer']"
streben,"['Hauptstrebe', 'Kantenstrebe', 'Querstrebe', 'Querverstrebung', 'Schlittenstrebe', 'Seitenstrebe']"
Arrest,['Hausarrest']
Dämon,['Hausdämon']
Ern,['Hausern']
Klingel,['Hausklingeln']
muffen,"['Hausmuffel', 'Teufelsmuff']"
Nummer,"['Hausnummer', 'Ohrennummer']"
Rat,"['Hausrat', 'Konfusionsrat', 'Stadtrat', 'Verrathannes', 'Verrathans', 'Vorrat', 'Zierrat', 'Überrätig']"
Segen,"['Haussegen', 'Türsegen']"
Tyrann,['Haustyrann']
übel,['Hausübel']
fetzen,['Hautfetzen']
Amme,"['Hebamme', 'Kindsamme']"
Stefel,"['Hebstefel', 'Klafterstefel']"
Hechel,['Hechel']
Eiche,"['Heckeichener', 'Heckeichiger', 'Kräheneichel', 'Spessarteiche', 'Wettereiche']"
Advokat,"['Heckenadvokat', 'Streitadvokat', 'Winkeladvokat']"
gatzen,"['Heckengatzer', 'Heckengätzer', 'Staudengatzer', 'Töpfleinsgatzer']"
rennen,"['Heckenrenner', 'Kinderrenner']"
schmatzen,"['Heckenschmatzer', 'Heckenschmätzer', 'Lumpenschmatzer']"
Wirt,"['Heckenwirt', 'Landwirt', 'Landwirtschaft', 'Milchwirtschaft', 'Sauwirtschaft', 'Spinnenwirt', 'Teichwirt', 'Vetterleswirtschaft']"
Ursel,"['Heckmeckursel', 'Schiffursel', 'Ursel']"
Gugel,['Hefegugelhupf']
Schart,['Hefeschart']
Ziel,['Hegziel']
Kneip,"['Heidekneip', 'Heidenkneip', 'Käskneip', 'Schusterskneip']"
Angst,"['Heidenangst', 'Mordsangst']"
zehn,"['Heiligenzehnter', 'Kirchenzehnt', 'Pfarreszehnt', 'Pfarrzehnt', 'Sechzehner']"
Heim,['Heimlichkeit']
Tücke,"['Heimtücker', 'Heimtückser']"
Heins,"['Heins', 'Mutterheinselein']"
Annonce,['Heiratsannonce']
Kandidat,['Heiratskandidat']
kuppeln,"['Heiratskuppler', 'Heiratskupplerin', 'Kniescheibenkupplung', 'Oberkuppler', 'Zusammengekuppelte']"
Mitte,"['Heiratsvermittler', 'Mittag', 'Nachmittag', 'Vermittler', 'Vormittag', 'Vormittagen']"
Schlingel,"['Hemdenschlingel', 'Schlingel', 'Schlingelein']"
focken,"['Hemdfock', 'Mädleinsfock', 'Mädleinsfockerer']"
löcken,"['Hemdgelock', 'Hemdgelocketer', 'Hemdglocke', 'Hemdlock', 'Hemdlocker', 'Hemdlocketer', 'hemdglocke']"
Lorenz,"['Hemdlenz', 'Stangenlenz']"
matz,['Hemdmatz']
nollen,['Hemdnoller']
Schwengel,"['Hemdschwengel', 'Hemdschwengelein', 'Hemdschwenker']"
schwenken,['Hemdschwenkerlein']
Spenzer,['Hemdspenzer']
Stande,['Hemdstande(r)']
Taler,['Hemdtaler']
toll,"['Hemdtoller', 'Mannstolle', 'Manntolle', 'Männertolle', 'Tolle']"
trollen,['Hemdtroller']
Pfennig,"['Hemmpfennig', 'Sonntagspfennig']"
Fohlen,"['Hengstfohlen', 'Stutfohlen']"
schrubben,['Herausgeschrubbte']
rücken,"['Herausrücken', 'Hineinrücken', 'Rainsteinrucker']"
Krieche,"['Herbstkriechling', 'Säukriechelein', 'Säukriechling', 'Weinkriechelein']"
zieb,['Herbstziebelein']
Asche,"['Herdasche', 'Holzasche', 'Kohlenasche', 'Ofenasche', 'Zigarrenasche']"
schenken,"['Hereingeschenkte', 'Hochzeitsgeschenk', 'Kinderschenk', 'Kindsschenk', 'Kindsschenke']"
schneien,['Hereingeschneiter']
bändig,['Heringsbändiger']
Dompteur,['Heringsdompteur']
Matthias,"['Heringsmatz', 'Matz', 'Plattenhiasel']"
schlachten,"['Heringsschlächter', 'Schneeballenschlacht', 'Schneeballschlacht', 'Schneeschlacht']"
Wiesel,"['Hermelinwiesel', 'Mauswiesel']"
winken,"['Herrenwinkelein', 'Herrenwinker']"
Sankt,"['Herrscheklaus', 'Herzeklaus', 'Hutscheklaus']"
Ruprecht,"['Herrscheruprecht', 'Hätscheruprecht', 'Pelzeruprecht']"
drucksen,['Herumdruckser']
zerren,"['Herumgezerr', 'Mordszerrerei']"
hossen,['Herumhosserer']
lungern,['Herumlungerer']
nörgeln,"['Herumnörgler', 'Nörgeldüppe']"
ranzen,['Herumranscher']
scharwenzeln,['Herumscharwenzler']
streunen,['Herumstreuner']
Attacke,['Herzattacke']
Blut,"['Herzblut', 'Metzgerblut', 'Weißbluten']"
Leid,"['Herzeleid', 'Leid']"
Infarkt,['Herzinfarkt']
Kirsche,"['Herzkirsche', 'Holzkirsche', 'Hundskirsche', 'Sauerkirsche', 'Sauerkirschel', 'Spatzenkirschel', 'Steinkirsche', 'Vogelkirsche', 'Vogelskirsche', 'Vögelkirsche', 'Vögelskirsche', 'Vögelskirschlein', 'Weichselkirsche', 'Äpfelkirsche']"
Kollaps,['Herzkollaps']
Koller,"['Herzkoller', 'Hitzkollerer', 'Taubkollerer']"
still,['Herzstillstand']
Franke,"['Hessenfranke', 'Mainfranke', 'Mittelfranke', 'Oberfranke', 'Oberfranken', 'Rheinfranke', 'Untergefränkische']"
hetschen,"['Hetsche', 'Hetscher', 'Hitsche', 'Hitscher', 'Hutsche', 'Hutscher', 'Kinderhetsche', 'Kinderhutsche', 'Kinderhötsche', 'Laushetschel']"
Hetze,"['Hetze', 'Schlafhetze']"
damisch,['Heudamel']
Fuder,"['Heufuder', 'Mordsfuder', 'Pferdsfuder']"
hüppsen,['Heuhüppser']
Kegel,"['Heukegel', 'Nestkegel', 'Nestkegelchen', 'Nestkegelein', 'Nestkeglein']"
Madeleine,['Heulmadeleine']
Maier,['Heulmaier']
Luzia,['Heuluze']
Quader,['Heuquader']
Rangen,"['Heurangen', 'Schoberrangen']"
schleppen,"['Heuschleppe', 'Holzschleppe', 'Steinschleppe', 'Zusammenschleppig']"
schnupfen,"['Heuschnupfen', 'Nasenschnuppen']"
Schwade,['Heuschwade']
Schütte,"['Heuschütte', 'Schütte', 'Strohschütte']"
Lasche,"['Heuwagenlasche', 'Leistenlasche', 'Leuchsenlasche', 'Lusche', 'Stiefellasche', 'Waaglasche']"
spreizen,['Heuwagenspreize']
Hietsch,['Hietsch']
gutzen,['Himmelsgutzer']
kühl,"['Himmelskühlung', 'Milchkühler', 'Wetterkühlen']"
prellen,"['Hinabpreller', 'aufprellen']"
hinein,"['Hineingehiebene', 'Hineingelegte']"
reisen,"['Hingereister', 'Zugereister']"
schniegeln,['Hingeschniegelter']
Fritz,"['Hinkefritz', 'Pappelfritz']"
Hinkel,['Hinkel']
Achse,"['Hinterachse', 'Radachse', 'Vorderachse', 'Vorderachsstock', 'Vürderachse', 'Windachse', 'Ächskappe', 'Ächstasche']"
hinter,['Hinterhältiger']
hinten,"['Hinterhäuslein', 'Hintern']"
Quartier,['Hinterquartier']
sich,['Hintersich']
hinum,['Hintersichhinum']
Türke,"['Hinterturkistaner', 'Kaffeetürke', 'Kümmeltürke', 'Kümmeltürken', 'Öltürken']"
wider,"['Hinundwiderer', 'Widerspenser']"
amputieren,['Hirnamputierter']
Gespinst,['Hirngespinst']
Bumpel,"['Hirschbumpel', 'Hirschbumpelein', 'Hüllebumpel', 'Pummelchen', 'Pummelein', 'Pumperer']"
Hülle,"['Hirschhülle', 'Kopfhülle', 'Krenhülle']"
Hitsch,"['Hitsch', 'Nesthitsche', 'Nesthitschelein']"
Wabel,['Hitschewabel']
achten,['Hochachtung']
Deutsch,['Hochdeutsch']
Glanz,"['Hochglanz', 'Oberglänzer']"
Gispel,"['Hochmutsgispel', 'Hurengispel', 'Narrengispel']"
Schule,"['Hochschule', 'Judenschule', 'Kinderschule', 'Lernschule', 'Musterschüler', 'Pampelschule', 'Reitschule', 'Sonntagschule', 'Wiederholungsschüler']"
Schaft,"['Hochschäfter', 'Langschafter', 'Langschäfter', 'Langschäfterte', 'Langschäftler', 'Stiefelschaft']"
Stapel,"['Hochstapler', 'Hochstaplerin', 'Klafterstapel']"
bleiben,"['Hockenbleiber', 'Hockenbleiberin', 'Hockenbleiberlein', 'Hockengebliebener', 'Hocketbleiber', 'Sitzenbleiber', 'Sitzenbleiberin', 'Sitzengebliebener', 'Sitzengebliebenes', 'Stehenbleiberin', 'Zurückgebliebener', 'Überbleibig', 'Überbleibsel', 'Übrigbleibig', 'Übrigbleibsel', 'Übriggebliebene']"
welk,['Hodenschwelk']
Brunnen,"['Hofbrunnen', 'Pfingstbrunnen', 'Pumpbrunnen', 'Sauerbrunn', 'Sauerbrunnen', 'Springbrunnen', 'Tränkbrunnen']"
ficken,"['Hoffartsfickel', 'Hollerfickel', 'Katzenficker', 'Krackenfickel', 'Notfickel', 'Ratzenficker', 'Schnakenfickler', 'Sterzefickel']"
trauern,"['Hoftrauer', 'Katzentrauer', 'Landestrauer']"
Block,"['Hohlblock', 'Holzblock', 'Langholzblock', 'Schleifblock', 'Schneidblock', 'Schnurblöcklein', 'Sägblock', 'Windenblöcklein']"
krähen,"['Hohlkrähe', 'Holzkrähe', 'Nebelkrähe', 'Streitkrähe']"
Holder,['Holder']
hopp,"['Holladihopp', 'Hoppedihe', 'Hoppel', 'Kniehoppern', 'Stoppelhopser']"
Holler,"['Holler', 'Mordsholler']"
Gelee,"['Hollergelee', 'Pflaumengelee']"
Champagner,['Hollerschampus']
sträuben,"['Hollersträubelein', 'Hollersträublein', 'Sträubelein', 'Träubelstraube']"
Tee,"['Hollertee', 'Holundertee', 'Hopfenblütentee', 'Hopfentee', 'Magentee', 'Malztee', 'Wermuttee']"
watscheln,['Hollewatsch']
Wutze,['Hollewutz']
Bloch,"['Holzbloch', 'Langholzbloch', 'Schleifblöchlein', 'Schneidbloch', 'Schneidblöchlein', 'Schnittbloch']"
Diele,"['Holzdiele', 'Säustallsdiele', 'Tanzdiele']"
fällen,['Holzfäller']
Geländer,"['Holzgeländer', 'Lattengeländer', 'Ofengeländer', 'Schneelander', 'Stuhlgeländer', 'Stuhlsgeländer', 'Stühlgeländer']"
Klammer,"['Holzklammer', 'Nasenklammer', 'Nasenklämmerlein', 'Naturklammer', 'Ohrenklammer', 'Steckklammer', 'Wäscheholzklammern', 'Wäscheklammer', 'Wäscheklammerl', 'Wäscheklammerlein', 'Wäscheklämmerlein']"
Kumpf,"['Holzkumpf', 'Holzwetzkumpf', 'Hornkumpf', 'Wetzkumpf', 'Wetzsteinkumpf']"
Pantoffel,"['Holzpantoffel', 'Kapuzinerpantoffel']"
schliefen,['Holzschliefern']
Arke,['Holzärker']
bleich,"['Hopfenbleiche', 'Wäschebleiche']"
Gold,"['Hopfengold', 'Katzengold']"
Ranke,"['Hopfenranke', 'Hopfranke', 'Ranken', 'Weinranke']"
schlingen,"['Hopfenschlinge', 'Knopflochschlinge']"
Zelch,"['Hopfenzelch', 'Weinzelch']"
bisen,['Hosenbiser']
pissen,['Hosenpisser']
wetzen,"['Hosenwetzer', 'Knochenwetzer', 'Knorrenwetzer', 'Sattelwetzen']"
Sech,"['Hubsech', 'Pflugsech', 'Schneidsech']"
#?Huck,['Huckel']
Kötze,"['Huckelkötze', 'Krachkötze']"
Humpen,"['Humpen', 'Kaffeehumpen']"
Popo,['Hundepopo']
knäffen,"['Hundknäfferlein', 'Hundsknäffer']"
Barras,['Hundsbarras']
Schierling,"['Hundschierling', 'Hühnerschierling', 'Wiesenschierling', 'Wutschierling']"
schütteln,"['Hundschüttler', 'Hundsschüttler', 'Hundsschüttlerer']"
dulden,['Hundsdulder']
Farn,"['Hundsfarn', 'Rainfarn', 'Säufarn', 'Wurmfarn']"
bisschen,"['Hundsfotzenbisslein', 'Scheißbisslein']"
Galopp,"['Hundsgalopp', 'Saugalopp', 'Schweinsgalopp']"
bellen,['Hundsgebell']
gauzen,['Hundsgegauz']
kläffen,['Hundsgekläff']
Kamille,['Hundskamille']
Knops,['Hundsknoppern']
Leite,"['Hundsleite', 'Sommerleite', 'Winterleite']"
Lupp,['Hundslupp']
Mette,['Hundsmette']
rumsen,['Hundsrums']
Trab,"['Hundstrab', 'Nachtrab', 'Schneckentrab', 'Schweinstrab', 'Säutrab']"
Veilchen,"['Hundsveilchen', 'Märzenveilchenlein']"
Zaupe,['Hundszaupel']
Darm,"['Hungerdarm', 'Schlotterdarm']"
fühlen,"['Hungergefühl', 'Tuchfühlung']"
motzen,['Hungermotzer']
sterben,"['Hungersterben', 'Weibersterben']"
Streifen,"['Hungerstreif', 'Pelzstreifen']"
hinüber,"['Hupfdirhinüber', 'Obenhinüber']"
Finne,['Hurenfinnen']
schnell,['Hurtigschnell']
husch,['Huschel']
Husselein,['Hussel']
Bartholomäus,"['Hutzbarthel', 'Hutzelbarthel', 'Schießbarthel', 'Schreibarthel', 'Schusserbarthel']"
Date,['Hutzeldate']
Gemüse,"['Hutzelgemüse', 'Kleingemüse', 'Mangoldgemüse', 'Mischgemüse', 'Rösleinsgemüse', 'Stielgemüse', 'Stängelgemüse', 'Suppengemüse', 'Wintergemüse', 'Wirsingsgemüse']"
Püree,"['Hutzelpüree', 'Polentespüree']"
gleich,['Häfelein']
Höhe,['Höhe']
forschen,['Höhlenforscher']
Glut,['Höllenglut']
Karree,['Höllenkarree']
Bockel,"['Hörnerbockel', 'Zugbockel']"
schlitten,['Hörnerrodelschlitten']
Kobel,"['Hühnerkobel', 'Starelkobel', 'Starenkobel', 'Starenskobel']"
Kraxe,"['Hühnerkraxe', 'Kleiderkraxe']"
Pfipf,['Hühnerpfiff']
quetschen,['Hühnerquetsche']
Treppe,"['Hühnertreppe', 'Hühnertrepplein', 'Kellertreppe', 'Türtreppel']"
zwingen,['Hühnerzwinger']
after,['Hühneräfterig']
Holle,['Hülle']
Liese,"['Hümpelliese', 'Puppenliese']"
taschen,['Hüpfetatsch']
Hür,['Hürlein']
Schinken,"['Hüterschinken', 'Räucherschinken', 'Schrankschinken']"
Seim,['Immenseimer']
Gereusch,"['Ingereusch', 'Innengereusch']"
her,['Innenher']
inwendig,"['Innenwendig', 'Innenwendige', 'Inwendiges']"
inner,['Innerwendig']
Anstalt,['Irrenanstalt']
Break,['Jagdbreak']
beginnen,['Jahresbeginn']
Kreis,"['Jahreskreis', 'Jahreskreisel', 'Landkreis']"
Fiedel,"['Jammerfiedel', 'Kratzfiedel', 'Quietschfiedel']"
Funke,['Johannisfünkchen']
Josef,"['Joseferer', 'Kuhsepp', 'Parfümsepp', 'Plattenseppl', 'Trachtensepp']"
Stier,"['Judenstier', 'Judenstierlein']"
Bulle,"['Jungbulle', 'Transportbulle', 'Wechselbulle']"
Geselle,"['Junggeselle', 'Saugesellschaft']"
Februar,['Junikäferlein']
Thron,['Jägerthron']
Füllen,['Jährlingsfüllen']
taufen,"['Jähtaufe', 'Kindstaufe', 'Pfingsttaufe']"
Zorn,"['Jähzorn', 'Jähzornig']"
Ampel,['Kaffeeampel']
luren,['Kaffeelure']
mahlen,"['Kaffeemahlen', 'Müllermahler', 'Papiermühle', 'durchmahlen']"
schnürpf,"['Kaffeeschnürpfel', 'Kannenschnürpfel', 'Preßsackschnürpfel', 'Reibigschnürpsel', 'Wurstschnürpfel', 'Wurstschnürpfelein']"
Tablett,['Kaffeetablett']
Gekröse,['Kalbsgekrös']
Bügel,"['Kammbügel', 'Kleiderbügel', 'Schmeißbügel', 'Schneebügeln', 'Sensenbügel', 'Streifbügel', 'Tragbügel', 'Waagbügel']"
Tiger,"['Kanapeetiger', 'Käsetiger', 'Stubentiger']"
Zaute,"['Kannenzaute', 'Zaute']"
Bifang,['Kartoffelbifang']
Chip,['Kartoffelchip']
Gemach,"['Kartoffelgemäsch', 'Rübengemäch']"
rüsten,"['Kartoffelgerüst', 'Knochengerüst', 'Ofengerüst', 'Rübengerüst', 'Tenngerüst', 'Traggerüst', 'Türgerüst']"
Grubber,['Kartoffelgrubber']
Steige,['Kartoffelsteige']
Teller,"['Karttellerlein', 'Platzteller']"
Karusell,['Karussell']
Gestank,['Katzendreckgestank']
heulen,"['Katzengeheul', 'Kindergeheul']"
jammern,"['Katzengejammer', 'Katzenjammer']"
Hirn,"['Katzenhirn', 'Rabenhirn', 'Spatzenhirn']"
Nebel,['Katzennebel']
pochen,"['Katzenpocher', 'Ratzenpocher']"
renken,"['Katzenrenker', 'Leuchsenrenker', 'Scherrenker']"
schächten,"['Katzenschächter', 'Krackenschächter', 'Krappenschächter', 'Krähenschächter', 'Krötenschächer', 'Krötenschächter', 'Krötenschächterer', 'Rabenschächter']"
verstehen,['Katzenverstand']
Kaventsmann,['Kaventsmann']
Assel,"['Kellerassel', 'Kellerdrassel', 'Kellernassel', 'Kellerrassel', 'Kellerässel', 'Mauerassel', 'Rassel']"
Made,['Kellermade']
Rappen,['Kellerrappe']
Ruppe,"['Kellerruppe', 'Scheuerruppe', 'Taubenruppe']"
Schabe,"['Kellerschabe', 'Schabe']"
Schwabe,['Kellerschwabe']
Staffel,"['Kellerstaffel', 'Kellerstapflein']"
Wanze,['Kellerwanze']
Andreas,"['Kettenandreaslein', 'Säuandreas']"
Wimmer,"['Keuschheitswimmerlein', 'Wimmerlein']"
Erbse,"['Kichererbslein', 'Knallerbse']"
Bande,"['Kinderbande', 'Lausbande', 'Lausebande', 'Lumpenbande', 'Läusbande', 'Radaubande', 'Rasselbande', 'Ratzenbande', 'Räudelsbande', 'Saubande', 'Schreibande', 'Schwefelbande', 'Zigeunerbande']"
Schneider,['Kindergeldschneider']
plänkeln,['Kindergeplänkel']
plärren,"['Kindergeplärr', 'Wassergeplärr']"
Kafruse,['Kinderkafruse']
sorgen,"['Kinderstubenfürsorgerin', 'Kriegsgräbervorsorge']"
wiegen,"['Kinderswiege', 'Kinderswieglein', 'Kinderwiege', 'Kindwiege', 'Safranwieger']"
Unfug,['Kinderunfug']
zechen,"['Kindleinszeche', 'Kindszeche', 'Marktzecher']"
Dirne,"['Kindsdirne', 'Kranzdirne', 'Lausdirndl', 'Strichdirne']"
Kirmes,['Kindskirmes']
Daumen,['Kipfstuhldaumen']
kippeln,['Kippler']
Fahne,"['Kirchenfahne', 'Raucherfahne', 'Troddelfahne', 'Troddelfähnlein', 'Wetterfahne', 'Windfahne', 'Ziehfahne']"
Orgel,['Kirchenorgel']
Turm,"['Kirchensturm', 'Kirchenturm', 'Kirchturm']"
Spargel,['Kirchhofspargel']
Bescheid,['Kirchweihbescheid']
Hemd,['Kirchweihhemd']
Staat,"['Kirchweihstaat', 'Musterstaat']"
Stolle,"['Kirchweihstollen', 'Kümmelstollen', 'Kümmelstöllchen', 'Kümmelstöllein', 'Kümmelstöllelein', 'Kümmelstöllerl', 'Mohnstöllchen', 'Mohnstöllelein', 'Rindsstollen', 'Salzstöllchen', 'Salzstöllelein', 'Sensenstollen', 'Stollen', 'Stöllein']"
Tracht,"['Kirchweihtracht', 'Sonntagstracht']"
Streich,['Kirschenstreichen']
Mund,"['Kirschmund', 'Schweinsmund']"
Klabautermann,['Klabautermann']
Klaffer,"['Klaffer', 'Mittelklaffe', 'Seitenklaffe', 'Waagklaffe', 'Waagklaffer', 'Waagscheitleinklaffer']"
Gestell,['Klappergestell']
Clown,"['Klassenclown', 'Pomadenclown']"
Hanswurst,['Klassenhanswurst']
Babett,['Klatschbabett']
brach,"['Kleebrache', 'Maschinenbrache', 'Raubrache', 'Schafbrache', 'Zwiebrache', 'Zwiegebrachte']"
Apparat,"['Kleesamenapparat', 'Milchapparat', 'Schulheftrasierapparat', 'Selbstmordapparat']"
streuen,"['Kleestreuer', 'Pfefferstreuer', 'Salzstreuer', 'Salzstreuerlein', 'Schnittlingstreusel', 'Streusel']"
Stoff,['Kleiderstoff']
Makler,['Kleinmakler']
klettern,['Kletternatter']
Falke,['Klosterfalke']
Klöppel,['Klöppel']
express,['Kniescheibenexpress']
Kompression,['Kniescheibenkompression']
Kompressor,['Kniescheibenkompressor']
knappen,"['Knippediknapp', 'Knipperiknapp']"
polieren,"['Knochenpolierer', 'Schuhpolitur']"
knottern,"['Knotterdüppe', 'Knotterdüppen', 'Knotterkäthe']"
Herd,['Kochherdstange']
Mangold,"['Kochmangold', 'Mangold']"
Ruß,"['Kohlenruß', 'Russe', 'Ruß', 'Rußel']"
sauer,['Kohlensäure']
Kohlrabi,['Kohlrabikopf']
Kolostralmilch,['Kolostralmilch']
Konfirmation,['Konfirmation']
rechnen,"['Kopfrechnen', 'Kästleinrechnung', 'Milchmädchenrechnung']"
Schal,['Kopfschal']
Kopp,"['Koppelein', 'Taubenköpper']"
Schoppen,['Koppenschopperin']
Rind,"['Korbmachersrind', 'Rindlein']"
Muhme,"['Kornmuhme', 'Roggenmuhme']"
Rade,['Kornrade']
Jacke,"['Kostümjacke', 'Strickjacke', 'Strickjäcklein', 'Unterjacke']"
Bahre,"['Kotbahre', 'Mistbahre', 'Mistradbahre', 'Radbahre', 'Radbahrel', 'Tragbahre']"
Marie,['Krachmarie']
Revers,['Kragenrevers']
weit,"['Kragenweite', 'Oberweite', 'Weitling']"
krakel,"['Krakel', 'Kräkler']"
Koralle,['Kralle']
Krampe,['Krampe']
Fieber,"['Krankenfieber', 'Putzfieber', 'Wachsfieber']"
Hirsch,"['Krauthirsch', 'Rainhirsch']"
Pfarrer,['Krautpfarrer']
Haupt,"['Krautshaupt', 'Krautshäuptlein', 'Oberhaupt', 'Rechenhaupt', 'Rothäuptlein', 'Rothäuptling', 'Sensenhaupt']"
Uhr,"['Krautuhr', 'Pfanduhr', 'Sackuhr', 'Schnapsuhr', 'Standuhr', 'Stehuhr', 'Taschenuhr']"
wecken,"['Krautwecker', 'Stehwecker', 'Stehweckerlein']"
Dorothea,"['Krawalldurl', 'Lumpendurl', 'Saufdurl', 'Schimpfdorle', 'Schlamperdurl', 'Schnapsdurtel']"
Schlutte,"['Krawallschlutte', 'Leuchsenschlutte', 'Zwiebelschloten', 'Zwiebelschlutten', 'Zwiebelschlütten']"
Pumpe,"['Kreiselpumpe', 'Sorenpumper', 'Sorepumper', 'aufpumpen']"
Fechser,['Krenfechser']
kreischen,"['Krischlene', 'Marktkreischer', 'Weibergekreisch']"
Kritik,['Krittler']
Prinz,"['Kronprinz', 'Stadtprinz']"
Krucke,['Krucke']
Krupp,['Kruppchen']
Minze,"['Kräuterminze', 'Pfefferminze']"
Balz,['Krötenbalz']
krimmen,['Krümmer']
Biest,"['Kuhbiest', 'Seichbiest']"
Baron,['Kuhpflatschenbaron']
Priester,"['Kuhpriester', 'Kühpriester']"
schlecken,['Kuhschlecken']
Spinat,['Kuhspinat']
wanken,['Kuhwanke(n)']
Kukuruz,['Kukuruzkörnlein']
Dung,['Kunstdünger']
Kupfe,['Kupfe']
Schleiße,"['Kälberschleißen', 'Papierschleisse', 'Rinderschleiße', 'Windschleiße']"
Schlotz,"['Kälberschlutzen', 'Reitschlutzen', 'Tragschlonze']"
Aul,['Käsaul']
Klippe,['Käsklippe']
Schablone,['Käskuchenschablone']
Michel,['Käsmichel']
Quark,['Käsquark']
Statur,['Körperstatur']
Büfett,"['Küchebüfett', 'Küchenbüfett']"
Fee,['Küchenfee']
kommod,['Küchenkommode']
Regal,"['Küchenregal', 'Speiseregal']"
Stellage,['Küchenstellage']
horchen,['Ladenhorcher']
Wiede,"['Lagwiede', 'Landwiede', 'Langwiede', 'Lenkwiede', 'Längwied', 'Längwiedbeschläg', 'Längwiede', 'Längwiednagel', 'Tollerwiedel']"
äbich,['Lahmächer']
Lammel,['Lammel']
plagen,"['Landplage', 'Leutplager', 'Mutterplage', 'Mückenplage']"
Hachse,"['Langhachsete', 'Langhachseter', 'Sauhachse', 'Schweinhachse', 'Schweinshachse', 'Storchenhachsen', 'Säuhachse', 'Säuhächslein']"
schlafen,"['Langschläfer', 'Schlaf', 'Siebenschläfer', 'Winterschlaf', 'Zweischläfrige', 'Zweischläfriger']"
Weile,"['Langweil', 'Langweile', 'Langweiler', 'Schnelleweile']"
lasch,"['Lasche', 'Lascher']"
Gregor,"['Latschgori', 'Taubengogel', 'Taubengori']"
Rost_2,"['Lattenrost', 'Stallrost']"
Sitzen,['Lattensitz']
Kunde,"['Laufkundschaft', 'Marktkunden', 'Stammkundschaft']"
Pass,['Laufpass']
Allee,"['Lausallee', 'Läusallee', 'Läusbahn', 'Läuseallee']"
hatschen,['Laushatschel']
Krawatte,['Lauskrawatte']
Putte,['Lausputte']
Linse,"['Leberlinse', 'Nasslinse', 'Wasserlinsen']"
wohl,['Lebewohl']
Balsam,['Lederbalsam']
Letten,"['Lehmletten', 'Sandletten']"
Dank,['Lehrersdank']
predigen,"['Leichenpredigt', 'Leichpredigt']"
Text,"['Leichentext', 'Merktext']"
weben,"['Leinenweber', 'Spinnengeweb', 'Spinnenwebe', 'Spinnenwebending', 'Spinnenwebeter', 'Spinnewebe', 'Spinnwebe', 'Spinnwebel']"
Leise,"['Leist', 'Pflugleise', 'Schneegleis', 'Weitgleister', 'Weitleise']"
Leist,['Leisten']
Kipfe,"['Leiterkipflein', 'Vorderkipfe']"
Schiss,"['Lerchenschieß', 'Schiss', 'Wegschiss(er)']"
Masche,['Leuchsenmasche']
Tülle,"['Leuchsentülle', 'Leuchstentülle', 'Waagtülle']"
Zwiesel,['Leuchsenzwiesel']
Öhr,"['Leuchsenöhr', 'Senselöhr', 'Sensenöhr']"
Öse,"['Leuchsenöse', 'Spangenöse', 'Zugöse']"
mühen,['Liebesmühe']
Lied,"['Liederfers', 'Schlumperliedlein']"
Dotsch,"['Linkdotsch', 'Linkdotsche', 'Linkdotscher', 'Linkedotsch', 'Linkendotscher', 'Linkerdotsch', 'Linkerdotsche', 'Linkerdotscher', 'Linkerdotschi', 'Linksdotsch', 'Linksdotscher', 'Lurzdotsch', 'Lurzerdotsch']"
mobil,"['Lokomobilist', 'Tretermobil', 'Tretmobil']"
Lotter,['Lotterer']
Ludel,['Ludel']
Ballon,['Luftballon']
Linie,"['Luftlinie', 'Schlangenlinie']"
werben,"['Luftwirbel', 'Luftzwirbel', 'Mordswirbel', 'Nebenerwerber', 'Nebenerwerbler', 'Nebenwerbler', 'Sonnenwerbe', 'Wirbel', 'Zirbel']"
sammeln,['Lumpensammler']
Lunge,"['Lunge', 'Rindsgelüng', 'Schweinsgelüng']"
rauchen,"['Lungenrauch', 'Raucher', 'Raucherettlein', 'Ringrauchen', 'Ringraucher']"
Torpedo,"['Lungentorpedlein', 'Lungentorpedo']"
Molch,['Lustmolch']
Pastor,['Lutherpastor']
Minz,"['Lämmermäunzlein', 'Minze']"
hoschen,['Längshörschel']
Benedikt,['Lätschenbeni']
Striegel,['Läusestriegel']
Graben,"['Läusgräbelein', 'Nachtgraben']"
Rachen,"['Löwenrachen', 'Rachel']"
Baldes,"['Lügenbaldes', 'Schnallenbaldes']"
Geschichte,['Lügengeschichte']
Hannes,"['Lügenhannes', 'Wursthannes']"
Lanze,['Magenlanze']
Pein,['Magenpein']
stimmen,['Magenverstimmung']
zxy,['Magenzehrbibber']
Lohn,"['Mahlerlohn', 'Mahllohn', 'Metzlohn', 'Papiertagelöhnerin', 'Taglöhnen', 'Taglöhner']"
Metze,"['Mahlmetze', 'Schrotmetze']"
Schnake,"['Mainschnake', 'Nachtschnake', 'Rheinschnake', 'Sauschnak', 'Schnaker', 'Schnaube', 'Stechschnake', 'Wasserschnake']"
Kolben,"['Maiskolben', 'Rotzkolben']"
Zotte,"['Maiszöttel', 'Zotte', 'Zottel', 'Zöttel']"
Tropfen,['Malztropfen']
purzeln,['Mamapurzelein']
Mamme,"['Mamm', 'Suckelmemm']"
Kompott,"['Mantschkompott', 'Mischkompott']"
bummeln,['Marktbummler']
Fierant,"['Marktfierant', 'Wochenmarktfierant']"
Matze,['Matze']
Hure,['Maulhure']
Cocotte,['Maulkokotte']
Lefze,"['Maullefze', 'Maullespe']"
Lippe,"['Maullippe', 'Wulstlippe']"
Manier,['Maurermanier']
ein,"['Mehleinlage', 'Neueinsaat', 'Stelldichein', 'Wochenmarkteinkäufer']"
schwitzen,"['Mehlschwitze', 'Mehlschwitzet', 'Mehlschwitzig']"
Eid,['Meineid']
verschieden,['Meinheitsverschiedenheit']
tauschen,['Meinungsaustausch']
schirren,"['Melkgeschirr', 'Milchgeschirr']"
Melter,['Melkmelter']
unter,['Mergelunterlage']
Vers,['Merkvers']
Mettwurst,['Mettwurst']
Metz,"['Metzlein', 'Salzmetze', 'Salzmetzlein']"
Fabrik,"['Milchfabrik', 'Pöpelfabrikanten', 'Russenfabrik']"
Kantine,['Milchkantine']
Adel,['Mistadel']
Bord,"['Mistwagenbort', 'Schüsselbord', 'Tellerbord']"
Striezel,"['Mohnstriezel', 'Rahmstriezel', 'Striezel']"
Molla,"['Molle', 'Mollelein', 'Molli']"
Farm,['Mondscheinfarmer']
Mopp,"['Moppelein', 'Moppi', 'Spitzmoppel']"
Achona,['Mordsachona']
Appetit,['Mordsappetit']
bägen,"['Mordsbägerei', 'Schafbägelein']"
Fez,['Mordsfez']
Schmarren,['Mordsgeschmarr']
Gesöff,['Mordsgesöff']
Gocks,"['Mordsgocks', 'Weibergocks']"
Jäst,"['Mordsjäst', 'Seifenjäsch']"
Kaliber,['Mordskaliber']
Kommerz,['Mordskommerzig']
Krawall,['Mordskrawall']
Molke,['Mordsmolkerei']
Portion,"['Mordsportion', 'Riesenportion']"
Pumpel,['Mordspumpel']
Remmidemmi,['Mordsremmidemmi']
Schlack,"['Mordsschlackel', 'Schlawak', 'Stadtschlack']"
Spektakel,['Mordsspektakel']
Spuk,"['Mordsspuk', 'Spuk']"
Strahl,"['Mordsstrahl', 'Sonnenstrahl', 'Wasserstrahl']"
Suff,['Mordssuff']
Trulle,['Mordstrulli']
toben,['Mordstöbes']
wacker,"['Mordswackes', 'Wackes']"
Ärger,['Mordsärger']
More,['Mores']
Dämmer,['Morgendämmerung']
mucken,['Mucken']
Muffel,['Muffel']
Musch,"['Muschel', 'Muschelein']"
Rick,"['Musikantenrick', 'Ofenrick', 'Ofenricklein']"
Podium,"['Musikpodium', 'Tanzpodium']"
gelten,['Mustergültiger']
Knabe,"['Musterknabe', 'Nickelknabe']"
Kult,['Musterkultur']
Sohn,"['Mustersöhnchen', 'Muttersöhnchen', 'Muttersöhnlein', 'Schwiegersohn', 'Tochtersohn']"
Latwerge,"['Mustwerge', 'Pflaumenlatwerge', 'Zwetschgenlatwerge']"
Vokativus,['Mädleinsvok']
#Mann,['Männer']
treu,['Männertreu']
Typ,"['Männertyp', 'Verbrechertyp', 'Zugtyp']"
Sonne,['Märzensonne']
garn,['Mäusgarn']
gern,['Möchtegern']
summen,['Mückengesumm']
Pipper,['Mückenpipper']
Mühe,['Mühe']
Schutz,"['Mühlschutz', 'Schütze', 'Wasserschütze', 'Wehrschütze']"
Müll,"['Müllabfuhrmänner', 'Müller', 'Müllmänner']"
Tochter,"['Müllerstochter', 'Schwiegertochter']"
kippen,['Müllkipper']
Amahd,['Nachamahd']
Gespenst,['Nachtgespenst']
Hucke,['Nachthuckel']
Krappe,"['Nachtkrappe', 'Wurstkrapp']"
letzen,"['Nachtletz', 'Tageletz']"
Schwalbe,['Nachtschwalbe']
Näber,['Nagelnäberlein']
Futteral,['Nasenfutteral']
jucken,['Nasenjucken']
klemmen,"['Nasenklemme', 'Nasenklemmer']"
kluppen,"['Nasenklupper', 'Wäscheklupper', 'Wäscheklupperl', 'Wäscheklupperlein']"
stieben,['Nasenstüberer']
nass,"['Nassauer', 'Nassgeich']"
Delle,"['Nassdelle', 'Schwindsuchtsdelle']"
gären,['Nassgärung']
Lenz,"['Nasslenze', 'Wasserlenze']"
Pullover,"['Naturpullover', 'Rollpullover']"
hinaus,"['Nebenhinaus', 'Nebenhinausgockerer']"
Bimbo,"['Negerbimber', 'Negerbimbo']"
Pipe,"['Negerpiper', 'Negerpipes', 'Niggerpipes']"
Säge,"['Nervensäge', 'Säge']"
Flucht,['Nestflüchter']
knotschen,"['Nestknitscher', 'Schneeknatsch']"
paar,"['Nestpaar', 'Schwalbenpaar', 'Taubenpaar']"
Quappe,"['Nestquapp', 'Nestquappch', 'Nestquappchen', 'Nestquäpplein', 'Nächtquäpplein']"
Butzen,['Netzbutzel']
Anlage,"['Neuanlage', 'Neuansaat', 'Selbsttränkanlage', 'Tränkanlage', 'Wiesenneuanlage']"
gewöhnen,['Neugewöhnin']
Wunsch,"['Neujahrwünschen', 'Wunsch']"
klug,"['Neunmalkluge', 'Neunmalkluger']"
können,"['Nichtskönner', 'Nichtskönnerin']"
taugen,"['Nichtstauger', 'Nichtstaugerin', 'Nichtstaugerlein', 'Nichtstaugeter', 'Nichtstäuger']"
Nickel,['Nickel']
satt,['Nimmersatt']
Groschen,['Notgroschen']
wallen,['Nudelwaller']
walgen,"['Nudelwälger', 'Teigwälger', 'Wargelein']"
Null,['Null']
Läffe,['Nussläffe']
Gaj,['Nuttengaj']
Nelke,['Nägelein']
darüber,"['Obendrüber', 'Überunddrüber', 'Überunddrüberer', 'Überunddüber']"
Ambach,['Oberambacher']
Gegend,"['Obstgegend', 'Strichgegend']"
glimmen,['Ofenglimmen']
Hölle,['Ofenhölle']
Knie,"['Ofenknie', 'Ofenknielein', 'Ofenrohrknie', 'Rohrknie', 'Schlotterknie', 'Säuknie']"
blinken,['Ohrblinkelein']
Clip,['Ohrenclip']
schnellen,['Ohrenschneller']
Watsche,"['Ohrenwaschel', 'Ohrenwaschlein', 'Ohrenwatschel', 'Ohrenwatschlein', 'Ohrwasche', 'Ohrwaschel', 'Ohrwascheln', 'Ohrwaschlein', 'Ohrwaschtel', 'Ohrwatschel', 'Ohrwatschlein', 'Ohrwätschel', 'Säuwaschel', 'Säuwaschlein', 'Watschel']"
Feige,['Ohrfeige']
Express,['Orientexpress']
Preuße,"['Ostpreuße', 'Saupreuße', 'Streitpreuß', 'Streitpreuße']"
wichtig,"['Pampeleinwichtig', 'Pimpeleinswichtig', 'Pimpeleinwichtig', 'Pimpeleinwichtiger', 'Pimpelwichtig', 'Pimperleinwichtig', 'Pimperlwichtig']"
Ritter,"['Pantoffelritter', 'Pedalritter']"
knüllen,['Papierknüll']
Faser,"['Pappelfaser', 'Wollfaser']"
Johanna,['Pappelhanna']
Podex,['Pappelpopolein']
papp,['Papper']
Krieg,"['Parteienkrieg', 'Schwedenkrieg']"
Grotte,['Patakengrotte']
Brief,['Patenbrief']
noster,['Paternoster']
Büttel,"['Patschbüttel', 'Patschebüttel', 'Patscherbüttel']"
Volk,"['Pechvolk', 'Weibervolk']"
pfitzen,"['Peitschenpfitze', 'Pfitzer', 'Pfitzerlein']"
Rappel,"['Pelzrapp', 'Putzrappel']"
Graf,['Pfalzgraf']
Pfampf,['Pfampf']
Panne,"['Pfannel', 'Reifenpanne']"
Deputat,['Pfarrdeput']
Pfarrschnur,['Pfarrschnur']
Club,['Pfeifenclub']
Heinricht,['Pfeifenheini']
Lunte,['Pfeifenlunte']
Dudel,['Pflentschdudel']
pfletschen,['Pflotsche']
Grindel,['Pfluggrindel']
Reh,"['Pflugreh', 'Pflugsreh', 'Schmalreh']"
Riester,"['Pflugriester', 'Pflugsriester']"
Gred,['Pflugsgred']
#?pfluntschig,['Pfluntsch']
Gobel,['Pfrutschengobel']
pfusen,['Pfusen']
Pik,['Pik']
Bonbon,['Pissrinnenbonbon']
Plage,['Plage']
Sebastian,"['Plattenwastel', 'Schnurrenwastel']"
hullern,"['Platzhuller', 'Scheehullern', 'Schneehuller']"
Patrone,['Platzpatrone']
Schramme,['Platzschramme']
Boy,['Playboy']
Plarre,['Plärre']
Pole,"['Poli', 'Verreckbalgpolack', 'Wasserpolake']"
Creme,"['Pomadencreme', 'Schmiercreme', 'Schuhcreme', 'Schuhputzcreme', 'Schühcreme', 'Wichscreme']"
Geck,['Pomadengeck']
Poussage,['Poussage']
tuch,"['Poussiertuch', 'Poussiertüchelchen', 'Poussiertüchlein', 'Schmeckertüchlein', 'Schnupftüchlein']"
Pratsche,['Pratsche']
Klafter,['Prügelklafter']
Strafe,['Prügelstrafe']
Louis,['Pufflouis']
stück,['Pumpenstück']
Margarete,"['Puppengrete', 'Waschgretel']"
halb,['Puppenhalbe']
Zier,['Puppenzierlein']
Eifer,['Putzeifer']
Fimmel,"['Putzfimmel', 'Putzfummel', 'Scheuerfimmel']"
Rummel,['Putzrummel']
Schote 2,['Putzschote']
Spleen,"['Putzspleen', 'Splint']"
Wahn,['Putzwahn']
päppern,['Päpperlein']
Dienst,['Pätscheldienst']
Quacksalber,['Quacksalber']
strippen,['Quasselstrippe']
pelzen,['Queckenpelzer']
Quecksilber,['Quecksilber']
Ader,"['Quellader', 'Sandader', 'Wasserader']"
Nachtigall,['Rabtigall']
Schwester,['Radauschwester']
radieren,['Radler']
fummeln,"['Radsefummel', 'Radselfummel', 'Radserfummel', 'Radsifummel']"
fuzeln,['Radsifutz']
Speiche,['Radspeiche']
rappeln,['Raffler']
Randefug,['Randefug']
Range,"['Range', 'Ranges']"
Pansen,['Ranzen']
Garde,['Ranzengarde']
Training,['Ranzentraining']
Rage,['Rasche']
Harsch,['Raschel']
Klinge,['Rasierklinge']
Bautz,['Raubautzeter']
Bazi,['Raubazi']
bolzen,['Raubolz']
Dunst,"['Rauchdunst', 'Raucherdunst', 'Tabaksdunst', 'Wasserdunst', 'Zigarettendunst', 'Zigarrendunst']"
Frost,['Rauchfrost']
Kringel,['Rauchkringel']
Wolke,"['Rauchwolke', 'Rauchwolken', 'Schneegewölk', 'Schneewolke', 'Schneewölklein', 'Schäfchenwolke', 'Schäferwolken']"
bald,['Raufbold']
Kapelle,['Raunzkapelle']
Raup,"['Raup', 'Raupe', 'Räuplein']"
Zauber,['Raureifzauber']
Anwalt,['Rechtsanwalt']
Gau,"['Regnitzgau', 'Untergäuer']"
Tal,"['Regnitztaler', 'Steinachtaler', 'Taler']"
herein,['Reinschlagen']
begleiten,['Reisebegleiterin']
vertreten,['Reisevertreter']
Bürde,['Reisigbürde']
Zanke,"['Reisigzanken', 'Zecke']"
Turnier,"['Reiterturnier', 'Ritterturnier']"
Fach,['Riegelfach']
Geweih,['Riesengeweih']
Schlunz,['Rinderschlaunze']
Talg,['Rindertalg']
Pitz,['Rindspitz']
Strieme,['Ringelstriemen']
Gestalt,['Rockgestalt']
Buck,"['Rodelbuck', 'Schlittenbuck', 'Winterbuck']"
roh,['Rohgeriebene']
krepieren,['Rohrkrepierer']
krumm,['Rohrkrümmung']
Andacht,['Rosenkranzandacht']
Perle,"['Rosenkranzperle', 'Wasserperle']"
Metzger,['Rossmetzger']
Erle,"['Roterle', 'Roterlein', 'Schwarzerle', 'Wassererle', 'Weißerle', 'Weißerlein']"
Schecke,['Rotschecke']
Sperk,['Rotsperk']
Bommel,['Rotzbommel']
Flank,['Rotzflanken']
Pause,"['Ruhepause', 'Schnaufpause', 'Vesperpause']"
Gaden,"['Rädergaden', 'Schafgaden', 'Schneegaden']"
Pistole,"['Räuberpistole', 'Spritzpistole', 'Wasserpistole']"
Taxi,['Räubertaxi']
Röhre,['Röhre']
rüsen,"['Rüssel', 'Rüsselein', 'Saugrüssel']"
Pumser,"['Saatpumser', 'Saupumser']"
Ursula,"['Sagursel', 'Streitursel']"
Salweide,['Salweide']
Salz,"['Salzdüppchen', 'Salzdüppel', 'Zwetschgengesälz', 'Zwetschgensalze']"
Hering,['Salzhering']
Hutte,['Salzhutte']
Kürbe,"['Salzkürbe', 'Salzkürbelein', 'Salzkürblein']"
Pott,['Salzpott']
Samstag,['Samstag']
Knock,"['Sandknock(en)', 'Steinknock', 'Steinknocken']"
Gewände,"['Sandsteingewände', 'Türangelgewändlein', 'Türgewand', 'Türgewände']"
Leib,"['Sandsteinleibung', 'Schnürleib']"
nett,['Sasonettelein']
Forelle,['Satzforelle']
Atem,['Sauatem']
Batz,['Saubatz']
Bayern,['Saubayern']
Büffel,['Saubüffel']
Durst,"['Saudurst', 'Säudurst']"
Ampfer,"['Sauerampfer', 'Sauerampferer']"
Braten,"['Sauerbraten', 'Schweinebraten']"
Weichsel,"['Sauerweichsl', 'Süßweichsel']"
Kumpan,['Saufkumpan']
garstig,['Saugarst']
Grant,['Saugrant']
grunzen,['Saugrunzen']
Nabel,['Saunabel']
Pletz,['Saupletz']
Rasse,['Saurasse']
Rüssel,"['Saurüssel', 'Saurüsselein', 'Schneckenrüssel', 'Schweinerüssel', 'Schweinsrüssel', 'Säurüssel', 'Säurüsselein', 'Unterrüssel', 'Wühlrüssel']"
Fessel,"['Schaffessel', 'Schnürfessel', 'Strickfessel']"
Koben,['Schafkoben']
Leder,['Schafleder']
Scheuer,"['Schafscheuer', 'Schafscheuere']"
Scheune,['Schafscheune']
blöken,['Schafsgeblök']
Zagel,"['Schafzagel', 'Schopfzagel']"
Hang,"['Schattenhang', 'Winterhang']"
Amorelle,['Schattenmorelle']
Feim,['Schaumfeimer']
Katarrh,['Scheidenkatarrh']
Schleier,['Schelfenschleier']
schepp,['Scheppere']
Scher,['Scher']
Deichsel,"['Scherdeichsel', 'Steckdeichsel', 'Waagdeichsel', 'Wagendeichsel']"
Glied,['Scherglied']
Tenne,"['Scheueretenne', 'Scheuertenn', 'Scheuertenne', 'Stadelstenner', 'Stadeltenne', 'Stadeltenner']"
Figur,"['Schießbudenfigur', 'Schneefigur']"
Schinderhannes,['Schinderhannes']
Mähre,['Schindmähre']
Tablette,['Schlaftabletten']
wandeln,"['Schlafwandler', 'Traumwandler']"
Schlauder,"['Schlauder', 'Tragschlaudere(n)']"
Sohle,"['Schlittensohle', 'Schuhsohle', 'Tappensohle']"
Kapuze,['Schlotfegerskapuze']
impfen,['Schluckimpfung']
schlamp,['Schlumpel']
Bucht,['Schlupfbucht']
schmanzen,['Schmanzer']
Schmarre,['Schmarre']
Weifen,['Schmarrerwaffel']
Seife,['Schmierseife']
Leine,['Schmirgelleine']
Schmiss,['Schmiss']
ab,['Schnappab']
Bast,"['Schnappbastel', 'Schnitzbastel', 'Schuhbastel']"
Schnappe,"['Schnappe', 'Schnippe', 'Schnäppelein', 'Schnäpper']"
Buttel,['Schnapsbuddel']
Dohle,['Schnapsdohle']
Pulle,['Schnapspulle']
Adler,['Schneeadler']
bletzen,"['Schneeballenbletzen', 'Zigarettenbletzer', 'Zigarrensbletzer']"
blenden,"['Schneeblende', 'Sonnenblende']"
blinzeln,['Schneeblinzler']
Flocke,"['Schneeflocke', 'Schneeflöckchen', 'Schneeflöcklein']"
Mansch,"['Schneegemansch', 'Schneemansch']"
knirschen,['Schneeknirschen']
Krusch,['Schneekrutsche']
Lawine,['Schneelawine']
Rugel,"['Schneerudel', 'Schneerugel']"
schürgen,['Schneeschürge']
Stollen,['Schneestollen']
Sülze,['Schneesulze']
walken,['Schneewalger']
wehen,['Schneewehe']
Hürde,['Schneewehenhürde']
Schneid,['Schneid']
Lauch,['Schnittlauch']
Putzi,"['Schnuckiputz', 'Schnuckiputzi']"
schnuppen,['Schnupper']
Schnäpfe,['Schnäpfe']
Christa,['Schnürpfelchrista']
Stätte,['Schoberstätte']
Fetzer,"['Schoppenfetzer', 'Schoppenpfetzer']"
Karre,['Schoßkarre']
Pframpf,['Schrotpframpf']
Ahle,"['Schuhahle', 'Schuhnal', 'Schusterahle', 'Schustersahle', 'Stechahle']"
Paste,['Schuhpaste']
Spray,['Schuhspray']
Anna,"['Schulanna', 'Seichannel']"
Kamarad,['Schulkameradin']
lehren,['Schullehrer']
Rosa,['Schulrosa']
Schuppe,['Schuppen']
Hecht,['Schusshecht']
Pfriem,['Schusterpfriem']
Schwall,['Schwall']
Spore,['Schwammspore']
Kiefer,['Schwarzkiefer']
Schwede,['Schwede']
Schweif,['Schweif']
Verbrechen,['Schwerverbrecher']
Schragen,['Schönschrager']
eichen,"['Schöpfeich', 'Seideleich']"
Kupfer,"['Schöpfküpfer', 'Wasserküpferlein']"
schupfen,['Schüpf']
Weste,"['Sechswestenwaffel', 'Strickweste']"
Trompete,"['Seelentrompeter', 'Stadttrompete']"
Trost,"['Seelentröster', 'Witwentröster']"
Löwe,['Seelöwe']
Nix,"['Seenixe', 'Wassernixe']"
Christine,['Seichchristel']
Karolina,"['Seichlina', 'Stelzenlina']"
Pfuhl,"['Seichpfuhl', 'Säupfuhl']"
poltern,['Seichpolter']
Riese,['Seichriese']
Wurf,['Senselwurf']
Wurz,['Senselwurze']
Angel,['Sensenangel']
Heft,['Sensenheft']
Schloss,['Sensenschloss']
Ranges,"['Setzrangel', 'Setzrangese', 'Setzrangeslein']"
Bombe,"['Sexbombe', 'Sturzbomber']"
sieben,"['Sieben', 'Siebensäcklein']"
sieben (Zahl),['Siebenmeilenstiefel']
Siede,['Siede']
Hupe,['Signalhupe']
simulieren,['Simmlierer']
Witz,"['Sinnenwitz', 'Vorwitz', 'Vorwitzige', 'Vorwitziger']"
frisch,"['Sommerfrische', 'Winterfrische']"
Spross,"['Sommersprosse', 'Sommersprössel', 'Sonnensprosse', 'Sprössling']"
Weizen,"['Sommerweizen', 'Winterweizen']"
Fächer,['Sonnenfächer']
sotan,['Sotterer']
Jockel,"['Sparrenjockel', 'Sparrensjockel']"
scharf,['Spatenschärfe']
Gedächtnis,['Spatzengedächtnis']
Meise,['Spechtmeise']
Nacken,"['Specknacken', 'Stiernacken']"
Strähne,['Specksträhne']
glatt,['Spiegelglättung']
verderben,['Spielverderber']
Wachtel,['Spinatwachtel']
Spilling,['Spindel']
kauen,"['Spinnenkauer', 'Spinnenkäuer']"
Morchel,"['Spitzmorchel', 'Stinkmorchel', 'Stockmorchel']"
Patent,['Spratzpatent']
Sprieß,"['Sprieß', 'Sprieße']"
Marmelade,"['Stachelbeermarmelade', 'Zweifruchtmarmelade', 'Zwetschgenmarmelade']"
pumpern,['Stadterpumper']
Pomeranze,['Stadtpomeranze']
ruschen,['Stadtruspel']
schlanken,['Stadtschlankel']
Schnickel,['Stadtschnickel']
Vettel,"['Stadtvettel', 'Streitvettel']"
Funzel,"['Stallfunzel', 'Tranfunzel', 'Tranfunzler', 'Traumfunzel', 'Ölfunzel']"
gebühren,['Stallgebühr']
Leonhard,['Stangenloidel']
Kober,"['Starelkober', 'Starenkober']"
Stufe,['Staustufe']
Kontakt,['Steckkontakt']
Halde,['Steinhalde']
knacken,['Steinknacker']
Kohle,['Steinkohlenwagen']
rasseln,['Steinrassel']
Siegel,['Steinsiegel']
mitteln,['Stellenvermittler']
Otto,['Stelzenotto']
sanft,['Sterbesanft']
sonst,['Sterbesonst']
Stinkadores,['Stinkadores']
Drüse,['Stinkdrüse']
Kloben,['Stinkkloben']
Böhme,['Stockböhme']
Chistoph,['Stoffel']
alber,"['Stolzalber', 'Stolzalberer', 'stolzalberer']"
Wit,"['Stopfwitwer', 'Strohsackwitwer', 'Strohwitwe', 'Strohwitwer']"
stamm,['Strammer']
Haubitze,['Strandhaubitze']
falzen,['Strangfalz']
Böschung,['Straßenböschung']
Leiche,"['Streberleiche', 'Wasserleiche']"
Fall,"['Streitfall', 'Trauerfall']"
Fageln,['Streufageln']
Moos,['Streumoosig']
Schrenze,['Streuschrenze']
Bols,['Strohbols']
Feime,['Strohfeime']
schlichten,['Strohschlichter']
stumm,['Stummelein']
lästern,['Stupfellästern']
schürfen,"['Stupfelschärfeln', 'Stupfelschürfen']"
stur,['Sturer']
Ständel,"['Ständel', 'Ständelein', 'Tränkständel']"
privat,['Stöckeleinsprivatier']
Christoffel,['Stöff']
Stöpsel,['Stöpsel']
Frieden,['Störenfried']
Friede,['Störensfried']
allerlei,['Suppenallerlei']
Sutter,['Sutter']
Kur,['Sympathiekur']
grätschen,['Sägespänegrätsche']
Sange,['Sänglein']
Bergel,['Säubergel']
Mok,['Säumok']
Zehe,"['Säuzehe', 'Säuzehlein']"
west,['Südwester']
Qualm,"['Tabakqualm', 'Zigarettenqualm', 'Zigarrenqualm', 'Zigarrensqualm', 'Zigarrettenqualm', 'Zigarrsqualm']"
Girlande,['Tannengirlande']
Saal,"['Tanzsaal', 'Wirtschaftssaal', 'Wirtssaal']"
tatter,"['Tattel', 'Tatter']"
Greis,['Tattergreis']
Bert,['Taubbertel']
Dödel,['Taubdödel']
foppen,['Taubenfopper']
Fugger,"['Taubenfugger', 'Taubenfuggerer']"
rucken,"['Taubengruckerer', 'Taubengruckser', 'Taubenruckerer']"
gurren,"['Taubengurrer', 'Taubengurri', 'Tubengurrer']"
Junker,['Taubenjunker']
kippern,"['Taubenkipper', 'Taubenkipperer']"
Mosche,['Taubenmosche']
Mose,['Taubenmose']
Pascha,['Taubenpascha']
schachern,['Taubenschacherer']
Symbol,['Taubensymbol']
Mine,['Tellerminen']
wirr,"['Tennengewirr', 'Zusammengewirrtes', 'Ästegewirr']"
Zacken,"['Teufelszacke', 'Winterzacken']"
Qual,['Tierquälerei']
Klecks,"['Tintenkleckser', 'Vollkleckser']"
Kuli,['Tintenkuli']
Feind,"['Todfeind', 'Weiberfeind']"
Sünde,['Todsünde']
klagen,"['Totenklage', 'Wehklage']"
Horex,['Trampelhorex']
deuten,"['Traumdeuter', 'Traumdeuterei', 'Traumdeutung']"
dosen,['Traumduselein']
Fibel,['Traumfibel']
Trutsche,"['Traumtrutschelein', 'Trutschelein']"
Zeuge,['Trauzeuge']
Tresp,['Tresp']
Limousine,['Tretlimousine']
Mercedes,['Tretmercedes']
sporzen,['Trinkweinspetzer']
Mulde,['Tropfmulde']
Trott,['Trottel']
träge,['Träger']
Trämpelein,['Trämpelein']
dudeln,['Träumdudel']
turteln,"['Turteltäubchen', 'Turteltäublein']"
Pippel,['Türkenpippel']
Plombe,['Türplombe']
Ulm,['Ulmer']
bücken,['Umbück']
sicher,['Unschicher']
Partner,['Unterhaltungspartner']
unser,['Vaterunser']
Gangster,['Verbrecher']
Larve,['Verbrecherlarve']
Maske,['Verbrechermaske']
Physiognomie,['Verbrecherphysiognomie']
Projekt,['Vermittlungsprojekt']
es,['Verstehstdues']
mich,['Verstehstdumich']
Pfund,"['Viertelpfund', 'Viertelpfündlein']"
Kapore,"['Vizekapora', 'Vizekapore']"
Käfig,['Vogelskäfig']
nähren,['Volksnahrung']
Matrose,['Vollmatrose']
gestern,['Vorgestern']
laut,"['Vorlaute', 'Vorlauter']"
daran,['Vorndran']
Spessart,['Vorspessart']
Steigerwald,['Vorsteigerwäldler']
strecken,['Vorstrecker']
Rid,['Waagridschelein']
Scharnier,"['Waagscharnier', 'Waagscharnierel', 'Waagscharnierlein', 'Wagenscharnier', 'Wagenscharnierlein']"
Vorteil,['Waagvorteil']
Wache,['Wache']
pichen,['Wachspichel']
Funsel,['Wagenfunzel']
Plane,['Wagenplane']
bloß,"['Waldblöße', 'Winterblöße']"
Champignon,['Waldchampignon']
Fron,['Waldfroner']
Polizei,['Waldpolizei']
#Wange,['Wange']
Brente,['Waschbrenklein']
Lavoir,['Waschlavoir']
Blatter,['Wasserblatter']
ducken,['Wasserduckerlein']
Gatze,['Wassergatze']
Grand,"['Wassergrand', 'Wassergrandel', 'Wassergrandlein', 'Wassergrändlein']"
Hornisse,['Wasserhornessel']
Pfau,['Wasserpfau']
Runse,"['Wasserrunse', 'Wasserrunsel']"
Schoss,['Wasserschoss']
Sabastian,['Wastel']
zanken,['Weibergezänk']
makeln,['Weibermakler']
verrückt,['Weiberverrückter']
Schmeiß,['Weibsbildergeschmeiß']
Rahm_2,"['Weidenrahm', 'Weidenrähmlein']"
Bischof,['Weihbischof']
Knaster,['Weingartsknaster']
mixen,['Weinmixer']
Kleie,['Weizenkleie']
gickern,['Welschergieker']
Klamotten,['Werktagklamotten']
Urkunde,['Werturkunde']
gerben,['Wettergegerbter']
hallen,['Widerhall']
heiapopeia,['Wiegepeia']
Knappe,['Wildbretsknappe']
stehlen,['Wildbretstehler']
Heide,['Wildheidel']
Kür,['Willkür']
Bö,['Windbö']
Machen,['Windmacher']
Windsheim,['Windsheimer']
spreiten,['Windspreiter']
Spreuder,"['Windspreuder', 'Windspreuderer']"
spräheln,['Windsprähel']
Klause,['Winterklause']
zZucht,['Wispelzüchter']
August,['Wissergustel']
Mampf,['Wurstmampfer']
Schnude,['Wurstschnüdel']
tilgen,['Wurstvertilger']
wu,['Wuwu']
fläuen,"['Wäschefläudern', 'Wäschfläue']"
mangen,"['Wäschemang', 'Wäschemangel']"
Manne,['Wäschmanne']
Scheich,"['Wüstenscheich', 'Ölscheich']"
stumpf,['Zahnstumpfen']
Bajazzo,['Zappelbajazzo']
Philipp,['Zappelphilipp']
Zeiserbiller,['Zeiserbiller']
Mief,"['Zigarettenmief', 'Zigarrenmief']"
Tobel,"['Zigarettentobel', 'Zigarrentobel', 'Zigarrettentobel']"
Linde,['Zimmerlinde']
zeppern,"['Zipper', 'Zipperlein']"
Melisse,['Zitronenmelisse']
Pinkel,['Zornpinkel']
büßen,['Zubuße']
zucken,['Zucker']
zuzeln,['Zuckerzuzel']
drein,['Zudrein']
Fleiß,['Zufleiß']
Reise,['Zugereiste']
wandern,['Zugewanderter']
Salbe,['Zugsalbe']
Kaffer,['Zulukaffer']
blecken,['Zungenblecker']
zurück,['Zurückgezogener']
schrumpfen,['Zusammengeschrumpfte']
zusammen,['Zusammengezogenes']
kopulieren,['Zusammenkopulierter']
meren,"['Zusammenmeri', 'einmeren']"
#schlagen,['Zusammenschlauen']
treffen,['Zusammentreffen']
zwei,"['Zweisel', 'Zwille']"
Zobel,['Zöbelein']
Zudel,['Züdel']
miserabel,['hundsmiserabel']
grob,['spinnengrob']
Farbe,['Ölfarbe']
Sardine,['Ölsardine']
seilen,['Überseiler']
darüben,"['Überunddüben', 'Überundüber']"
zwerch,['Überzwerch']
